date,up4,dn4,ratio5,ratio10,up25qtr,dn25qtr,up25month,dn25month,up50month,dn50month,up13_34,dn13_34,universe,t2108,sp500,year,freshness_ratio,euphoria_ratio,acceleration_ratio,damage_ratio,monthly_momentum,trend_stage,sp500_fwd5,sp500_fwd10,sp500_fwd20,fresh_decile,euph_zone,accel_zone,mm_zone,damage_zone
2014-12-01,87,615,0.14,0.14,650,696,53,120.0,9,7,1501,915.0,6194,56.52,2053.44,2015,0.08153846153846153,0.16981132075471697,2.309230769230769,1.0707692307692307,0.44166666666666665,EXHAUSTION,0.0033456054230949217,-0.031074684431977584,0.013104838709677269,3,NORMAL (15-25%),STRONG ACCEL (>1.5),NEGATIVE (<1x),EXTREME (>1.0)
2014-12-02,133,74,0.32,0.32,722,667,65,118.0,10,5,1516,873.0,6196,59.7,2066.55,2015,0.09002770083102493,0.15384615384615385,2.0997229916897506,0.9238227146814404,0.5508474576271186,EXHAUSTION,-0.0032566354552273635,-0.04539449807650442,-0.003701821877041489,4,NORMAL (15-25%),STRONG ACCEL (>1.5),NEGATIVE (<1x),HIGH (0.7-1.0)
2014-12-03,162,55,0.51,0.51,797,621,75,80.0,9,4,1544,826.0,6201,62.16,2074.33,2015,0.09410288582183186,0.12,1.9372647427854455,0.7791718946047679,0.9375,EXHAUSTION,-0.02323159767250138,-0.02961920234485349,-0.007776004782267143,4,LOW (<15%),STRONG ACCEL (>1.5),NEGATIVE (<1x),HIGH (0.7-1.0)
2014-12-04,84,165,0.51,0.51,776,643,85,103.0,7,7,1383,885.0,6201,59.21,2071.92,2015,0.1095360824742268,0.08235294117647059,1.782216494845361,0.8286082474226805,0.8252427184466019,EXHAUSTION,-0.017659948260550618,-0.005159465616433101,-0.02477894899416977,5,LOW (<15%),STRONG ACCEL (>1.5),NEGATIVE (<1x),HIGH (0.7-1.0)
2014-12-05,138,104,0.6,0.6,836,639,86,98.0,10,8,1385,868.0,6204,58.61,2075.37,2015,0.10287081339712918,0.11627906976744186,1.6566985645933014,0.7643540669856459,0.8775510204081632,EXHAUSTION,-0.035193724492500134,-0.002274293258551441,-0.03505880879072165,5,LOW (<15%),STRONG ACCEL (>1.5),NEGATIVE (<1x),HIGH (0.7-1.0)
2014-12-08,50,534,0.61,0.42,744,713,74,177.0,8,21,1145,1014.0,6204,54.12,2060.31,2015,0.09946236559139784,0.10810810810810811,1.538978494623656,0.9583333333333334,0.4180790960451977,EXHAUSTION,-0.03430551713091712,0.008848183040416346,-0.016701370182157005,4,LOW (<15%),STRONG ACCEL (>1.5),NEGATIVE (<1x),HIGH (0.7-1.0)
2014-12-09,254,61,0.75,0.56,862,656,82,145.0,12,13,1313,904.0,6205,55.2,2059.82,2015,0.0951276102088167,0.14634146341463414,1.523201856148492,0.7610208816705336,0.5655172413793104,EXHAUSTION,-0.04227553863929867,0.01085046266178602,0.0011263120078452982,4,LOW (<15%),STRONG ACCEL (>1.5),NEGATIVE (<1x),HIGH (0.7-1.0)
2014-12-10,42,364,0.46,0.48,702,726,74,195.0,11,16,910,1085.0,6206,45.06,2026.14,2015,0.10541310541310542,0.14864864864864866,1.2962962962962963,1.0341880341880343,0.37948717948717947,EXHAUSTION,-0.006539528364278846,0.02751043856791724,0.009214565627251758,5,LOW (<15%),ACCELERATING (1.2-1.5),NEGATIVE (<1x),EXTREME (>1.0)
2014-12-11,122,117,0.51,0.51,730,713,67,193.0,11,18,917,1102.0,6247,44.6,2035.33,2015,0.09178082191780822,0.16417910447761194,1.2561643835616438,0.9767123287671233,0.3471502590673575,EXHAUSTION,0.012725209179838215,0.02625618450079359,-0.003473638181523353,4,NORMAL (15-25%),ACCELERATING (1.2-1.5),NEGATIVE (<1x),HIGH (0.7-1.0)
2014-12-12,84,226,0.42,0.5,680,744,70,176.0,10,17,803,1215.0,6254,35.82,2002.33,2015,0.10294117647058823,0.14285714285714285,1.1808823529411765,1.0941176470588236,0.3977272727272727,EXHAUSTION,0.034120249908856204,0.04406866001108711,0.010337956280932703,5,LOW (<15%),SLIGHT ACCEL (1.0-1.2),NEGATIVE (<1x),EXTREME (>1.0)
2014-12-15,62,378,0.49,0.54,632,791,57,221.0,10,26,646,1342.0,6253,29.74,1989.63,2015,0.09018987341772151,0.17543859649122806,1.0221518987341771,1.2515822784810127,0.2579185520361991,EXHAUSTION,0.04468670054231172,0.04559641742434506,0.010876394103426223,4,NORMAL (15-25%),SLIGHT ACCEL (1.0-1.2),NEGATIVE (<1x),EXTREME (>1.0)
2014-12-16,139,152,0.36,0.53,598,798,54,206.0,9,1,619,1360.0,6256,26.86,1972.74,2015,0.0903010033444816,0.16666666666666666,1.0351170568561874,1.334448160535117,0.2621359223300971,EXHAUSTION,0.05547107069355306,0.04367529426077432,0.010102699798250292,4,NORMAL (15-25%),SLIGHT ACCEL (1.0-1.2),NEGATIVE (<1x),EXTREME (>1.0)
2014-12-17,531,35,1.03,0.71,787,687,66,136.0,12,6,879,1110.0,6228,37.48,2012.89,2015,0.08386277001270648,0.18181818181818182,1.1168996188055909,0.8729351969504447,0.4852941176470588,EXHAUSTION,0.03427410340356407,0.02250992354276682,0.003244091828167539,3,NORMAL (15-25%),SLIGHT ACCEL (1.0-1.2),NEGATIVE (<1x),HIGH (0.7-1.0)
2014-12-18,308,50,1.34,0.86,907,624,90,123.0,21,5,1053,973.0,6262,46.51,2061.23,2015,0.09922822491730982,0.23333333333333334,1.1609702315325248,0.6879823594266814,0.7317073170731707,EXHAUSTION,0.013360954381607115,-0.019721234408581312,-0.01876549438927244,4,NORMAL (15-25%),SLIGHT ACCEL (1.0-1.2),NEGATIVE (<1x),ELEVATED (0.5-0.7)
2014-12-19,325,111,1.88,0.95,975,583,82,112.0,20,6,1141,912.0,6266,49.76,2070.65,2015,0.0841025641025641,0.24390243902439024,1.1702564102564104,0.597948717948718,0.7321428571428571,EXHAUSTION,0.009620167580228545,-0.032859247096322486,-0.01860768357762066,3,NORMAL (15-25%),SLIGHT ACCEL (1.0-1.2),NEGATIVE (<1x),ELEVATED (0.5-0.7)
2014-12-22,79,77,3.25,1.24,996,575,79,136.0,18,10,1138,914.0,6263,50.58,2078.54,2015,0.07931726907630522,0.22784810126582278,1.142570281124498,0.5773092369477911,0.5808823529411765,EXHAUSTION,0.0008708035447957396,-0.025325468838704013,-0.007404235665418923,3,NORMAL (15-25%),SLIGHT ACCEL (1.0-1.2),NEGATIVE (<1x),ELEVATED (0.5-0.7)
2014-12-23,100,141,3.24,1.09,1028,564,69,118.0,12,7,1133,893.0,6262,52.3,2082.17,2015,0.06712062256809338,0.17391304347826086,1.1021400778210118,0.5486381322957199,0.5847457627118644,EXHAUSTION,-0.011175840589385144,-0.00961977168050654,-0.01457613931619417,2,NORMAL (15-25%),SLIGHT ACCEL (1.0-1.2),NEGATIVE (<1x),ELEVATED (0.5-0.7)
2014-12-24,37,8,2.19,1.38,1040,564,70,116.0,15,6,1135,851.0,6261,51.69,2081.88,2015,0.0673076923076923,0.21428571428571427,1.0913461538461537,0.5423076923076923,0.603448275862069,EXHAUSTION,-0.011374334735911873,-0.017806021480584966,-0.011907506676657631,2,NORMAL (15-25%),SLIGHT ACCEL (1.0-1.2),NEGATIVE (<1x),ELEVATED (0.5-0.7)
2014-12-26,139,48,1.77,1.47,1122,537,69,104.0,13,5,1233,791.0,6261,53.75,2088.77,2015,0.06149732620320856,0.18840579710144928,1.0989304812834224,0.4786096256684492,0.6634615384615384,EXHAUSTION,-0.032646006980184494,-0.02896920197053765,-0.02835161362907357,1,NORMAL (15-25%),SLIGHT ACCEL (1.0-1.2),NEGATIVE (<1x),MODERATE (0.3-0.5)
2014-12-29,121,119,1.21,1.65,1116,548,78,66.0,15,6,1256,817.0,6262,52.89,2090.57,2015,0.06989247311827956,0.19230769230769232,1.125448028673835,0.4910394265232975,1.1818181818181819,EXHAUSTION,-0.04207464949750561,-0.03230697847955355,-0.04228990179711756,2,NORMAL (15-25%),SLIGHT ACCEL (1.0-1.2),WEAK (1-2x),MODERATE (0.3-0.5)
2014-12-30,98,91,1.22,2.26,1083,552,89,45.0,18,2,1190,817.0,6263,53.03,2080.35,2015,0.08217913204062789,0.20224719101123595,1.0987996306555863,0.5096952908587258,1.9777777777777779,EXHAUSTION,-0.026173480423967055,-0.03320595092171985,-0.028408681231523514,3,NORMAL (15-25%),SLIGHT ACCEL (1.0-1.2),WEAK (1-2x),ELEVATED (0.5-0.7)
2014-12-31,111,60,1.55,2.5,1071,531,76,40.0,15,1,1127,816.0,6263,49.53,2058.9,2015,0.07096171802054155,0.19736842105263158,1.0522875816993464,0.4957983193277311,1.9,EXHAUSTION,0.0015736558356402863,-0.03216766234397006,-0.031040847054252363,2,NORMAL (15-25%),SLIGHT ACCEL (1.0-1.2),WEAK (1-2x),MODERATE (0.3-0.5)
2015-01-02,108,52,1.56,1.88,1051,485,67,33.0,14,2,1128,762.0,6264,50.63,2058.2,2015,0.06374881065651761,0.208955223880597,1.0732635585156993,0.461465271170314,2.0303030303030303,EXHAUSTION,-0.006505684578758109,-0.018841706345350206,-0.0181469244971334,1,NORMAL (15-25%),SLIGHT ACCEL (1.0-1.2),MODERATE (2-3x),MODERATE (0.3-0.5)
2015-01-05,104,444,0.71,1.06,894,550,73,38.0,19,2,903,911.0,6260,38.8,2020.58,2015,0.08165548098434004,0.2602739726027397,1.0100671140939597,0.6152125279642058,1.9210526315789473,EXHAUSTION,0.003800888853695561,0.0009749675835650784,0.014575023013194466,3,ELEVATED (25-35%),SLIGHT ACCEL (1.0-1.2),WEAK (1-2x),ELEVATED (0.5-0.7)
2015-01-06,94,288,0.55,0.75,798,591,55,46.0,14,3,746,1069.0,6260,33.96,2002.61,2015,0.06892230576441102,0.2545454545454545,0.9348370927318296,0.7406015037593985,1.1956521739130435,EXHAUSTION,0.01019669331522377,0.014735769820384492,0.019424650830666135,2,ELEVATED (25-35%),FLAT (0.8-1.0),WEAK (1-2x),HIGH (0.7-1.0)
2015-01-07,185,66,0.66,0.83,900,572,71,24.0,16,2,862,986.0,6261,40.41,2025.9,2015,0.07888888888888888,0.22535211267605634,0.9577777777777777,0.6355555555555555,2.9583333333333335,EXHAUSTION,-0.007221481810553376,0.018386889777382898,0.018075916876449938,3,NORMAL (15-25%),FLAT (0.8-1.0),MODERATE (2-3x),ELEVATED (0.5-0.7)
2015-01-08,325,48,0.91,1.08,1040,516,68,25.0,13,2,1050,870.0,6261,49.37,2062.14,2015,0.06538461538461539,0.19117647058823528,1.0096153846153846,0.49615384615384617,2.72,EXHAUSTION,-0.03368830438282555,-0.0050045098780876485,-0.0032393532931808133,1,NORMAL (15-25%),SLIGHT ACCEL (1.0-1.2),MODERATE (2-3x),MODERATE (0.3-0.5)
2015-01-09,106,79,0.88,1.07,990,529,87,22.0,13,2,985,936.0,6260,45.51,2044.81,2015,0.08787878787878788,0.14942528735632185,0.9949494949494949,0.5343434343434343,3.9545454545454546,EXHAUSTION,-0.012416801561025204,0.006005447938928432,0.0009438529741150337,3,LOW (<15%),FLAT (0.8-1.0),STRONG (3-5x),ELEVATED (0.5-0.7)
2015-01-12,138,232,1.19,0.94,980,562,80,27.0,19,3,929,1040.0,6260,42.66,2028.26,2015,0.08163265306122448,0.2375,0.9479591836734694,0.573469387755102,2.962962962962963,EXHAUSTION,-0.0028152209282833462,0.0006360131344107511,0.019884038535493476,3,NORMAL (15-25%),FLAT (0.8-1.0),MODERATE (2-3x),ELEVATED (0.5-0.7)
2015-01-13,90,217,1.31,0.86,965,592,81,31.0,19,5,875,1072.0,6260,42.47,2023.03,2015,0.08393782383419689,0.2345679012345679,0.9067357512953368,0.6134715025906736,2.6129032258064515,EXHAUSTION,0.0044932601098353064,-0.010316208855034259,0.022491015951320747,3,NORMAL (15-25%),FLAT (0.8-1.0),MODERATE (2-3x),ELEVATED (0.5-0.7)
2015-01-14,95,133,1.06,0.84,926,609,101,30.0,24,5,874,1117.0,6257,39.81,2011.27,2015,0.10907127429805616,0.2376237623762376,0.9438444924406048,0.6576673866090713,3.3666666666666667,EXHAUSTION,0.025794647163235318,0.004962038910738098,0.03838867978938687,5,NORMAL (15-25%),FLAT (0.8-1.0),STRONG (3-5x),ELEVATED (0.5-0.7)
2015-01-15,70,326,0.51,0.7,770,676,73,38.0,15,7,728,1321.0,6242,36.5,1992.67,2015,0.09480519480519481,0.2054794520547945,0.9454545454545454,0.8779220779220779,1.9210526315789473,EXHAUSTION,0.029683791094360812,0.0011642670386968756,0.05235186960209148,4,NORMAL (15-25%),FLAT (0.8-1.0),WEAK (1-2x),HIGH (0.7-1.0)
2015-01-16,227,50,0.65,0.76,854,600,68,42.0,11,7,919,1005.0,5876,42.84,2019.42,2015,0.07962529274004684,0.16176470588235295,1.076112412177986,0.702576112412178,1.619047619047619,EXHAUSTION,0.018653870913430515,0.000708124114844777,0.04007091144982233,3,NORMAL (15-25%),SLIGHT ACCEL (1.0-1.2),WEAK (1-2x),HIGH (0.7-1.0)
2015-01-20,131,175,0.68,0.91,781,631,54,51.0,9,9,867,1052.0,5876,40.89,2022.55,2015,0.06914212548015365,0.16666666666666666,1.1101152368758003,0.8079385403329066,1.0588235294117647,EXHAUSTION,0.0034609774789251535,0.013586808731551825,0.038135027564213386,2,NORMAL (15-25%),SLIGHT ACCEL (1.0-1.2),WEAK (1-2x),HIGH (0.7-1.0)
2015-01-21,150,124,0.83,1.05,738,618,51,72.0,6,8,858,1052.0,5876,42.11,2032.12,2015,0.06910569105691057,0.11764705882352941,1.1626016260162602,0.8373983739837398,0.7083333333333334,EXHAUSTION,-0.014743223825364526,0.004620790110820172,0.0321486920063776,2,LOW (<15%),SLIGHT ACCEL (1.0-1.2),NEGATIVE (<1x),HIGH (0.7-1.0)
2015-01-22,249,81,1.09,1.08,788,589,51,62.0,11,6,1039,904.0,5878,51.18,2063.15,2015,0.06472081218274112,0.21568627450980393,1.3185279187817258,0.7474619289340102,0.8225806451612904,EXHAUSTION,-0.020308751181445928,-0.00030535831132016966,0.022853403775779713,1,NORMAL (15-25%),ACCELERATING (1.2-1.5),NEGATIVE (<1x),HIGH (0.7-1.0)
2015-01-23,113,107,1.62,0.9,760,582,70,65.0,10,6,1022,908.0,5880,48.84,2051.82,2015,0.09210526315789473,0.14285714285714285,1.3447368421052632,0.7657894736842106,1.0769230769230769,EXHAUSTION,-0.027697361366981532,0.001774034759384202,0.028189607275491912,4,LOW (<15%),ACCELERATING (1.2-1.5),WEAK (1-2x),HIGH (0.7-1.0)
2015-01-26,219,42,1.63,1.0,810,548,76,52.0,11,6,1151,813.0,5880,53.37,2057.09,2015,0.09382716049382717,0.14473684210526316,1.4209876543209876,0.6765432098765433,1.4615384615384615,EXHAUSTION,-0.017617119328760644,-0.005031379278495396,0.028384757108342207,4,LOW (<15%),ACCELERATING (1.2-1.5),WEAK (1-2x),ELEVATED (0.5-0.7)
2015-01-27,114,65,2.02,1.1,761,545,67,60.0,12,7,1137,785.0,5884,51.48,2029.55,2015,0.08804204993429698,0.1791044776119403,1.4940867279894876,0.7161629434954008,1.1166666666666667,EXHAUSTION,0.010090906851272674,0.019235791185238105,0.04154122835111229,3,NORMAL (15-25%),ACCELERATING (1.2-1.5),WEAK (1-2x),HIGH (0.7-1.0)
2015-01-28,60,329,1.21,1.0,636,608,62,73.0,12,7,931,987.0,5886,43.51,2002.16,2015,0.09748427672955975,0.1935483870967742,1.4638364779874213,0.9559748427672956,0.8493150684931506,EXHAUSTION,0.019653773924161788,0.033149198865225715,0.054231430055539764,4,NORMAL (15-25%),ACCELERATING (1.2-1.5),NEGATIVE (<1x),HIGH (0.7-1.0)
2015-01-29,150,99,1.02,1.06,694,591,63,65.0,11,6,1040,889.0,5887,48.45,2021.25,2015,0.09077809798270893,0.1746031746031746,1.4985590778097984,0.8515850144092219,0.9692307692307692,EXHAUSTION,0.020418058132343875,0.0332615955473099,0.04118738404452693,4,NORMAL (15-25%),ACCELERATING (1.2-1.5),NEGATIVE (<1x),HIGH (0.7-1.0)
2015-01-30,95,272,0.79,1.12,591,625,60,83.0,12,7,867,1026.0,5891,41.74,1994.99,2015,0.10152284263959391,0.2,1.467005076142132,1.0575296108291032,0.7228915662650602,EXHAUSTION,0.030310928876836396,0.051128075829953934,0.061353690995944676,5,NORMAL (15-25%),ACCELERATING (1.2-1.5),NEGATIVE (<1x),EXTREME (>1.0)
2015-02-02,225,70,0.77,1.1,623,567,55,72.0,13,6,977,886.0,5894,49.1,2020.85,2015,0.08828250401284109,0.23636363636363636,1.5682182985553772,0.9101123595505618,0.7638888888888888,EXHAUSTION,0.01281144073038587,0.0393349333201376,0.04301655244080482,4,NORMAL (15-25%),STRONG ACCEL (>1.5),NEGATIVE (<1x),HIGH (0.7-1.0)
2015-02-03,465,56,1.2,1.48,680,502,72,51.0,10,5,1159,690.0,5907,62.21,2050.03,2015,0.10588235294117647,0.1388888888888889,1.7044117647058823,0.7382352941176471,1.411764705882353,EXHAUSTION,0.009053526045960325,0.02421915776842276,0.02365819036794581,5,LOW (<15%),STRONG ACCEL (>1.5),WEAK (1-2x),HIGH (0.7-1.0)
2015-02-04,86,97,1.72,1.46,657,537,70,44.0,12,5,1144,770.0,5911,58.47,2041.51,2015,0.106544901065449,0.17142857142857143,1.7412480974124809,0.817351598173516,1.5909090909090908,EXHAUSTION,0.013235301321081083,0.027401286302785488,0.029159788587858948,5,NORMAL (15-25%),STRONG ACCEL (>1.5),WEAK (1-2x),HIGH (0.7-1.0)
2015-02-05,268,60,2.05,1.5,753,462,87,33.0,13,3,1236,648.0,5913,67.35,2062.52,2015,0.11553784860557768,0.14942528735632185,1.6414342629482073,0.6135458167330677,2.6363636363636362,EXHAUSTION,0.012586544615325046,0.023165835967651427,0.004237534666330589,6,LOW (<15%),STRONG ACCEL (>1.5),MODERATE (2-3x),ELEVATED (0.5-0.7)
2015-02-06,135,203,2.43,1.41,721,468,68,40.0,8,3,1160,685.0,5914,63.45,2055.46,2015,0.09431345353675451,0.11764705882352941,1.608876560332871,0.6490984743411928,1.7,EXHAUSTION,0.02020472303036769,0.026368793360123766,0.011656758097944087,4,LOW (<15%),STRONG ACCEL (>1.5),WEAK (1-2x),ELEVATED (0.5-0.7)
2015-02-09,140,64,2.28,1.32,708,453,70,48.0,6,4,1120,704.0,5916,60.44,2046.74,2015,0.09887005649717515,0.08571428571428572,1.5819209039548023,0.6398305084745762,1.4583333333333333,EXHAUSTION,0.026187986749660608,0.03358511584275492,-0.0012605411532485844,4,LOW (<15%),STRONG ACCEL (>1.5),WEAK (1-2x),ELEVATED (0.5-0.7)
2015-02-10,133,98,1.46,1.3,695,462,83,36.0,6,4,1157,697.0,5920,61.58,2068.59,2015,0.11942446043165468,0.07228915662650602,1.6647482014388488,0.6647482014388489,2.3055555555555554,EXHAUSTION,0.01502956119869081,0.021884472031673763,-0.013704987455223194,6,LOW (<15%),STRONG ACCEL (>1.5),MODERATE (2-3x),ELEVATED (0.5-0.7)
2015-02-11,106,90,1.52,1.63,677,475,78,36.0,7,2,1149,732.0,5922,56.73,2068.53,2015,0.11521418020679468,0.08974358974358974,1.6971935007385524,0.7016248153618907,2.1666666666666665,EXHAUSTION,0.013980942988498946,0.0204057954199357,-0.0012472625487667255,6,LOW (<15%),STRONG ACCEL (>1.5),MODERATE (2-3x),HIGH (0.7-1.0)
2015-02-12,226,59,1.44,1.76,765,430,101,28.0,9,2,1321,651.0,5923,63.04,2088.48,2015,0.13202614379084968,0.0891089108910891,1.7267973856209151,0.5620915032679739,3.607142857142857,EXHAUSTION,0.01044778978012717,0.007670650425189551,-0.016796904926070555,7,LOW (<15%),STRONG ACCEL (>1.5),STRONG (3-5x),ELEVATED (0.5-0.7)
2015-02-13,223,51,2.29,2.37,845,387,161,19.0,13,2,1446,573.0,5920,64.45,2096.99,2015,0.19053254437869824,0.08074534161490683,1.711242603550296,0.45798816568047335,8.473684210526315,NEUTRAL,0.006041993524051215,0.009728229509916586,-0.007534609130229408,9,LOW (<15%),STRONG ACCEL (>1.5),VERY STRONG (>5x),MODERATE (0.3-0.5)
2015-02-17,188,77,2.34,2.3,860,376,126,23.0,13,3,1515,534.0,5917,62.97,2100.34,2015,0.14651162790697675,0.10317460317460317,1.7616279069767442,0.4372093023255814,5.478260869565218,EXHAUSTION,0.007208356742241628,0.003542283630269427,-0.012464648580706172,7,LOW (<15%),STRONG ACCEL (>1.5),VERY STRONG (>5x),MODERATE (0.3-0.5)
2015-02-18,129,82,2.72,1.85,879,362,136,16.0,15,2,1549,519.0,5916,62.37,2099.68,2015,0.1547212741751991,0.11029411764705882,1.7622298065984072,0.4118316268486917,8.5,NEUTRAL,0.006753410043435437,-0.0005477025070484975,-8.572734892930978e-05,8,LOW (<15%),STRONG ACCEL (>1.5),VERY STRONG (>5x),MODERATE (0.3-0.5)
2015-02-19,123,58,2.26,1.98,902,362,134,16.0,14,3,1585,523.0,5916,61.83,2097.45,2015,0.14855875831485588,0.1044776119402985,1.7572062084257207,0.401330376940133,8.375,EXHAUSTION,0.006336265465207713,0.0017116021836038886,-0.003899973777682364,7,LOW (<15%),STRONG ACCEL (>1.5),VERY STRONG (>5x),MODERATE (0.3-0.5)
2015-02-20,120,79,1.61,1.77,885,387,115,20.0,17,3,1635,548.0,5908,64.01,2110.3,2015,0.12994350282485875,0.14782608695652175,1.847457627118644,0.43728813559322033,5.75,EXHAUSTION,-0.002748424394635962,-0.018499739373548763,-0.0010425058048619817,7,LOW (<15%),STRONG ACCEL (>1.5),VERY STRONG (>5x),MODERATE (0.3-0.5)
2015-02-23,106,118,1.42,1.93,804,400,118,21.0,13,3,1546,551.0,5906,63.57,2109.66,2015,0.14676616915422885,0.11016949152542373,1.9228855721393034,0.4975124378109453,5.619047619047619,EXHAUSTION,0.0036640975323039005,-0.01433406330877951,-0.0024838125574736525,7,LOW (<15%),STRONG ACCEL (>1.5),VERY STRONG (>5x),MODERATE (0.3-0.5)
2015-02-24,116,82,1.42,1.85,870,406,92,24.0,11,3,1612,524.0,5907,64.24,2115.48,2015,0.10574712643678161,0.11956521739130435,1.8528735632183908,0.4666666666666667,3.8333333333333335,EXHAUSTION,-0.003639835876491304,-0.03371338892355391,-0.011335488872501798,5,LOW (<15%),STRONG ACCEL (>1.5),STRONG (3-5x),MODERATE (0.3-0.5)
2015-02-25,183,69,1.6,1.99,911,392,112,20.0,15,3,1601,512.0,5907,64.91,2113.86,2015,0.12294182217343579,0.13392857142857142,1.7574094401756313,0.43029637760702527,5.6,EXHAUSTION,-0.007252135903039858,-0.03482728279072411,-0.02498273300975462,6,LOW (<15%),STRONG ACCEL (>1.5),VERY STRONG (>5x),MODERATE (0.3-0.5)
2015-02-26,153,127,1.43,1.95,930,406,155,15.0,16,3,1557,513.0,5889,63.79,2110.74,2015,0.16666666666666666,0.1032258064516129,1.6741935483870967,0.43655913978494626,10.333333333333334,NEUTRAL,-0.0045955446904876185,-0.021220046050200336,-0.02586296749007444,8,LOW (<15%),STRONG ACCEL (>1.5),VERY STRONG (>5x),MODERATE (0.3-0.5)
2015-02-27,116,133,1.27,1.66,911,406,141,25.0,13,5,1500,542.0,5891,63.9,2104.5,2015,0.15477497255762898,0.09219858156028368,1.646542261251372,0.4456641053787047,5.64,NEUTRAL,-0.015794725588025527,-0.024281301971964764,-0.020660489427417494,8,LOW (<15%),STRONG ACCEL (>1.5),VERY STRONG (>5x),MODERATE (0.3-0.5)
2015-03-02,148,91,1.43,1.51,957,411,183,26.0,18,6,1593,535.0,5891,64.01,2117.39,2015,0.19122257053291536,0.09836065573770492,1.664576802507837,0.42946708463949845,7.038461538461538,NEUTRAL,-0.017932454578514,-0.017096519771983343,-0.014711508035836651,9,LOW (<15%),STRONG ACCEL (>1.5),VERY STRONG (>5x),MODERATE (0.3-0.5)
2015-03-03,102,110,1.32,1.37,915,405,155,29.0,16,6,1483,566.0,5771,63.35,2107.78,2015,0.16939890710382513,0.1032258064516129,1.6207650273224044,0.4426229508196721,5.344827586206897,NEUTRAL,-0.030183415726499074,-0.01595043125942952,-0.018925125013047106,8,LOW (<15%),STRONG ACCEL (>1.5),VERY STRONG (>5x),MODERATE (0.3-0.5)
2015-03-04,110,95,1.13,1.33,918,352,127,36.0,19,6,1450,590.0,5763,60.86,2098.53,2015,0.1383442265795207,0.14960629921259844,1.579520697167756,0.38344226579520696,3.5277777777777777,EXHAUSTION,-0.02777658646767034,0.00046222832172992945,-0.01850819383091984,7,LOW (<15%),STRONG ACCEL (>1.5),STRONG (3-5x),MODERATE (0.3-0.5)
2015-03-05,164,68,1.29,1.36,949,320,153,32.0,26,6,1459,583.0,5764,60.27,2101.04,2015,0.1612223393045311,0.16993464052287582,1.5374077976817704,0.33719704952581664,4.78125,NEUTRAL,-0.016701252712942205,-0.005601987587099733,-0.01622053840003046,8,NORMAL (15-25%),STRONG ACCEL (>1.5),STRONG (3-5x),MODERATE (0.3-0.5)
2015-03-06,73,217,1.03,1.15,838,375,111,45.0,16,6,1258,719.0,5767,49.07,2071.26,2015,0.1324582338902148,0.14414414414414414,1.5011933174224343,0.44749403341288785,2.466666666666667,EXHAUSTION,-0.00862277068064854,0.017786275021001607,0.004552784295549506,7,LOW (<15%),STRONG ACCEL (>1.5),MODERATE (2-3x),MODERATE (0.3-0.5)
2015-03-09,90,155,0.84,1.09,840,404,122,48.0,23,7,1272,743.0,5698,49.12,2079.42,2015,0.14523809523809525,0.1885245901639344,1.5142857142857142,0.48095238095238096,2.5416666666666665,EXHAUSTION,0.0008511988919988056,0.012022583220321126,-0.0014859912860317737,7,NORMAL (15-25%),STRONG ACCEL (>1.5),MODERATE (2-3x),MODERATE (0.3-0.5)
2015-03-10,51,249,0.62,0.91,739,447,114,66.0,20,7,1040,896.0,5700,38.84,2044.16,2015,0.15426251691474965,0.17543859649122806,1.4073071718538566,0.6048714479025711,1.7272727272727273,NEUTRAL,0.014675954915466471,0.023158656856606008,0.018462351283656808,8,NORMAL (15-25%),ACCELERATING (1.2-1.5),WEAK (1-2x),ELEVATED (0.5-0.7)
2015-03-11,101,84,0.62,0.83,772,449,104,50.0,18,6,1045,888.0,5700,40.07,2040.24,2015,0.13471502590673576,0.17307692307692307,1.3536269430051813,0.5816062176165803,2.08,EXHAUSTION,0.02904560247813981,0.010199780417990079,0.024967650864604174,7,NORMAL (15-25%),ACCELERATING (1.2-1.5),MODERATE (2-3x),ELEVATED (0.5-0.7)
2015-03-12,182,86,0.63,0.88,835,419,108,38.0,16,6,1196,783.0,5698,46.6,2065.95,2015,0.12934131736526946,0.14814814814814814,1.4323353293413175,0.5017964071856288,2.8421052631578947,EXHAUSTION,0.011287785280379659,-0.004743580435150774,0.01747864178707137,7,LOW (<15%),ACCELERATING (1.2-1.5),MODERATE (2-3x),ELEVATED (0.5-0.7)
2015-03-13,90,129,0.73,0.87,810,457,99,57.0,12,8,1118,864.0,5693,42.43,2053.4,2015,0.12222222222222222,0.12121212121212122,1.3802469135802469,0.5641975308641975,1.736842105263158,EXHAUSTION,0.026638745495276117,0.00371091847667282,0.01900749975650129,6,LOW (<15%),ACCELERATING (1.2-1.5),WEAK (1-2x),ELEVATED (0.5-0.7)
2015-03-16,112,150,0.77,0.8,828,455,99,82.0,14,7,1190,847.0,5693,45.55,2081.19,2015,0.11956521739130435,0.1414141414141414,1.4371980676328502,0.5495169082125604,1.2073170731707317,EXHAUSTION,0.011161883345585988,0.002426496379475118,0.007039241972141008,6,LOW (<15%),ACCELERATING (1.2-1.5),WEAK (1-2x),ELEVATED (0.5-0.7)
2015-03-17,119,94,1.11,0.82,828,450,101,85.0,18,7,1218,834.0,5671,45.32,2074.16,2015,0.12198067632850242,0.1782178217821782,1.4710144927536233,0.5434782608695652,1.188235294117647,EXHAUSTION,0.00836001079955273,-0.0030229104794229356,0.015654530026613322,6,NORMAL (15-25%),ACCELERATING (1.2-1.5),WEAK (1-2x),ELEVATED (0.5-0.7)
2015-03-18,260,57,1.48,0.96,901,414,97,59.0,19,7,1301,717.0,5672,53.82,2099.5,2015,0.1076581576026637,0.1958762886597938,1.4439511653718091,0.4594894561598224,1.6440677966101696,EXHAUSTION,-0.01831388425815661,-0.01896165753750889,0.0026101452726838836,5,NORMAL (15-25%),ACCELERATING (1.2-1.5),WEAK (1-2x),MODERATE (0.3-0.5)
2015-03-19,154,73,1.46,0.95,917,413,103,59.0,20,7,1280,731.0,5672,50.29,2089.27,2015,0.11232279171210469,0.1941747572815534,1.395856052344602,0.45038167938931295,1.7457627118644068,EXHAUSTION,-0.015852426924236607,-0.01067837091424273,-0.0038721658761194933,5,NORMAL (15-25%),ACCELERATING (1.2-1.5),WEAK (1-2x),MODERATE (0.3-0.5)
2015-03-20,229,137,1.71,1.14,953,389,100,53.0,17,7,1304,704.0,5671,57.39,2108.1,2015,0.1049317943336831,0.17,1.3683105981112278,0.40818467995802726,1.8867924528301887,EXHAUSTION,-0.022332906408614406,-0.013002229495754358,-0.0036525781509415545,5,NORMAL (15-25%),ACCELERATING (1.2-1.5),WEAK (1-2x),MODERATE (0.3-0.5)
2015-03-23,110,41,2.17,1.28,922,368,95,44.0,17,9,1264,657.0,5673,59.05,2104.42,2015,0.10303687635574837,0.17894736842105263,1.3709327548806942,0.39913232104121477,2.159090909090909,EXHAUSTION,-0.008638959903441434,-0.013348095912413038,-0.003388106936828228,5,NORMAL (15-25%),ACCELERATING (1.2-1.5),MODERATE (2-3x),MODERATE (0.3-0.5)
2015-03-24,96,67,2.26,1.58,913,358,87,43.0,12,9,1226,648.0,5674,57.67,2091.5,2015,0.09529025191675794,0.13793103448275862,1.3428258488499452,0.39211391018619934,2.0232558139534884,EXHAUSTION,-0.01128854888835773,-0.004590007171886179,0.007869949796796671,4,LOW (<15%),ACCELERATING (1.2-1.5),MODERATE (2-3x),MODERATE (0.3-0.5)
2015-03-25,48,370,0.93,1.16,780,394,46,50.0,6,8,971,790.0,5675,46.53,2061.05,2015,0.05897435897435897,0.13043478260869565,1.244871794871795,0.5051282051282051,0.92,EXHAUSTION,-0.0006598578394507726,0.014618762281361164,0.025171635816695126,1,LOW (<15%),ACCELERATING (1.2-1.5),NEGATIVE (<1x),ELEVATED (0.5-0.7)
2015-03-26,90,98,0.8,1.08,749,410,40,52.0,4,7,915,812.0,5678,44.5,2056.15,2015,0.0534045393858478,0.1,1.2216288384512684,0.5473965287049399,0.7692307692307693,EXHAUSTION,0.005257398536099078,0.02232813753860352,0.029929723026043797,1,LOW (<15%),ACCELERATING (1.2-1.5),NEGATIVE (<1x),ELEVATED (0.5-0.7)
2015-03-27,94,68,0.68,1.14,785,411,48,43.0,6,6,928,806.0,5678,44.85,2061.02,2015,0.061146496815286625,0.125,1.1821656050955414,0.5235668789808917,1.1162790697674418,EXHAUSTION,0.009543818109479796,0.015240026782854965,0.02324091954469143,1,LOW (<15%),SLIGHT ACCEL (1.0-1.2),WEAK (1-2x),ELEVATED (0.5-0.7)
2015-03-30,144,83,0.69,1.24,826,411,58,43.0,7,5,996,738.0,5678,54.27,2086.24,2015,0.07021791767554479,0.1206896551724138,1.2058111380145278,0.4975786924939467,1.3488372093023255,EXHAUSTION,-0.004750172559245258,0.004601579875757489,0.013670526880896094,2,LOW (<15%),ACCELERATING (1.2-1.5),WEAK (1-2x),MODERATE (0.3-0.5)
2015-03-31,75,106,0.62,1.18,811,423,57,39.0,6,5,945,771.0,5657,50.76,2067.89,2015,0.07028360049321825,0.10526315789473684,1.1652281134401974,0.5215782983970407,1.4615384615384615,EXHAUSTION,0.006775021882208465,0.018734071928390827,0.01884046056608435,2,LOW (<15%),SLIGHT ACCEL (1.0-1.2),WEAK (1-2x),ELEVATED (0.5-0.7)
2015-04-01,138,87,1.22,1.04,802,420,61,38.0,12,7,883,745.0,5657,49.29,2059.69,2015,0.07605985037406483,0.19672131147540983,1.100997506234414,0.5236907730673317,1.605263157894737,EXHAUSTION,0.015288708494967551,0.021988745879234273,0.012535867047953841,2,NORMAL (15-25%),SLIGHT ACCEL (1.0-1.2),WEAK (1-2x),ELEVATED (0.5-0.7)
2015-04-02,143,50,1.51,1.05,838,400,61,40.0,12,7,936,717.0,5662,53.28,2066.96,2015,0.07279236276849642,0.19672131147540983,1.1169451073985681,0.477326968973747,1.525,EXHAUSTION,0.01698146069590112,0.006879668692185481,0.019995549018848813,2,NORMAL (15-25%),SLIGHT ACCEL (1.0-1.2),WEAK (1-2x),MODERATE (0.3-0.5)
2015-04-06,198,44,1.89,1.12,898,372,69,34.0,13,5,1044,617.0,5659,60.41,2080.69,2015,0.07683741648106904,0.18840579710144928,1.1625835189309577,0.4142538975501114,2.0294117647058822,EXHAUSTION,0.005642359025130883,0.009472819112890551,0.016239805064665935,2,NORMAL (15-25%),SLIGHT ACCEL (1.0-1.2),MODERATE (2-3x),MODERATE (0.3-0.5)
2015-04-07,122,53,1.99,1.12,879,358,74,32.0,9,6,1003,617.0,5660,58.56,2076.33,2015,0.08418657565415244,0.12162162162162163,1.1410693970420933,0.4072810011376564,2.3125,EXHAUSTION,0.00939638689418354,0.01009473445935849,0.006323657607413047,3,LOW (<15%),SLIGHT ACCEL (1.0-1.2),MODERATE (2-3x),MODERATE (0.3-0.5)
2015-04-08,188,55,2.73,1.22,921,333,94,27.0,15,4,1093,575.0,5658,60.32,2081.9,2015,0.10206297502714441,0.1595744680851064,1.1867535287730728,0.36156351791530944,3.4814814814814814,EXHAUSTION,0.011878572457850956,0.012517411979441784,-0.0008405783178827564,5,NORMAL (15-25%),SLIGHT ACCEL (1.0-1.2),STRONG (3-5x),MODERATE (0.3-0.5)
2015-04-09,104,54,2.95,1.86,932,315,94,26.0,14,5,1076,570.0,5658,58.2,2091.18,2015,0.10085836909871244,0.14893617021276595,1.1545064377682404,0.33798283261802575,3.6153846153846154,EXHAUSTION,0.006599144980346194,0.010400826327719326,-0.0015206725389492748,5,LOW (<15%),SLIGHT ACCEL (1.0-1.2),STRONG (3-5x),MODERATE (0.3-0.5)
2015-04-10,101,39,2.91,2.05,928,310,91,29.0,13,5,1111,522.0,5661,60.58,2102.06,2015,0.0980603448275862,0.14285714285714285,1.197198275862069,0.33405172413793105,3.1379310344827585,EXHAUSTION,-0.009933113231782253,0.007435563209423179,0.0066791623455086935,4,LOW (<15%),SLIGHT ACCEL (1.0-1.2),STRONG (3-5x),MODERATE (0.3-0.5)
2015-04-13,116,66,2.36,2.09,919,305,97,23.0,15,5,1055,503.0,5662,56.99,2092.43,2015,0.10554951033732318,0.15463917525773196,1.147986942328618,0.33188248095756256,4.217391304347826,EXHAUSTION,0.003808968519855016,0.00788078932150671,0.006165080791233235,5,NORMAL (15-25%),SLIGHT ACCEL (1.0-1.2),STRONG (3-5x),MODERATE (0.3-0.5)
2015-04-14,167,49,2.57,2.24,958,278,120,22.0,16,5,1084,480.0,5338,60.51,2095.84,2015,0.12526096033402923,0.13333333333333333,1.1315240083507307,0.29018789144050106,5.454545454545454,EXHAUSTION,0.0006918467058554256,0.009027406672265093,0.001565004962210681,6,LOW (<15%),SLIGHT ACCEL (1.0-1.2),VERY STRONG (>5x),LOW (<0.3)
2015-04-15,307,35,3.27,2.98,1040,234,144,24.0,16,4,1207,420.0,5338,64.94,2106.63,2015,0.13846153846153847,0.1111111111111111,1.1605769230769232,0.225,6.0,EXHAUSTION,0.0006313401024384824,0.00010443219739575405,-0.0038687382217096333,7,LOW (<15%),SLIGHT ACCEL (1.0-1.2),VERY STRONG (>5x),LOW (<0.3)
2015-04-16,100,52,3.28,3.11,1021,238,113,26.0,15,4,1202,420.0,5340,62.92,2104.98,2015,0.11067580803134182,0.13274336283185842,1.177277179236043,0.23310479921645447,4.346153846153846,EXHAUSTION,0.0037767579739473867,-0.009249494056950525,0.007658030005035732,5,LOW (<15%),SLIGHT ACCEL (1.0-1.2),STRONG (3-5x),LOW (<0.3)
2015-04-17,47,145,2.12,2.45,911,253,104,29.0,15,4,1054,487.0,5347,51.28,2081.18,2015,0.1141602634467618,0.14423076923076922,1.1569703622392975,0.27771679473106475,3.586206896551724,EXHAUSTION,0.017542932374902787,0.01302626394641515,0.019964635447198287,6,LOW (<15%),SLIGHT ACCEL (1.0-1.2),STRONG (3-5x),LOW (<0.3)
2015-04-20,140,61,2.23,2.29,946,237,95,28.0,12,6,1111,426.0,5348,58.53,2100.4,2015,0.10042283298097252,0.12631578947368421,1.1744186046511629,0.25052854122621565,3.392857142857143,EXHAUSTION,0.004056370215197003,0.006703485050466584,0.013711673966863236,5,LOW (<15%),SLIGHT ACCEL (1.0-1.2),STRONG (3-5x),LOW (<0.3)
2015-04-21,114,122,1.71,2.04,922,248,78,32.0,12,6,1090,440.0,5348,57.94,2097.29,2015,0.08459869848156182,0.15384615384615385,1.1822125813449025,0.26898047722342733,2.4375,EXHAUSTION,0.00832979702377834,-0.0037333892785451628,0.014561648603674149,3,NORMAL (15-25%),SLIGHT ACCEL (1.0-1.2),MODERATE (2-3x),LOW (<0.3)
2015-04-22,123,68,1.17,1.91,934,249,77,27.0,16,6,1121,424.0,5350,60.24,2107.96,2015,0.08244111349036402,0.2077922077922078,1.2002141327623126,0.26659528907922914,2.8518518518518516,EXHAUSTION,-0.0005265754568398728,-0.013192849959202224,0.008486878308886281,3,NORMAL (15-25%),ACCELERATING (1.2-1.5),MODERATE (2-3x),LOW (<0.3)
2015-04-23,174,55,1.33,2.01,971,229,109,24.0,18,6,1207,366.0,5351,63.56,2112.93,2015,0.11225540679711637,0.1651376146788991,1.243048403707518,0.23583934088568487,4.541666666666667,EXHAUSTION,-0.012977240135735535,-0.011798781786429235,0.008466915610077175,5,NORMAL (15-25%),ACCELERATING (1.2-1.5),STRONG (3-5x),LOW (<0.3)
2015-04-24,101,128,1.5,1.78,925,243,107,25.0,22,6,1170,401.0,5353,62.73,2117.69,2015,0.11567567567567567,0.205607476635514,1.2648648648648648,0.2627027027027027,4.28,EXHAUSTION,-0.00443879887991161,-0.0007508181084106003,0.003952419853708422,6,NORMAL (15-25%),ACCELERATING (1.2-1.5),STRONG (3-5x),LOW (<0.3)
2015-04-27,70,270,0.91,1.36,857,272,94,26.0,18,7,1084,508.0,5353,58.85,2108.92,2015,0.10968494749124855,0.19148936170212766,1.26487747957993,0.31738623103850644,3.6153846153846154,EXHAUSTION,0.0026364205375262184,-0.0017022931168561017,-0.002238112398763481,5,NORMAL (15-25%),ACCELERATING (1.2-1.5),STRONG (3-5x),MODERATE (0.3-0.5)
2015-04-28,117,90,0.96,1.26,878,265,83,30.0,15,5,1106,506.0,5352,62.59,2114.76,2015,0.09453302961275627,0.18072289156626506,1.2596810933940774,0.30182232346241455,2.7666666666666666,EXHAUSTION,-0.011963532504870589,-0.007395638275738303,0.004123399345552059,4,NORMAL (15-25%),ACCELERATING (1.2-1.5),MODERATE (2-3x),MODERATE (0.3-0.5)
2015-04-29,131,133,0.88,0.99,850,291,90,33.0,11,5,1000,558.0,5352,58.89,2106.85,2015,0.10588235294117647,0.12222222222222222,1.1764705882352942,0.3423529411764706,2.727272727272727,EXHAUSTION,-0.012672947765621556,-0.003972755535515016,0.006616512803474306,5,LOW (<15%),SLIGHT ACCEL (1.0-1.2),MODERATE (2-3x),MODERATE (0.3-0.5)
2015-04-30,104,401,0.51,0.76,755,347,81,36.0,12,5,882,757.0,5339,46.46,2085.51,2015,0.10728476821192053,0.14814814814814814,1.1682119205298014,0.4596026490066225,2.25,EXHAUSTION,0.0011939525583668509,0.017065370101317923,0.010491438545008114,5,LOW (<15%),SLIGHT ACCEL (1.0-1.2),MODERATE (2-3x),MODERATE (0.3-0.5)
2015-05-01,131,75,0.57,0.86,785,336,71,36.0,11,5,909,703.0,5342,50.52,2108.29,2015,0.09044585987261146,0.15492957746478872,1.1579617834394904,0.4280254777070064,1.9722222222222223,EXHAUSTION,0.003704423964445036,0.006849152630804989,0.0016316540893330789,4,NORMAL (15-25%),SLIGHT ACCEL (1.0-1.2),WEAK (1-2x),MODERATE (0.3-0.5)
2015-05-04,116,56,0.79,0.84,812,323,73,35.0,10,5,917,670.0,5343,52.54,2114.48,2015,0.08990147783251232,0.136986301369863,1.1293103448275863,0.3977832512315271,2.085714285714286,EXHAUSTION,-0.004327305058454134,0.006961522454693281,-0.002307896031175538,4,LOW (<15%),SLIGHT ACCEL (1.0-1.2),MODERATE (2-3x),MODERATE (0.3-0.5)
2015-05-05,73,195,0.65,0.77,707,375,49,38.0,8,5,799,814.0,5343,44.59,2089.46,2015,0.06930693069306931,0.16326530612244897,1.1301272984441302,0.5304101838755304,1.2894736842105263,EXHAUSTION,0.004623204081437349,0.018363596335895238,0.011778162778899981,2,NORMAL (15-25%),SLIGHT ACCEL (1.0-1.2),WEAK (1-2x),ELEVATED (0.5-0.7)
2015-05-06,93,101,0.62,0.74,676,395,45,43.0,10,6,774,844.0,5323,41.87,2080.15,2015,0.06656804733727811,0.2222222222222222,1.1449704142011834,0.584319526627219,1.0465116279069768,EXHAUSTION,0.00881186452900029,0.021969569502199304,0.007542725284234386,2,NORMAL (15-25%),SLIGHT ACCEL (1.0-1.2),WEAK (1-2x),ELEVATED (0.5-0.7)
2015-05-07,146,176,0.93,0.67,663,388,42,51.0,9,7,756,837.0,5329,41.25,2088.0,2015,0.06334841628959276,0.21428571428571427,1.1402714932126696,0.5852187028657617,0.8235294117647058,EXHAUSTION,0.015852490421455867,0.020507662835249185,0.002313218390804561,1,NORMAL (15-25%),SLIGHT ACCEL (1.0-1.2),NEGATIVE (<1x),ELEVATED (0.5-0.7)
2015-05-08,183,85,1.0,0.74,692,388,57,55.0,9,9,853,671.0,5333,48.81,2116.1,2015,0.08236994219653179,0.15789473684210525,1.2326589595375723,0.5606936416184971,1.0363636363636364,EXHAUSTION,0.0031331222532016145,0.004706771891687556,-0.017399933840555604,3,NORMAL (15-25%),ACCELERATING (1.2-1.5),WEAK (1-2x),ELEVATED (0.5-0.7)
2015-05-11,109,66,0.97,0.87,698,380,50,53.0,9,8,853,777.0,5326,46.57,2105.33,2015,0.07163323782234957,0.18,1.2220630372492836,0.5444126074498568,0.9433962264150944,EXHAUSTION,0.011337890021991814,-0.0005367329587285807,-0.011960120266181429,2,NORMAL (15-25%),ACCELERATING (1.2-1.5),NEGATIVE (<1x),ELEVATED (0.5-0.7)
2015-05-12,114,92,1.24,0.87,696,400,52,69.0,8,8,855,754.0,5326,44.49,2099.12,2015,0.07471264367816093,0.15384615384615385,1.228448275862069,0.5747126436781609,0.7536231884057971,EXHAUSTION,0.013677159952742102,0.011604862990205467,0.0028916879454248257,2,NORMAL (15-25%),ACCELERATING (1.2-1.5),NEGATIVE (<1x),ELEVATED (0.5-0.7)
2015-05-13,124,81,1.35,0.9,659,394,40,75.0,7,7,863,762.0,5328,45.01,2098.48,2015,0.06069802731411229,0.175,1.3095599393019728,0.5978755690440061,0.5333333333333333,EXHAUSTION,0.013042773817239173,0.010631504708169759,0.0049464374213716855,1,NORMAL (15-25%),ACCELERATING (1.2-1.5),NEGATIVE (<1x),ELEVATED (0.5-0.7)
2015-05-14,132,77,1.65,1.22,685,375,49,78.0,8,8,900,713.0,5329,51.73,2121.1,2015,0.07153284671532846,0.16326530612244897,1.313868613138686,0.5474452554744526,0.6282051282051282,EXHAUSTION,0.0045825279336195734,-0.00646362736316064,-0.012724529725142486,2,NORMAL (15-25%),ACCELERATING (1.2-1.5),NEGATIVE (<1x),ELEVATED (0.5-0.7)
2015-05-15,114,52,1.61,1.23,683,378,55,58.0,9,8,888,720.0,5344,52.99,2122.73,2015,0.08052708638360176,0.16363636363636364,1.3001464128843339,0.5534407027818448,0.9482758620689655,EXHAUSTION,0.0015687346011974412,-0.0051820061901419745,-0.01804751428584883,3,NORMAL (15-25%),ACCELERATING (1.2-1.5),NEGATIVE (<1x),ELEVATED (0.5-0.7)
2015-05-18,134,64,1.69,1.24,690,367,53,64.0,9,7,940,689.0,5335,54.81,2129.2,2015,0.07681159420289856,0.16981132075471697,1.3623188405797102,0.5318840579710145,0.828125,EXHAUSTION,-0.01174149915461209,-0.009205335337215792,-0.015470599286116715,2,NORMAL (15-25%),ACCELERATING (1.2-1.5),NEGATIVE (<1x),ELEVATED (0.5-0.7)
2015-05-19,67,186,1.24,1.24,637,392,56,55.0,13,8,850,740.0,5333,52.9,2127.83,2015,0.08791208791208792,0.23214285714285715,1.3343799058084773,0.6153846153846154,1.018181818181818,EXHAUSTION,-0.0020443362486664007,-0.006466682018770209,-0.01287226893125859,3,NORMAL (15-25%),ACCELERATING (1.2-1.5),WEAK (1-2x),ELEVATED (0.5-0.7)
2015-05-20,106,70,1.23,1.3,639,393,61,62.0,13,9,843,740.0,5333,54.09,2125.85,2015,0.09546165884194054,0.21311475409836064,1.3192488262910798,0.6150234741784038,0.9838709677419355,EXHAUSTION,-0.002380224380835849,-0.014116706258672895,-0.002173248347719703,4,NORMAL (15-25%),ACCELERATING (1.2-1.5),NEGATIVE (<1x),ELEVATED (0.5-0.7)
2015-05-21,95,65,1.18,1.41,649,386,51,71.0,11,9,846,727.0,5337,53.28,2130.82,2015,0.07858243451463791,0.21568627450980393,1.3035439137134053,0.5947611710323575,0.7183098591549296,EXHAUSTION,-0.010995766887864855,-0.017828817075116743,-0.009775579354427077,3,NORMAL (15-25%),ACCELERATING (1.2-1.5),NEGATIVE (<1x),ELEVATED (0.5-0.7)
2015-05-22,66,64,1.04,1.3,643,399,53,69.0,9,8,812,732.0,5338,49.91,2126.06,2015,0.08242612752721618,0.16981132075471697,1.2628304821150855,0.6205287713841369,0.7681159420289855,EXHAUSTION,-0.0067401672577442895,-0.02200314196212705,-0.0015098350940236926,3,NORMAL (15-25%),ACCELERATING (1.2-1.5),NEGATIVE (<1x),ELEVATED (0.5-0.7)
2015-05-26,59,159,0.72,1.11,569,437,61,65.0,12,7,708,855.0,5336,39.17,2104.2,2015,0.10720562390158173,0.19672131147540983,1.2442882249560632,0.7680140597539543,0.9384615384615385,EXHAUSTION,0.0025662959794696683,-0.011429521908563722,0.009504799923961693,5,NORMAL (15-25%),ACCELERATING (1.2-1.5),NEGATIVE (<1x),HIGH (0.7-1.0)
2015-05-27,140,48,1.15,1.2,613,401,64,57.0,12,5,794,782.0,5336,44.96,2123.48,2015,0.10440456769983687,0.1875,1.295269168026101,0.6541598694942904,1.1228070175438596,EXHAUSTION,-0.004431405052084281,-0.008613219808992767,-0.0068378322376476675,5,NORMAL (15-25%),ACCELERATING (1.2-1.5),WEAK (1-2x),ELEVATED (0.5-0.7)
2015-05-28,98,83,1.09,1.16,584,411,72,53.0,12,4,777,792.0,5336,42.41,2120.79,2015,0.1232876712328767,0.16666666666666666,1.3304794520547945,0.7037671232876712,1.3584905660377358,EXHAUSTION,-0.01176448398945662,-0.005625262284337351,-0.008713734033072629,6,NORMAL (15-25%),ACCELERATING (1.2-1.5),WEAK (1-2x),HIGH (0.7-1.0)
2015-05-29,91,90,1.02,1.1,578,418,108,48.0,21,3,752,843.0,5335,37.47,2107.39,2015,0.18685121107266436,0.19444444444444445,1.301038062283737,0.7231833910034602,2.25,NEUTRAL,-0.00690902016238093,-0.006301633774479232,-0.002799671631734113,9,NORMAL (15-25%),ACCELERATING (1.2-1.5),MODERATE (2-3x),HIGH (0.7-1.0)
2015-06-01,96,78,1.06,1.05,582,428,94,59.0,19,6,739,848.0,5335,38.32,2111.73,2015,0.16151202749140894,0.20212765957446807,1.2697594501718212,0.7353951890034365,1.5932203389830508,NEUTRAL,-0.015366547806774489,-0.01293252451781235,-0.02561406998053739,8,NORMAL (15-25%),ACCELERATING (1.2-1.5),WEAK (1-2x),HIGH (0.7-1.0)
2015-06-02,167,42,1.74,1.11,631,382,88,47.0,18,5,787,761.0,5339,40.46,2109.6,2015,0.13946117274167988,0.20454545454545456,1.2472266244057053,0.6053882725832013,1.872340425531915,EXHAUSTION,-0.013959992415623734,-0.006323473644292643,-0.02203735305271126,7,NORMAL (15-25%),ACCELERATING (1.2-1.5),WEAK (1-2x),ELEVATED (0.5-0.7)
2015-06-03,188,45,1.89,1.49,662,357,118,32.0,25,5,903,712.0,5339,43.78,2114.07,2015,0.1782477341389728,0.211864406779661,1.36404833836858,0.5392749244712991,3.6875,NEUTRAL,-0.004200428557238012,-0.006447279418373197,-0.017336228223284955,8,NORMAL (15-25%),ACCELERATING (1.2-1.5),STRONG (3-5x),ELEVATED (0.5-0.7)
2015-06-04,69,83,1.81,1.41,610,375,109,27.0,24,3,821,783.0,5340,35.45,2095.84,2015,0.17868852459016393,0.22018348623853212,1.3459016393442622,0.6147540983606558,4.037037037037037,NEUTRAL,0.006212306282922242,0.012114474387357799,-0.009094205664554544,8,NORMAL (15-25%),ACCELERATING (1.2-1.5),STRONG (3-5x),ELEVATED (0.5-0.7)
2015-06-05,154,45,2.3,1.53,658,351,115,27.0,23,4,888,743.0,5345,36.76,2092.83,2015,0.17477203647416414,0.2,1.3495440729483283,0.5334346504559271,4.2592592592592595,NEUTRAL,0.0006116120277328552,0.008199423746792611,-0.01150117305275622,8,NORMAL (15-25%),ACCELERATING (1.2-1.5),STRONG (3-5x),ELEVATED (0.5-0.7)
2015-06-08,84,81,2.24,1.52,650,360,94,31.0,15,3,852,788.0,5345,33.65,2079.28,2015,0.14461538461538462,0.1595744680851064,1.3107692307692307,0.5538461538461539,3.032258064516129,EXHAUSTION,0.0024720095417642973,0.020954368819976033,0.0009907275595397724,7,NORMAL (15-25%),ACCELERATING (1.2-1.5),STRONG (3-5x),ELEVATED (0.5-0.7)
2015-06-09,79,94,1.65,1.69,640,369,86,30.0,17,3,814,818.0,5345,32.1,2080.15,2015,0.134375,0.19767441860465115,1.271875,0.5765625,2.8666666666666667,EXHAUSTION,0.007744633800447209,0.02117635747422053,-0.01609018580390842,7,NORMAL (15-25%),ACCELERATING (1.2-1.5),MODERATE (2-3x),ELEVATED (0.5-0.7)
2015-06-10,166,37,1.62,1.76,695,343,98,28.0,15,4,909,727.0,5347,40.29,2105.19,2015,0.1410071942446043,0.15306122448979592,1.3079136690647482,0.4935251798561151,3.5,EXHAUSTION,-0.002256328407412189,0.0017908122307250807,-0.025593889387656277,7,NORMAL (15-25%),ACCELERATING (1.2-1.5),STRONG (3-5x),MODERATE (0.3-0.5)
2015-06-11,93,64,1.79,1.8,681,347,95,33.0,17,4,914,715.0,5350,41.72,2108.86,2015,0.1395007342143906,0.17894736842105263,1.342143906020558,0.5095447870778267,2.878787878787879,EXHAUSTION,0.0058657284030234624,-0.003105943495537944,-0.015287880655899477,7,NORMAL (15-25%),ACCELERATING (1.2-1.5),MODERATE (2-3x),ELEVATED (0.5-0.7)
2015-06-12,78,55,1.51,1.88,646,356,92,33.0,17,4,897,711.0,5353,39.57,2094.11,2015,0.14241486068111456,0.18478260869565216,1.388544891640867,0.5510835913312694,2.787878787878788,EXHAUSTION,0.0075831737587803705,0.00352417017253126,0.0026216387868831514,7,NORMAL (15-25%),ACCELERATING (1.2-1.5),MODERATE (2-3x),ELEVATED (0.5-0.7)
2015-06-15,105,87,1.55,1.87,650,363,83,32.0,15,4,847,732.0,5354,35.67,2084.42,2015,0.1276923076923077,0.18072289156626506,1.303076923076923,0.5584615384615385,2.59375,EXHAUSTION,0.018436783373792176,-0.01284769864038926,0.011768261674710345,6,NORMAL (15-25%),ACCELERATING (1.2-1.5),MODERATE (2-3x),ELEVATED (0.5-0.7)
2015-06-16,98,64,1.76,1.7,646,364,79,30.0,15,4,892,690.0,5354,39.25,2096.26,2015,0.12229102167182662,0.189873417721519,1.3808049535603715,0.5634674922600619,2.6333333333333333,EXHAUSTION,0.013328499327373233,-0.015813878049478647,0.005314226288723578,6,NORMAL (15-25%),ACCELERATING (1.2-1.5),MODERATE (2-3x),ELEVATED (0.5-0.7)
2015-06-17,98,67,1.4,1.51,638,373,85,29.0,17,4,871,663.0,5354,40.3,2100.44,2015,0.13322884012539185,0.2,1.365203761755486,0.5846394984326019,2.9310344827586206,EXHAUSTION,0.004056292967187902,-0.010959608462988712,0.011359524671021415,7,NORMAL (15-25%),ACCELERATING (1.2-1.5),MODERATE (2-3x),ELEVATED (0.5-0.7)
2015-06-18,141,60,1.56,1.68,655,372,83,29.0,12,6,933,614.0,5360,48.88,2121.23,2015,0.1267175572519084,0.14457831325301204,1.4244274809160304,0.5679389312977099,2.8620689655172415,EXHAUSTION,-0.00891935339402139,-0.020954823380774257,0.002550407075140315,6,LOW (<15%),ACCELERATING (1.2-1.5),MODERATE (2-3x),ELEVATED (0.5-0.7)
2015-06-19,126,135,1.38,1.44,650,374,85,27.0,14,3,918,646.0,5360,46.3,2109.99,2015,0.13076923076923078,0.16470588235294117,1.4123076923076923,0.5753846153846154,3.1481481481481484,EXHAUSTION,-0.004028455111161677,-0.019540376968610995,0.00866828752742932,7,NORMAL (15-25%),ACCELERATING (1.2-1.5),STRONG (3-5x),ELEVATED (0.5-0.7)
2015-06-22,98,58,1.46,1.5,659,354,95,21.0,16,3,984,597.0,5365,47.2,2122.85,2015,0.1441578148710167,0.16842105263157894,1.4931714719271623,0.5371775417298937,4.523809523809524,EXHAUSTION,-0.030718138351744084,-0.01955390159455439,-0.0017146760251548487,7,NORMAL (15-25%),ACCELERATING (1.2-1.5),STRONG (3-5x),ELEVATED (0.5-0.7)
2015-06-23,98,57,1.49,1.61,680,352,101,13.0,15,3,1001,546.0,5370,49.63,2124.2,2015,0.14852941176470588,0.1485148514851485,1.4720588235294119,0.5176470588235295,7.769230769230769,EXHAUSTION,-0.02875906223519431,-0.036493738819320054,-0.004731192919687266,7,LOW (<15%),ACCELERATING (1.2-1.5),VERY STRONG (>5x),ELEVATED (0.5-0.7)
2015-06-24,49,99,1.25,1.32,630,372,72,16.0,15,3,878,584.0,5370,45.16,2108.96,2015,0.11428571428571428,0.20833333333333334,1.3936507936507936,0.5904761904761905,4.5,EXHAUSTION,-0.014955238601016552,-0.02733574842576436,-0.003229079735983631,6,NORMAL (15-25%),ACCELERATING (1.2-1.5),STRONG (3-5x),ELEVATED (0.5-0.7)
2015-06-25,73,106,0.98,1.22,623,375,81,19.0,12,3,832,649.0,5377,42.61,2102.31,2015,0.13001605136436598,0.14814814814814814,1.3354735152487962,0.6019261637239165,4.2631578947368425,EXHAUSTION,-0.012143784693979365,-0.012219891452735387,-0.010778619708796455,7,LOW (<15%),ACCELERATING (1.2-1.5),STRONG (3-5x),ELEVATED (0.5-0.7)
2015-06-26,87,243,0.72,1.0,600,416,64,23.0,10,3,777,716.0,5377,42.59,2101.49,2015,0.10666666666666667,0.15625,1.295,0.6933333333333334,2.782608695652174,EXHAUSTION,-0.015574663691000024,-0.0008993618813317728,-0.016107618879937502,5,NORMAL (15-25%),ACCELERATING (1.2-1.5),MODERATE (2-3x),ELEVATED (0.5-0.7)
2015-06-29,15,223,0.44,0.79,481,513,42,33.0,5,5,544,943.0,5382,26.19,2057.64,2015,0.08731808731808732,0.11904761904761904,1.130977130977131,1.0665280665280665,1.2727272727272727,EXHAUSTION,0.011518049804630781,0.024936334830193863,0.017306234326704528,3,LOW (<15%),SLIGHT ACCEL (1.0-1.2),WEAK (1-2x),EXTREME (>1.0)
2015-06-30,128,80,0.47,0.81,508,485,54,32.0,5,5,587,877.0,5380,28.55,2063.11,2015,0.1062992125984252,0.09259259259259259,1.155511811023622,0.9547244094488189,1.6875,EXHAUSTION,-0.007963705279892985,0.021467590191506902,0.022034695193179354,5,LOW (<15%),SLIGHT ACCEL (1.0-1.2),WEAK (1-2x),HIGH (0.7-1.0)
2015-07-01,64,178,0.44,0.71,497,525,36,44.0,4,5,594,950.0,5341,31.45,2077.42,2015,0.07243460764587525,0.1111111111111111,1.1951710261569417,1.056338028169014,0.8181818181818182,EXHAUSTION,-0.012568474357616766,0.022566452619114052,0.015023442539303655,2,LOW (<15%),SLIGHT ACCEL (1.0-1.2),NEGATIVE (<1x),EXTREME (>1.0)
2015-07-02,62,88,0.44,0.63,453,539,31,39.0,4,5,533,968.0,5350,29.42,2076.78,2015,0.0684326710816777,0.12903225806451613,1.1766004415011038,1.1898454746136866,0.7948717948717948,EXHAUSTION,-7.704234439864788e-05,0.024008320573194908,0.013029786496403073,2,LOW (<15%),SLIGHT ACCEL (1.0-1.2),NEGATIVE (<1x),EXTREME (>1.0)
2015-07-06,69,255,0.41,0.54,433,594,32,63.0,3,4,486,1055.0,5350,27.26,2068.76,2015,0.07390300230946882,0.09375,1.1224018475750577,1.371824480369515,0.5079365079365079,EXHAUSTION,0.014907480809760232,0.028770857905218605,0.014153405904986371,2,LOW (<15%),SLIGHT ACCEL (1.0-1.2),NEGATIVE (<1x),EXTREME (>1.0)
2015-07-07,80,204,0.5,0.47,410,629,29,72.0,5,5,459,1063.0,5351,29.62,2081.34,2015,0.07073170731707316,0.1724137931034483,1.1195121951219513,1.5341463414634147,0.4027777777777778,EXHAUSTION,0.013265492423150338,0.01819500898459636,0.005755907252058767,2,NORMAL (15-25%),SLIGHT ACCEL (1.0-1.2),NEGATIVE (<1x),EXTREME (>1.0)
2015-07-08,33,280,0.31,0.38,337,727,26,83.0,2,5,358,1281.0,5354,23.07,2046.68,2015,0.0771513353115727,0.07692307692307693,1.0623145400593472,2.1572700296735907,0.3132530120481928,EXHAUSTION,0.02966755916899566,0.03296558328610244,0.02597377215783614,2,LOW (<15%),SLIGHT ACCEL (1.0-1.2),NEGATIVE (<1x),EXTREME (>1.0)
2015-07-09,131,49,0.43,0.43,364,673,24,78.0,2,6,433,1213.0,5353,23.63,2051.31,2015,0.06593406593406594,0.08333333333333333,1.1895604395604396,1.848901098901099,0.3076923076923077,EXHAUSTION,0.03558214019334005,0.024784162315788505,0.015721660792371805,2,LOW (<15%),SLIGHT ACCEL (1.0-1.2),NEGATIVE (<1x),EXTREME (>1.0)
2015-07-10,202,33,0.63,0.53,416,627,25,71.0,3,4,550,1054.0,5352,32.62,2076.62,2015,0.06009615384615385,0.12,1.3221153846153846,1.5072115384615385,0.352112676056338,EXHAUSTION,0.024087218653388698,0.0014591018096716812,0.00045747416474872793,1,LOW (<15%),ACCELERATING (1.2-1.5),NEGATIVE (<1x),EXTREME (>1.0)
2015-07-13,179,42,1.03,0.67,467,592,37,72.0,6,4,647,949.0,5352,38.17,2099.6,2015,0.07922912205567452,0.16216216216216217,1.385438972162741,1.2676659528907923,0.5138888888888888,EXHAUSTION,0.01365974471327891,-0.015221947037530992,0.002181367879596108,3,NORMAL (15-25%),ACCELERATING (1.2-1.5),NEGATIVE (<1x),EXTREME (>1.0)
2015-07-14,172,41,1.61,0.9,507,560,41,55.0,5,5,703,874.0,5351,41.4,2108.95,2015,0.08086785009861933,0.12195121951219512,1.3865877712031558,1.1045364891518739,0.7454545454545455,EXHAUSTION,0.004864980203418856,-0.007444462884373615,-0.011797339908485083,3,LOW (<15%),ACCELERATING (1.2-1.5),NEGATIVE (<1x),EXTREME (>1.0)
2015-07-15,67,185,2.15,0.78,454,620,39,85.0,8,3,620,993.0,5349,38.95,2107.4,2015,0.08590308370044053,0.20512820512820512,1.3656387665198237,1.3656387665198237,0.4588235294117647,EXHAUSTION,0.0032029989560595773,0.000555186485716952,-0.010130967068425534,3,NORMAL (15-25%),ACCELERATING (1.2-1.5),NEGATIVE (<1x),EXTREME (>1.0)
2015-07-16,117,98,1.85,0.87,499,631,44,75.0,9,4,701,956.0,5374,43.45,2124.3,2015,0.08817635270541083,0.20454545454545456,1.404809619238477,1.2645290581162325,0.5866666666666667,EXHAUSTION,-0.010426964176434628,-0.007376547568610836,-0.019258108553405928,3,NORMAL (15-25%),ACCELERATING (1.2-1.5),NEGATIVE (<1x),EXTREME (>1.0)
2015-07-17,73,187,1.1,0.82,498,656,47,79.0,10,3,671,1006.0,5360,40.77,2126.64,2015,0.09437751004016064,0.2127659574468085,1.3473895582329318,1.3172690763052208,0.5949367088607594,EXHAUSTION,-0.022095888349697113,-0.010721137569122963,-0.01650490915246583,4,NORMAL (15-25%),ACCELERATING (1.2-1.5),NEGATIVE (<1x),EXTREME (>1.0)
2015-07-20,53,285,0.61,0.79,477,717,40,107.0,7,3,579,1106.0,5361,39.15,2128.28,2015,0.08385744234800839,0.175,1.2138364779874213,1.5031446540880504,0.37383177570093457,EXHAUSTION,-0.028492491589452662,-0.014208656755690163,-0.012141259608698163,3,NORMAL (15-25%),ACCELERATING (1.2-1.5),NEGATIVE (<1x),EXTREME (>1.0)
2015-07-21,79,90,0.46,0.86,457,702,28,113.0,4,6,572,1106.0,5360,36.4,2119.21,2015,0.061269146608315096,0.14285714285714285,1.2516411378555798,1.536105032822757,0.24778761061946902,EXHAUSTION,-0.012249847820650195,-0.012216816643938033,-0.01051807041303121,1,LOW (<15%),ACCELERATING (1.2-1.5),NEGATIVE (<1x),EXTREME (>1.0)
2015-07-22,97,171,0.5,0.99,474,733,32,143.0,6,5,620,1139.0,5364,37.98,2114.15,2015,0.06751054852320675,0.1875,1.3080168776371308,1.5464135021097047,0.22377622377622378,EXHAUSTION,-0.002639358607478104,-0.006768677719177885,-0.01631388501288944,2,NORMAL (15-25%),ACCELERATING (1.2-1.5),NEGATIVE (<1x),EXTREME (>1.0)
2015-07-23,102,188,0.44,0.86,451,743,38,143.0,8,5,551,1221.0,5363,32.4,2102.15,2015,0.08425720620842572,0.21052631578947367,1.221729490022173,1.647450110864745,0.26573426573426573,EXHAUSTION,0.003082558333135088,-0.00884332706990465,-0.03122993126085205,3,NORMAL (15-25%),ACCELERATING (1.2-1.5),NEGATIVE (<1x),EXTREME (>1.0)
2015-07-24,76,265,0.41,0.65,393,826,31,167.0,8,6,479,1379.0,5365,27.97,2079.65,2015,0.07888040712468193,0.25806451612903225,1.2188295165394403,2.1017811704834606,0.18562874251497005,EXHAUSTION,0.011631764960450042,-0.0010001682975500081,-0.05229726155843528,3,ELEVATED (25-35%),ACCELERATING (1.2-1.5),NEGATIVE (<1x),EXTREME (>1.0)
2015-07-27,56,229,0.43,0.51,361,853,36,179.0,6,13,401,1471.0,5367,25.26,2067.64,2015,0.0997229916897507,0.16666666666666666,1.110803324099723,2.3628808864265927,0.2011173184357542,EXHAUSTION,0.01470275289702272,0.01767232206767133,-0.08415875103983272,5,NORMAL (15-25%),SLIGHT ACCEL (1.0-1.2),NEGATIVE (<1x),EXTREME (>1.0)
2015-07-28,241,62,0.63,0.55,385,795,49,121.0,8,9,461,1352.0,5348,28.68,2093.25,2015,0.12727272727272726,0.16326530612244897,1.1974025974025975,2.064935064935065,0.4049586776859504,EXHAUSTION,3.3440821688879296e-05,-0.004385524901468929,-0.10779410008360213,6,NORMAL (15-25%),SLIGHT ACCEL (1.0-1.2),NEGATIVE (<1x),EXTREME (>1.0)
2015-07-29,208,95,0.81,0.66,387,738,32,104.0,4,7,545,1267.0,5348,33.59,2108.57,2015,0.082687338501292,0.125,1.4082687338501292,1.9069767441860466,0.3076923076923077,EXHAUSTION,-0.004140246707484252,-0.010680224038092212,-0.07970330603205023,3,LOW (<15%),ACCELERATING (1.2-1.5),NEGATIVE (<1x),EXTREME (>1.0)
2015-07-30,153,139,0.93,0.67,396,735,31,97.0,5,10,538,1281.0,5351,34.09,2108.63,2015,0.07828282828282829,0.16129032258064516,1.3585858585858586,1.856060606060606,0.31958762886597936,EXHAUSTION,-0.011889236139104642,-0.011969857205863632,-0.05736900262255584,3,NORMAL (15-25%),ACCELERATING (1.2-1.5),NEGATIVE (<1x),EXTREME (>1.0)
2015-07-31,173,117,1.29,0.75,434,742,51,93.0,8,10,584,1263.0,5361,37.54,2103.84,2015,0.1175115207373272,0.1568627450980392,1.3456221198156681,1.7096774193548387,0.5483870967741935,EXHAUSTION,-0.012486691003118056,-0.005846452201688446,-0.054647691839683765,6,NORMAL (15-25%),ACCELERATING (1.2-1.5),NEGATIVE (<1x),EXTREME (>1.0)
2015-08-03,63,224,1.32,0.79,398,795,40,102.0,9,9,539,1336.0,5361,35.41,2098.04,2015,0.10050251256281408,0.225,1.3542713567839195,1.9974874371859297,0.39215686274509803,EXHAUSTION,0.0029265409620407024,0.002097195477684055,-0.059989323368477177,5,NORMAL (15-25%),ACCELERATING (1.2-1.5),NEGATIVE (<1x),EXTREME (>1.0)
2015-08-04,107,140,0.98,0.78,407,805,49,120.0,8,14,557,1366.0,5361,35.2,2093.32,2015,0.12039312039312039,0.16326530612244897,1.3685503685503686,1.9778869778869779,0.4083333333333333,EXHAUSTION,-0.0044188179542544725,0.0017197561767909875,-0.08573462251351927,6,NORMAL (15-25%),ACCELERATING (1.2-1.5),NEGATIVE (<1x),EXTREME (>1.0)
2015-08-05,162,240,0.77,0.79,442,801,76,107.0,12,13,609,1375.0,5366,36.13,2099.84,2015,0.17194570135746606,0.15789473684210525,1.3778280542986425,1.8122171945701357,0.7102803738317757,NEUTRAL,-0.006567167022249243,-0.00961025601950638,-0.07190071624504735,8,NORMAL (15-25%),ACCELERATING (1.2-1.5),NEGATIVE (<1x),EXTREME (>1.0)
2015-08-06,212,354,0.67,0.78,375,821,52,124.0,6,14,583,1488.0,5370,33.71,2083.56,2015,0.13866666666666666,0.11538461538461539,1.5546666666666666,2.1893333333333334,0.41935483870967744,EXHAUSTION,-8.159112288586012e-05,-0.022586342605924403,-0.0635594847280615,7,LOW (<15%),STRONG ACCEL (>1.5),NEGATIVE (<1x),EXTREME (>1.0)
2015-08-07,102,218,0.55,0.81,362,880,38,156.0,6,15,576,1544.0,5370,32.36,2077.57,2015,0.10497237569060773,0.15789473684210525,1.591160220994475,2.430939226519337,0.24358974358974358,EXHAUSTION,0.006724201831947774,-0.051348450353056685,-0.07525618872047635,5,NORMAL (15-25%),STRONG ACCEL (>1.5),NEGATIVE (<1x),EXTREME (>1.0)
2015-08-10,328,67,0.89,1.06,418,787,37,139.0,4,11,766,1359.0,5370,39.79,2104.18,2015,0.08851674641148326,0.10810810810810811,1.832535885167464,1.8827751196172249,0.26618705035971224,EXHAUSTION,-0.000826925453145555,-0.1000627322757558,-0.06404870305772303,4,LOW (<15%),STRONG ACCEL (>1.5),NEGATIVE (<1x),EXTREME (>1.0)
2015-08-11,80,243,0.79,0.86,385,868,31,192.0,6,14,684,1446.0,5371,35.41,2084.07,2015,0.08051948051948052,0.1935483870967742,1.7766233766233765,2.2545454545454544,0.16145833333333334,EXHAUSTION,0.006165819766130731,-0.10386407366355266,-0.06815030205319406,3,NORMAL (15-25%),STRONG ACCEL (>1.5),NEGATIVE (<1x),EXTREME (>1.0)
2015-08-12,200,103,0.94,0.86,393,829,37,151.0,5,13,727,1420.0,5374,34.01,2086.05,2015,0.09414758269720101,0.13513513513513514,1.8498727735368956,2.10941475826972,0.24503311258278146,EXHAUSTION,-0.0030632055799239,-0.06976822223820145,-0.0641211859734907,4,LOW (<15%),STRONG ACCEL (>1.5),NEGATIVE (<1x),EXTREME (>1.0)
2015-08-13,93,151,1.03,0.82,366,884,31,190.0,5,11,676,1439.0,5375,33.3,2083.39,2015,0.08469945355191257,0.16129032258064516,1.8469945355191257,2.4153005464480874,0.1631578947368421,EXHAUSTION,-0.022506587820811164,-0.04594915018311496,-0.05872160277240457,3,NORMAL (15-25%),STRONG ACCEL (>1.5),NEGATIVE (<1x),EXTREME (>1.0)
2015-08-14,96,97,1.21,0.79,373,861,39,177.0,4,9,740,1301.0,5375,37.3,2091.54,2015,0.10455764075067024,0.10256410256410256,1.9839142091152815,2.3083109919571045,0.22033898305084745,EXHAUSTION,-0.057684768161259115,-0.049088231637931856,-0.06622393069221721,5,LOW (<15%),STRONG ACCEL (>1.5),NEGATIVE (<1x),EXTREME (>1.0)
2015-08-17,179,72,0.97,0.93,397,833,56,137.0,5,10,823,1221.0,5375,40.82,2102.44,2015,0.14105793450881612,0.08928571428571429,2.0730478589420653,2.09823677581864,0.40875912408759124,EXHAUSTION,-0.09931793535130606,-0.061956583778847385,-0.05914556420159445,7,LOW (<15%),STRONG ACCEL (>1.5),NEGATIVE (<1x),EXTREME (>1.0)
2015-08-18,66,145,1.12,0.9,353,873,46,151.0,5,11,711,1301.0,5374,39.07,2096.92,2015,0.13031161473087818,0.10869565217391304,2.0141643059490084,2.4730878186968837,0.304635761589404,EXHAUSTION,-0.10935562634721407,-0.08730423669000253,-0.04845678423592703,7,LOW (<15%),STRONG ACCEL (>1.5),NEGATIVE (<1x),EXTREME (>1.0)
2015-08-19,72,232,0.73,0.85,337,948,43,190.0,8,12,650,1400.0,5412,34.13,2079.66,2015,0.12759643916913946,0.18604651162790697,1.9287833827893175,2.8130563798219583,0.22631578947368422,EXHAUSTION,-0.06690997566909973,-0.06289489628112288,-0.043016646951905546,6,NORMAL (15-25%),STRONG ACCEL (>1.5),NEGATIVE (<1x),EXTREME (>1.0)
2015-08-20,52,519,0.44,0.69,280,1057,35,245.0,5,15,485,1607.0,5413,26.8,2036.5,2015,0.125,0.14285714285714285,1.7321428571428572,3.775,0.14285714285714285,EXHAUSTION,-0.023982322612325024,-0.04191996071691617,-0.038531794745887527,6,LOW (<15%),STRONG ACCEL (>1.5),NEGATIVE (<1x),EXTREME (>1.0)
2015-08-21,78,405,0.33,0.61,248,1135,34,219.0,6,16,425,1828.0,5411,18.11,1970.89,2015,0.13709677419354838,0.17647058823529413,1.7137096774193548,4.576612903225806,0.1552511415525114,EXHAUSTION,0.009122782093368809,-0.025201812379178956,-0.0019889491549502925,7,NORMAL (15-25%),STRONG ACCEL (>1.5),NEGATIVE (<1x),EXTREME (>1.0)
2015-08-24,38,1400,0.11,0.28,179,1349,23,256.0,5,15,274,2491.0,5412,7.11,1893.63,2015,0.12849162011173185,0.21739130434782608,1.5307262569832403,7.5363128491620115,0.08984375,EXHAUSTION,0.04148117636497095,0.04001837740213232,0.025934316629964593,6,NORMAL (15-25%),STRONG ACCEL (>1.5),NEGATIVE (<1x),EXTREME (>1.0)
2015-08-25,85,103,0.12,0.3,184,1371,21,299.0,5,15,269,2599.0,5412,6.08,1867.61,2015,0.11413043478260869,0.23809523809523808,1.4619565217391304,7.451086956521739,0.07023411371237458,EXHAUSTION,0.024758916476137927,0.039853074249977194,0.03809681892900563,6,NORMAL (15-25%),ACCELERATING (1.2-1.5),NEGATIVE (<1x),EXTREME (>1.0)
2015-08-26,347,100,0.24,0.34,206,1224,23,252.0,6,14,349,2176.0,5412,9.67,1940.51,2015,0.11165048543689321,0.2608695652173913,1.6941747572815533,5.941747572815534,0.09126984126984126,EXHAUSTION,0.004302992512277726,0.006070569077201382,-0.004261766236710929,5,ELEVATED (25-35%),STRONG ACCEL (>1.5),NEGATIVE (<1x),EXTREME (>1.0)
2015-08-27,522,28,0.53,0.5,278,1078,30,169.0,5,11,631,1809.0,5412,15.93,1987.66,2015,0.1079136690647482,0.16666666666666666,2.2697841726618706,3.8776978417266186,0.17751479289940827,EXHAUSTION,-0.018378394695269806,-0.013387601501262836,-0.028334825875652836,5,NORMAL (15-25%),STRONG ACCEL (>1.5),NEGATIVE (<1x),EXTREME (>1.0)
2015-08-28,259,32,0.75,0.56,355,975,30,134.0,6,6,854,1633.0,5413,18.54,1988.87,2015,0.08450704225352113,0.2,2.4056338028169013,2.7464788732394365,0.22388059701492538,EXHAUSTION,-0.03401428952118535,-0.01802028287419488,-0.05145635461342368,3,NORMAL (15-25%),STRONG ACCEL (>1.5),NEGATIVE (<1x),EXTREME (>1.0)
2015-08-31,163,96,3.83,0.55,410,957,41,120.0,5,6,886,1605.0,5413,19.14,1972.18,2015,0.1,0.12195121951219512,2.1609756097560977,2.3341463414634145,0.3416666666666667,EXHAUSTION,-0.001404537111217019,0.002996683872668715,-0.04466630834913654,5,LOW (<15%),STRONG ACCEL (>1.5),NEGATIVE (<1x),EXTREME (>1.0)
2015-09-01,50,452,1.89,0.49,313,1104,35,149.0,6,8,662,2067.0,5413,11.9,1913.85,2015,0.11182108626198083,0.17142857142857143,2.1150159744408947,3.527156549520767,0.2348993288590604,EXHAUSTION,0.014729472006688171,0.04256341928573293,0.003229093189121457,5,NORMAL (15-25%),STRONG ACCEL (>1.5),NEGATIVE (<1x),EXTREME (>1.0)
2015-09-02,168,61,1.74,0.55,347,1027,44,131.0,8,8,781,1781.0,5413,15.15,1948.86,2015,0.12680115273775217,0.18181818181818182,2.250720461095101,2.9596541786743518,0.33587786259541985,EXHAUSTION,0.0017600032839710789,0.021212401096025513,-0.012848537093480328,6,NORMAL (15-25%),STRONG ACCEL (>1.5),NEGATIVE (<1x),EXTREME (>1.0)
2015-09-03,95,86,1.01,0.65,341,1017,43,102.0,5,6,777,1685.0,5414,16.74,1951.13,2015,0.12609970674486803,0.11627906976744186,2.278592375366569,2.9824046920821115,0.4215686274509804,EXHAUSTION,0.00508423323919982,0.0035364122329111236,0.00011788040776350428,6,LOW (<15%),STRONG ACCEL (>1.5),NEGATIVE (<1x),EXTREME (>1.0)
2015-09-04,41,71,0.67,0.73,330,1051,42,89.0,6,5,726,1840.0,5414,14.34,1921.22,2015,0.12727272727272726,0.14285714285714285,2.2,3.184848484848485,0.47191011235955055,EXHAUSTION,0.016557187620366287,0.023812993826839213,0.034264685980782916,6,LOW (<15%),STRONG ACCEL (>1.5),NEGATIVE (<1x),EXTREME (>1.0)
2015-09-08,419,50,1.07,1.99,397,952,36,79.0,5,7,955,1455.0,5414,20.71,1969.41,2015,0.0906801007556675,0.1388888888888889,2.4055415617128464,2.397984886649874,0.45569620253164556,EXHAUSTION,0.004407411356700752,-0.013542126829862777,0.00528584703032875,4,LOW (<15%),STRONG ACCEL (>1.5),NEGATIVE (<1x),EXTREME (>1.0)
2015-09-09,73,206,1.68,1.81,355,989,30,68.0,6,8,808,1546.0,5415,17.84,1942.04,2015,0.08450704225352113,0.2,2.276056338028169,2.7859154929577463,0.4411764705882353,EXHAUSTION,0.027429919054190455,-0.001688945644785833,0.027697678729583286,3,NORMAL (15-25%),STRONG ACCEL (>1.5),NEGATIVE (<1x),EXTREME (>1.0)
2015-09-10,112,87,1.48,1.63,380,968,31,71.0,7,8,887,1451.0,5413,19.07,1952.29,2015,0.08157894736842106,0.22580645161290322,2.3342105263157893,2.5473684210526315,0.43661971830985913,EXHAUSTION,0.019418221678131786,-0.010269990626392556,0.03131706867319917,3,NORMAL (15-25%),STRONG ACCEL (>1.5),NEGATIVE (<1x),EXTREME (>1.0)
2015-09-11,101,123,1.39,1.17,381,981,31,69.0,6,8,895,1427.0,5417,19.93,1961.05,2015,0.08136482939632546,0.1935483870967742,2.3490813648293964,2.574803149606299,0.4492753623188406,EXHAUSTION,-0.0015399913311746616,-0.015150047168608682,0.0274546798908748,3,NORMAL (15-25%),STRONG ACCEL (>1.5),NEGATIVE (<1x),EXTREME (>1.0)
2015-09-14,97,119,1.37,0.98,386,1021,35,73.0,8,7,818,1501.0,5418,18.39,1953.03,2015,0.09067357512953368,0.22857142857142856,2.1191709844559585,2.645077720207254,0.4794520547945205,EXHAUSTION,0.007137627174185868,-0.03404965617527633,0.03298976462215131,4,NORMAL (15-25%),STRONG ACCEL (>1.5),NEGATIVE (<1x),EXTREME (>1.0)
2015-09-15,143,55,0.89,0.99,430,969,23,75.0,6,7,914,1359.0,5418,23.89,1978.09,2015,0.053488372093023255,0.2608695652173913,2.125581395348837,2.2534883720930234,0.30666666666666664,EXHAUSTION,-0.01787077433281592,-0.0475205880420001,0.012941777168885116,1,ELEVATED (25-35%),STRONG ACCEL (>1.5),NEGATIVE (<1x),EXTREME (>1.0)
2015-09-16,318,54,1.76,1.72,471,888,37,54.0,7,7,1077,1161.0,5416,32.63,1995.31,2015,0.07855626326963906,0.1891891891891892,2.286624203821656,1.8853503184713376,0.6851851851851852,EXHAUSTION,-0.028341460725401002,-0.037728473269817764,-0.0005362575238935241,3,NORMAL (15-25%),STRONG ACCEL (>1.5),NEGATIVE (<1x),EXTREME (>1.0)
2015-09-17,199,61,2.08,1.75,537,842,54,38.0,9,6,1122,1101.0,5422,35.36,1990.2,2015,0.1005586592178771,0.16666666666666666,2.089385474860335,1.5679702048417132,1.4210526315789473,EXHAUSTION,-0.029122701236056647,-0.033353431815898005,0.016912873078082535,5,NORMAL (15-25%),STRONG ACCEL (>1.5),WEAK (1-2x),EXTREME (>1.0)
2015-09-18,164,374,1.39,1.39,508,918,72,27.0,12,3,994,1246.0,5421,27.78,1958.03,2015,0.14173228346456693,0.16666666666666666,1.9566929133858268,1.8070866141732282,2.6666666666666665,EXHAUSTION,-0.01363104753246891,-0.0034064850896053933,0.038344662747761715,7,NORMAL (15-25%),STRONG ACCEL (>1.5),MODERATE (2-3x),EXTREME (>1.0)
2015-09-21,48,101,1.35,1.36,448,944,63,28.0,12,3,946,1237.0,5421,30.09,1966.97,2015,0.140625,0.19047619047619047,2.111607142857143,2.107142857142857,2.25,EXHAUSTION,-0.04089538732161657,0.010208594945525284,0.03390494008551226,7,NORMAL (15-25%),STRONG ACCEL (>1.5),MODERATE (2-3x),EXTREME (>1.0)
2015-09-22,40,279,0.88,0.89,388,1039,92,24.0,13,3,756,1464.0,5422,22.42,1942.74,2015,0.23711340206185566,0.14130434782608695,1.9484536082474226,2.6778350515463916,3.8333333333333335,NEUTRAL,-0.03018932023842613,0.019086444918002377,0.04685650164201083,9,LOW (<15%),STRONG ACCEL (>1.5),STRONG (3-5x),EXTREME (>1.0)
2015-09-23,54,202,0.5,0.88,363,1121,75,23.0,11,4,694,1522.0,5424,21.91,1938.76,2015,0.2066115702479339,0.14666666666666667,1.9118457300275482,3.088154269972452,3.260869565217391,NEUTRAL,-0.0096608141286183,0.029436340753883794,0.04135633085064683,9,LOW (<15%),STRONG ACCEL (>1.5),STRONG (3-5x),EXTREME (>1.0)
2015-09-24,121,136,0.39,0.85,365,1103,58,36.0,10,5,707,1520.0,5421,22.04,1932.24,2015,0.1589041095890411,0.1724137931034483,1.936986301369863,3.021917808219178,1.6111111111111112,NEUTRAL,-0.0043576367324970056,0.042018589823210384,0.062243820643398395,8,NORMAL (15-25%),STRONG ACCEL (>1.5),WEAK (1-2x),EXTREME (>1.0)
2015-09-25,36,436,0.26,0.67,312,1190,34,79.0,8,7,563,1688.0,5423,21.01,1931.34,2015,0.10897435897435898,0.23529411764705882,1.8044871794871795,3.8141025641025643,0.43037974683544306,EXHAUSTION,0.010365859972868652,0.043260119916741946,0.07446125488003164,5,NORMAL (15-25%),STRONG ACCEL (>1.5),NEGATIVE (<1x),EXTREME (>1.0)
2015-09-28,25,840,0.15,0.45,221,1380,20,198.0,5,12,384,2098.0,5423,13.16,1886.53,2015,0.09049773755656108,0.25,1.737556561085973,6.244343891402715,0.10101010101010101,EXHAUSTION,0.05328301166692295,0.06940255389524697,0.09787811484577502,4,NORMAL (15-25%),STRONG ACCEL (>1.5),NEGATIVE (<1x),EXTREME (>1.0)
2015-09-29,64,293,0.16,0.39,208,1383,20,254.0,5,19,346,2116.0,5426,13.67,1884.09,2015,0.09615384615384616,0.25,1.6634615384615385,6.649038461538462,0.07874015748031496,EXHAUSTION,0.05080967469706854,0.0634789208583455,0.09649220578634776,4,NORMAL (15-25%),STRONG ACCEL (>1.5),NEGATIVE (<1x),EXTREME (>1.0)
2015-09-30,340,75,0.33,0.39,245,1269,29,166.0,7,11,469,1817.0,5427,19.17,1920.03,2015,0.11836734693877551,0.2413793103448276,1.9142857142857144,5.179591836734694,0.1746987951807229,EXHAUSTION,0.03947854981432575,0.038650437753576794,0.0887069472872819,6,NORMAL (15-25%),STRONG ACCEL (>1.5),NEGATIVE (<1x),EXTREME (>1.0)
2015-10-01,87,127,0.31,0.34,248,1257,23,185.0,5,19,497,1865.0,5425,19.74,1923.82,2015,0.09274193548387097,0.21739130434782608,2.004032258064516,5.068548387096774,0.12432432432432433,EXHAUSTION,0.04657920179642594,0.052000706926843554,0.0860735411836866,4,NORMAL (15-25%),STRONG ACCEL (>1.5),NEGATIVE (<1x),EXTREME (>1.0)
2015-10-02,440,45,0.69,0.5,337,1117,36,132.0,6,15,759,1581.0,5430,27.38,1951.36,2015,0.10682492581602374,0.16666666666666666,2.2522255192878338,3.314540059347181,0.2727272727272727,EXHAUSTION,0.032556780911774386,0.04189385864217776,0.0655952771400461,5,NORMAL (15-25%),STRONG ACCEL (>1.5),NEGATIVE (<1x),EXTREME (>1.0)
2015-10-05,511,36,2.5,0.7,471,938,49,88.0,8,12,1184,1203.0,5430,44.75,1987.05,2015,0.1040339702760085,0.16326530612244897,2.51380042462845,1.9915074309978769,0.5568181818181818,EXHAUSTION,0.01530409400870636,0.023456883319493693,0.0588812561334644,5,NORMAL (15-25%),STRONG ACCEL (>1.5),NEGATIVE (<1x),EXTREME (>1.0)
2015-10-06,232,131,3.89,0.82,525,910,37,132.0,7,14,1208,1118.0,5431,46.98,1979.82,2015,0.07047619047619047,0.1891891891891892,2.300952380952381,1.7333333333333334,0.2803030303030303,EXHAUSTION,0.012056651614793301,0.027249952015839796,0.06564738208524012,2,NORMAL (15-25%),STRONG ACCEL (>1.5),NEGATIVE (<1x),EXTREME (>1.0)
2015-10-07,313,55,4.02,1.0,644,810,49,91.0,5,12,1496,863.0,5432,57.88,1995.83,2015,0.07608695652173914,0.10204081632653061,2.3229813664596275,1.2577639751552796,0.5384615384615384,EXHAUSTION,-0.000796661038264701,0.011579142512137874,0.0533512373298326,2,LOW (<15%),STRONG ACCEL (>1.5),NEGATIVE (<1x),EXTREME (>1.0)
2015-10-08,180,71,4.96,1.06,725,771,56,104.0,8,11,1721,740.0,5430,65.03,2013.43,2015,0.07724137931034483,0.14285714285714285,2.3737931034482758,1.063448275862069,0.5384615384615384,EXHAUSTION,0.005180214857233523,0.019409664105531466,0.04296151343726873,2,LOW (<15%),STRONG ACCEL (>1.5),NEGATIVE (<1x),EXTREME (>1.0)
2015-10-09,156,63,3.91,1.35,750,752,62,100.0,9,9,1732,706.0,5440,65.4,2014.89,2015,0.08266666666666667,0.14516129032258066,2.3093333333333335,1.0026666666666666,0.62,EXHAUSTION,0.009042677267741661,0.029907339854781112,0.041843475326196256,3,LOW (<15%),STRONG ACCEL (>1.5),NEGATIVE (<1x),EXTREME (>1.0)
2015-10-12,68,112,2.2,2.37,658,807,65,97.0,8,9,1684,473.0,5442,65.32,2017.46,2015,0.09878419452887538,0.12307692307692308,2.559270516717325,1.2264437689969605,0.6701030927835051,EXHAUSTION,0.008029898981888106,0.026627541562162182,0.030345087387110503,4,LOW (<15%),STRONG ACCEL (>1.5),NEGATIVE (<1x),EXTREME (>1.0)
2015-10-13,50,212,1.5,2.56,591,868,42,136.0,6,13,1318,879.0,5442,59.94,2003.69,2015,0.07106598984771574,0.14285714285714285,2.230118443316413,1.4686971235194586,0.3088235294117647,EXHAUSTION,0.015012302302252367,0.03104272617021575,0.03893815909646703,2,LOW (<15%),STRONG ACCEL (>1.5),NEGATIVE (<1x),EXTREME (>1.0)
2015-10-14,141,126,1.02,2.23,597,859,28,140.0,4,14,1238,940.0,5438,57.55,1994.24,2015,0.04690117252931323,0.14285714285714285,2.073701842546064,1.4388609715242882,0.2,EXHAUSTION,0.012385670731707377,0.04819379813863933,0.0404966302952503,0,LOW (<15%),STRONG ACCEL (>1.5),NEGATIVE (<1x),EXTREME (>1.0)
2015-10-15,348,40,1.38,2.74,730,743,36,119.0,5,13,1585,767.0,5439,65.97,2023.86,2015,0.049315068493150684,0.1388888888888889,2.171232876712329,1.0178082191780822,0.3025210084033613,EXHAUSTION,0.01415611751801027,0.032388603954818906,0.010924668702380735,0,LOW (<15%),STRONG ACCEL (>1.5),NEGATIVE (<1x),EXTREME (>1.0)
2015-10-16,85,109,1.16,2.18,721,729,46,113.0,6,15,1553,775.0,5448,65.4,2033.11,2015,0.0638002773925104,0.13043478260869565,2.1539528432732316,1.0110957004160888,0.40707964601769914,EXHAUSTION,0.020677680991190828,0.022748400234124277,-3.4430011165098584e-05,1,LOW (<15%),STRONG ACCEL (>1.5),NEGATIVE (<1x),EXTREME (>1.0)
2015-10-19,84,141,1.13,1.56,680,718,51,86.0,6,14,1561,794.0,5448,64.93,2033.66,2015,0.075,0.11764705882352941,2.2955882352941175,1.0558823529411765,0.5930232558139535,EXHAUSTION,0.01844949499916404,0.03461247209464724,0.009603375195460284,2,LOW (<15%),STRONG ACCEL (>1.5),NEGATIVE (<1x),EXTREME (>1.0)
2015-10-20,96,133,1.37,1.43,693,730,68,93.0,8,13,1521,798.0,5450,67.48,2033.77,2015,0.09812409812409813,0.11764705882352941,2.1948051948051948,1.0533910533910533,0.7311827956989247,EXHAUSTION,0.01579332962921076,0.0373788579829577,0.008196600402208709,4,LOW (<15%),STRONG ACCEL (>1.5),NEGATIVE (<1x),EXTREME (>1.0)
2015-10-21,39,296,0.91,0.96,605,784,64,111.0,10,16,1279,938.0,5451,59.61,2018.94,2015,0.10578512396694215,0.15625,2.1140495867768596,1.2958677685950413,0.5765765765765766,EXHAUSTION,0.03537004566752833,0.041293946328271325,0.03201680089551928,5,NORMAL (15-25%),STRONG ACCEL (>1.5),NEGATIVE (<1x),EXTREME (>1.0)
2015-10-22,208,192,0.59,0.9,660,761,69,112.0,8,14,1527,908.0,5453,63.8,2052.51,2015,0.10454545454545454,0.11594202898550725,2.3136363636363635,1.153030303030303,0.6160714285714286,EXHAUSTION,0.017977987926977024,0.023103419715372775,0.013997495749106914,5,LOW (<15%),STRONG ACCEL (>1.5),NEGATIVE (<1x),EXTREME (>1.0)
2015-10-23,178,138,0.67,0.87,730,727,110,70.0,12,10,1610,872.0,5455,65.6,2075.15,2015,0.1506849315068493,0.10909090909090909,2.2054794520547945,0.9958904109589041,1.5714285714285714,NEUTRAL,0.0020287690046503215,0.011589523648892763,0.006756138110498133,8,LOW (<15%),STRONG ACCEL (>1.5),WEAK (1-2x),HIGH (0.7-1.0)
2015-10-26,88,185,0.65,0.84,664,748,154,46.0,17,6,1485,950.0,5455,63.47,2071.18,2015,0.2319277108433735,0.11038961038961038,2.23644578313253,1.1265060240963856,3.347826086956522,NEUTRAL,0.015870180283703128,0.003621124190075209,0.007440203169208015,9,LOW (<15%),STRONG ACCEL (>1.5),STRONG (3-5x),EXTREME (>1.0)
2015-10-27,93,370,0.51,0.79,565,825,153,44.0,18,5,1277,1087.0,5454,55.15,2065.89,2015,0.27079646017699116,0.11764705882352941,2.2601769911504426,1.4601769911504425,3.477272727272727,MID_BULL,0.021249921341407463,0.007657716528953751,0.011254229412021033,9,LOW (<15%),STRONG ACCEL (>1.5),STRONG (3-5x),EXTREME (>1.0)
2015-10-28,557,71,1.18,1.06,727,712,169,45.0,19,5,1697,898.0,5454,64.27,2090.35,2015,0.2324621733149931,0.11242603550295859,2.3342503438789546,0.9793672627235214,3.7555555555555555,NEUTRAL,0.005721529887339427,-0.007343267873801018,-0.0007080154041189113,9,LOW (<15%),STRONG ACCEL (>1.5),STRONG (3-5x),HIGH (0.7-1.0)
2015-10-29,119,209,1.06,0.84,698,743,164,48.0,23,7,1540,969.0,5456,60.99,2089.41,2015,0.2349570200573066,0.1402439024390244,2.206303724928367,1.0644699140401146,3.4166666666666665,NEUTRAL,0.005034914162371118,-0.020790558100133416,0.00033502280548103336,9,LOW (<15%),STRONG ACCEL (>1.5),STRONG (3-5x),EXTREME (>1.0)
2015-10-30,129,130,1.02,0.85,714,734,126,60.0,17,7,1506,970.0,5458,60.26,2079.36,2015,0.17647058823529413,0.1349206349206349,2.1092436974789917,1.0280112044817926,2.1,NEUTRAL,0.009541397353031611,-0.02227608494921518,0.0005049630655584725,8,LOW (<15%),STRONG ACCEL (>1.5),MODERATE (2-3x),EXTREME (>1.0)
2015-11-02,404,49,1.57,1.08,867,636,115,58.0,15,5,1859,822.0,5458,67.5,2104.05,2015,0.13264129181084197,0.13043478260869565,2.144175317185698,0.7335640138408305,1.9827586206896552,EXHAUSTION,-0.012057698248615911,-0.024172429362420145,-0.000674888904731441,7,LOW (<15%),STRONG ACCEL (>1.5),WEAK (1-2x),HIGH (0.7-1.0)
2015-11-03,315,92,2.77,1.23,958,566,143,51.0,18,3,1925,741.0,5439,69.18,2109.79,2015,0.14926931106471816,0.1258741258741259,2.009394572025052,0.5908141962421712,2.803921568627451,EXHAUSTION,-0.013309381502424333,-0.02813076182937635,-0.01435213931244328,7,LOW (<15%),STRONG ACCEL (>1.5),MODERATE (2-3x),ELEVATED (0.5-0.7)
2015-11-04,146,141,1.79,1.42,952,567,116,61.0,13,4,1902,761.0,5461,66.17,2102.31,2015,0.12184873949579832,0.11206896551724138,1.9978991596638656,0.5955882352941176,1.901639344262295,EXHAUSTION,-0.012990472385138174,-0.008909247446856061,-0.024996313578872664,6,LOW (<15%),STRONG ACCEL (>1.5),WEAK (1-2x),ELEVATED (0.5-0.7)
2015-11-05,146,243,1.74,1.34,931,577,103,74.0,13,7,1869,792.0,5461,64.09,2099.93,2015,0.11063372717508056,0.1262135922330097,2.007518796992481,0.6197636949516648,1.3918918918918919,EXHAUSTION,-0.02569609463172573,-0.008900296676555897,-0.003923940321820196,5,LOW (<15%),STRONG ACCEL (>1.5),WEAK (1-2x),ELEVATED (0.5-0.7)
2015-11-06,215,207,1.67,1.3,983,575,118,88.0,11,12,1945,753.0,5463,61.66,2099.2,2015,0.12004069175991862,0.09322033898305085,1.9786368260427263,0.5849440488301119,1.3409090909090908,EXHAUSTION,-0.031516768292682906,-0.004778010670731581,-0.010542111280487654,6,LOW (<15%),STRONG ACCEL (>1.5),WEAK (1-2x),ELEVATED (0.5-0.7)
2015-11-09,91,195,1.04,1.3,911,619,118,83.0,8,11,1753,850.0,5463,55.38,2078.68,2015,0.12952799121844127,0.06779661016949153,1.9242590559824369,0.6794731064763996,1.4216867469879517,EXHAUSTION,-0.012262589720399397,0.0038052995170012593,-0.007259414628514094,7,LOW (<15%),STRONG ACCEL (>1.5),WEAK (1-2x),ELEVATED (0.5-0.7)
2015-11-10,111,227,0.7,1.43,882,623,155,91.0,16,10,1723,883.0,5464,55.62,2081.71,2015,0.17573696145124718,0.1032258064516129,1.9535147392290249,0.7063492063492064,1.7032967032967032,NEUTRAL,-0.015021304600544738,0.0035691811059177514,-0.01637596014814746,8,LOW (<15%),STRONG ACCEL (>1.5),WEAK (1-2x),HIGH (0.7-1.0)
2015-11-11,64,250,0.56,1.0,817,671,141,105.0,12,9,1609,938.0,5471,52.59,2075.0,2015,0.17258261933904528,0.0851063829787234,1.9694002447980417,0.8212974296205631,1.3428571428571427,NEUTRAL,0.004134939759036005,0.00668433734939744,-0.009600000000000053,8,LOW (<15%),STRONG ACCEL (>1.5),WEAK (1-2x),HIGH (0.7-1.0)
2015-11-12,56,304,0.45,0.91,709,725,78,164.0,6,14,1345,1104.0,5469,43.47,2045.97,2015,0.11001410437235543,0.07692307692307693,1.8970380818053596,1.0225669957686883,0.47560975609756095,EXHAUSTION,0.017238766941841677,0.021574118877598414,-0.01691129390949042,5,LOW (<15%),STRONG ACCEL (>1.5),NEGATIVE (<1x),EXTREME (>1.0)
2015-11-13,111,235,0.36,0.85,687,749,63,154.0,7,12,1201,1184.0,5471,38.12,2033.04,2015,0.09170305676855896,0.1111111111111111,1.7481804949053856,1.0902474526928676,0.4090909090909091,EXHAUSTION,0.027608900956203497,0.023300082634871933,-0.005459804037303728,4,LOW (<15%),STRONG ACCEL (>1.5),NEGATIVE (<1x),EXTREME (>1.0)
2015-11-16,152,114,0.44,0.7,735,718,72,134.0,8,13,1212,1100.0,5471,46.2,2053.19,2015,0.09795918367346938,0.1111111111111111,1.6489795918367347,0.9768707482993197,0.5373134328358209,EXHAUSTION,0.016267369313117674,0.024079602959297564,-0.004763319517433806,4,LOW (<15%),STRONG ACCEL (>1.5),NEGATIVE (<1x),HIGH (0.7-1.0)
2015-11-17,100,237,0.42,0.55,722,729,82,159.0,12,15,1141,1184.0,5470,42.92,2050.44,2015,0.11357340720221606,0.14634146341463414,1.580332409972299,1.0096952908587258,0.5157232704402516,EXHAUSTION,0.018873997776087004,0.01417744484110739,0.011036655547102203,6,LOW (<15%),STRONG ACCEL (>1.5),NEGATIVE (<1x),EXTREME (>1.0)
2015-11-18,219,74,0.66,0.61,801,676,128,120.0,16,12,1170,1068.0,5470,49.68,2083.58,2015,0.15980024968789014,0.125,1.4606741573033708,0.8439450686641697,1.0666666666666667,NEUTRAL,0.0025388993943116223,-0.016231678169304598,-0.02000883095441497,8,LOW (<15%),ACCELERATING (1.2-1.5),WEAK (1-2x),HIGH (0.7-1.0)
2015-11-19,101,156,0.84,0.61,791,688,118,123.0,13,13,1010,1118.0,5475,49.81,2081.24,2015,0.14917825537294563,0.11016949152542373,1.276864728192162,0.8697850821744627,0.959349593495935,EXHAUSTION,0.004261882339374745,0.005021045146162972,-0.03636774230747042,7,LOW (<15%),ACCELERATING (1.2-1.5),NEGATIVE (<1x),HIGH (0.7-1.0)
2015-11-20,123,142,0.96,0.58,832,680,104,128.0,11,15,1077,1111.0,5477,49.91,2089.17,2015,0.125,0.10576923076923077,1.2944711538461537,0.8173076923076923,0.8125,EXHAUSTION,-0.004193052743434067,-0.005791773766615438,-0.03255838443018044,6,LOW (<15%),ACCELERATING (1.2-1.5),NEGATIVE (<1x),HIGH (0.7-1.0)
2015-11-23,176,96,1.02,0.66,873,634,111,114.0,14,15,1096,1066.0,5477,50.15,2086.59,2015,0.12714776632302405,0.12612612612612611,1.2554410080183276,0.7262313860252004,0.9736842105263158,EXHAUSTION,0.00768718339491703,-0.011022769207175376,-0.022821924767204016,6,LOW (<15%),ACCELERATING (1.2-1.5),NEGATIVE (<1x),HIGH (0.7-1.0)
2015-11-24,262,63,1.66,0.82,904,592,137,82.0,21,8,1204,976.0,5476,52.04,2089.14,2015,0.1515486725663717,0.15328467153284672,1.331858407079646,0.6548672566371682,1.670731707317073,NEUTRAL,-0.004609552255952054,-0.01987420661133288,-0.01189484668332419,8,NORMAL (15-25%),ACCELERATING (1.2-1.5),WEAK (1-2x),ELEVATED (0.5-0.7)
2015-11-25,154,52,1.6,0.99,931,551,104,91.0,15,11,1321,930.0,5479,53.53,2088.87,2015,0.11170784103114931,0.14423076923076922,1.41890440386681,0.5918367346938775,1.1428571428571428,EXHAUSTION,-0.018723041644525318,-0.016176210104027477,-0.013351716478287257,5,LOW (<15%),ACCELERATING (1.2-1.5),WEAK (1-2x),ELEVATED (0.5-0.7)
2015-11-27,38,23,2.0,1.2,929,558,124,82.0,13,11,1333,900.0,5476,53.63,2090.11,2015,0.13347685683530677,0.10483870967741936,1.4348762109795479,0.6006458557588805,1.5121951219512195,EXHAUSTION,0.0007559410748716466,-0.03767265837683198,-0.01671682351646564,7,LOW (<15%),ACCELERATING (1.2-1.5),WEAK (1-2x),ELEVATED (0.5-0.7)
2015-11-30,189,174,2.01,1.34,925,567,117,76.0,15,13,1306,922.0,5477,51.79,2080.41,2015,0.1264864864864865,0.1282051282051282,1.411891891891892,0.6129729729729729,1.5394736842105263,EXHAUSTION,-0.0016054527713286193,-0.028105036987901344,-0.0009853826889890671,6,LOW (<15%),ACCELERATING (1.2-1.5),WEAK (1-2x),ELEVATED (0.5-0.7)
2015-12-01,144,85,1.98,1.37,959,552,85,94.0,11,15,1362,896.0,5474,54.66,2102.63,2015,0.0886339937434828,0.12941176470588237,1.4202294056308655,0.5755995828988529,0.9042553191489362,EXHAUSTION,-0.01856722295410984,-0.028164727032335746,-0.01867660976966945,4,LOW (<15%),ACCELERATING (1.2-1.5),NEGATIVE (<1x),ELEVATED (0.5-0.7)
2015-12-02,86,233,1.08,1.36,879,586,68,111.0,7,12,1168,978.0,5474,45.83,2079.51,2015,0.07736063708759955,0.10294117647058823,1.328782707622298,0.6666666666666666,0.6126126126126126,EXHAUSTION,-0.015335343422248626,-0.0030968834004164725,-0.01710979990478534,2,LOW (<15%),ACCELERATING (1.2-1.5),NEGATIVE (<1x),ELEVATED (0.5-0.7)
2015-12-03,61,257,0.67,1.04,785,652,45,116.0,4,12,1012,1101.0,5476,36.96,2049.76,2015,0.05732484076433121,0.08888888888888889,1.289171974522293,0.8305732484076433,0.3879310344827586,EXHAUSTION,0.0025954258059479596,-0.0038394738896261327,-0.9990242760128015,1,LOW (<15%),ACCELERATING (1.2-1.5),NEGATIVE (<1x),HIGH (0.7-1.0)
2015-12-04,141,202,0.65,1.04,829,651,47,112.0,7,12,1095,1066.0,5479,43.16,2091.69,2015,0.05669481302774427,0.14893617021276595,1.3208685162846803,0.7852834740651388,0.41964285714285715,EXHAUSTION,-0.0383995716382447,-0.04118201071860561,-0.9990438353675736,1,LOW (<15%),ACCELERATING (1.2-1.5),NEGATIVE (<1x),HIGH (0.7-1.0)
2015-12-07,54,483,0.39,0.78,724,773,25,168.0,3,15,957,1269.0,5480,36.17,2077.07,2015,0.034530386740331494,0.12,1.3218232044198894,1.0676795580110496,0.1488095238095238,EXHAUSTION,-0.026542196459435674,-0.0269225399240276,-0.9995185525764659,0,LOW (<15%),ACCELERATING (1.2-1.5),NEGATIVE (<1x),EXTREME (>1.0)
2015-12-08,106,143,0.34,0.72,709,779,26,157.0,3,14,911,1293.0,5474,30.58,2063.59,2015,0.036671368124118475,0.11538461538461539,1.2849083215796897,1.0987306064880114,0.16560509554140126,EXHAUSTION,-0.009779074331625948,-0.011930664521537793,-0.9995154076148848,0,LOW (<15%),ACCELERATING (1.2-1.5),NEGATIVE (<1x),EXTREME (>1.0)
2015-12-09,156,168,0.41,0.62,649,785,29,119.0,4,10,831,1343.0,5474,27.38,2047.62,2015,0.04468412942989214,0.13793103448275862,1.2804314329738058,1.2095531587057011,0.24369747899159663,EXHAUSTION,0.012429063986481914,0.008141159004112053,-0.9995116281341264,0,LOW (<15%),ACCELERATING (1.2-1.5),NEGATIVE (<1x),EXTREME (>1.0)
2015-12-10,138,78,0.55,0.6,675,769,41,90.0,4,10,824,1301.0,5476,26.35,2055.08,2015,0.06074074074074074,0.0975609756097561,1.2207407407407407,1.1392592592592592,0.45555555555555555,EXHAUSTION,-0.0064182416256300945,0.002870934464838326,-0.999513400938163,1,LOW (<15%),ACCELERATING (1.2-1.5),NEGATIVE (<1x),EXTREME (>1.0)
2015-12-11,41,518,0.36,0.48,554,898,38,100.0,7,12,636,1588.0,5472,17.07,2011.37,2015,0.06859205776173286,0.18421052631578946,1.148014440433213,1.6209386281588447,0.38,EXHAUSTION,-0.002893550167298864,0.02177620228998145,-0.9995028264317356,2,NORMAL (15-25%),SLIGHT ACCEL (1.0-1.2),NEGATIVE (<1x),EXTREME (>1.0)
2015-12-14,74,404,0.39,0.39,527,951,41,138.0,8,13,570,1729.0,5472,15.98,2021.94,2015,0.0777988614800759,0.1951219512195122,1.081593927893738,1.8045540796963946,0.2971014492753623,EXHAUSTION,-0.00039071386885858317,0.02790389427975115,-0.9995054254824575,3,NORMAL (15-25%),SLIGHT ACCEL (1.0-1.2),NEGATIVE (<1x),EXTREME (>1.0)
2015-12-15,226,91,0.5,0.42,580,896,53,135.0,5,14,613,1552.0,5471,21.52,2043.41,2015,0.09137931034482759,0.09433962264150944,1.056896551724138,1.5448275862068965,0.3925925925925926,EXHAUSTION,-0.0021728385395001215,0.009763092086267688,-0.9995106219505631,4,LOW (<15%),SLIGHT ACCEL (1.0-1.2),NEGATIVE (<1x),EXTREME (>1.0)
2015-12-16,328,78,0.69,0.55,671,816,72,113.0,13,8,754,1332.0,5472,29.98,2073.07,2015,0.10730253353204174,0.18055555555555555,1.1236959761549925,1.2160953800298062,0.6371681415929203,EXHAUSTION,-0.004235264607562739,-0.014056447683869822,-0.9995176236210065,5,NORMAL (15-25%),SLIGHT ACCEL (1.0-1.2),NEGATIVE (<1x),EXTREME (>1.0)
2015-12-17,117,270,0.58,0.57,632,867,56,139.0,9,13,678,1461.0,5472,25.67,2041.89,2015,0.08860759493670886,0.16071428571428573,1.0727848101265822,1.3718354430379747,0.4028776978417266,EXHAUSTION,0.00934918139566765,-0.9990205153068971,-0.9995102576534485,4,NORMAL (15-25%),SLIGHT ACCEL (1.0-1.2),NEGATIVE (<1x),EXTREME (>1.0)
2015-12-18,197,256,0.86,0.58,608,877,62,135.0,13,10,663,1580.0,5476,20.05,2005.55,2015,0.10197368421052631,0.20967741935483872,1.0904605263157894,1.4424342105263157,0.45925925925925926,EXHAUSTION,0.0247413427738028,-0.999002767320685,-0.9995013836603426,5,NORMAL (15-25%),SLIGHT ACCEL (1.0-1.2),NEGATIVE (<1x),EXTREME (>1.0)
2015-12-21,97,65,1.27,0.71,663,822,57,123.0,11,9,721,1479.0,5471,22.62,2021.15,2015,0.08597285067873303,0.19298245614035087,1.0874811463046756,1.239819004524887,0.4634146341463415,EXHAUSTION,0.028305667565494907,-0.9995052321698044,-0.9995052321698044,3,NORMAL (15-25%),SLIGHT ACCEL (1.0-1.2),NEGATIVE (<1x),EXTREME (>1.0)
2015-12-22,187,64,1.26,0.78,699,735,46,98.0,10,8,826,1325.0,5471,28.04,2038.97,2015,0.06580829756795423,0.21739130434782608,1.1816881258941345,1.0515021459227467,0.46938775510204084,EXHAUSTION,0.011961921950788934,-0.9995095562955806,-0.9995095562955806,2,NORMAL (15-25%),SLIGHT ACCEL (1.0-1.2),NEGATIVE (<1x),EXTREME (>1.0)
2015-12-23,383,39,1.41,0.96,832,667,51,86.0,11,7,1068,1072.0,5470,36.23,2064.29,2015,0.06129807692307692,0.21568627450980393,1.2836538461538463,0.8016826923076923,0.5930232558139535,EXHAUSTION,-0.009862955301822907,-0.9995155719399891,-0.9995155719399891,1,NORMAL (15-25%),ACCELERATING (1.2-1.5),NEGATIVE (<1x),HIGH (0.7-1.0)
2015-12-24,48,19,2.06,0.94,861,645,44,86.0,11,8,1071,1028.0,5469,36.72,2060.98,2015,0.05110336817653891,0.25,1.2439024390243902,0.7491289198606271,0.5116279069767442,EXHAUSTION,-0.9990295878659666,-0.9995147939329834,-0.9995147939329834,0,NORMAL (15-25%),ACCELERATING (1.2-1.5),NEGATIVE (<1x),HIGH (0.7-1.0)
2015-12-28,71,337,1.5,1.06,790,702,41,105.0,13,10,922,1078.0,5469,35.55,2055.17,2015,0.05189873417721519,0.3170731707317073,1.1670886075949367,0.8886075949367088,0.3904761904761905,EXHAUSTION,-0.999026844494616,-0.999513422247308,-0.999513422247308,0,ELEVATED (25-35%),SLIGHT ACCEL (1.0-1.2),NEGATIVE (<1x),HIGH (0.7-1.0)
2015-12-29,117,78,1.5,1.37,825,661,43,96.0,12,10,1013,967.0,5461,39.78,2078.36,2015,0.052121212121212124,0.27906976744186046,1.2278787878787878,0.8012121212121213,0.4479166666666667,EXHAUSTION,-0.999518851402067,-0.999518851402067,-0.999518851402067,0,ELEVATED (25-35%),ACCELERATING (1.2-1.5),NEGATIVE (<1x),HIGH (0.7-1.0)
2015-12-30,62,117,1.15,1.21,745,717,35,109.0,10,13,886,1043.0,5461,34.91,2063.36,2015,0.04697986577181208,0.2857142857142857,1.1892617449664429,0.9624161073825503,0.3211009174311927,EXHAUSTION,-0.9995153535980149,-0.9995153535980149,-0.9995153535980149,0,ELEVATED (25-35%),SLIGHT ACCEL (1.0-1.2),NEGATIVE (<1x),HIGH (0.7-1.0)
2015-12-31,154,73,0.72,1.09,692,726,33,74.0,8,8,858,1034.0,5484,31.58,2043.93,2015,0.0476878612716763,0.24242424242424243,1.239884393063584,1.0491329479768785,0.44594594594594594,EXHAUSTION,-0.999510746454135,-0.999510746454135,-0.999510746454135,0,NORMAL (15-25%),ACCELERATING (1.2-1.5),NEGATIVE (<1x),EXTREME (>1.0)
2016-01-04,104,401,0.26,0.26,609,774,31,70.0,8,7,754,1254.0,5484,24.1,2.0,2016,0.05090311986863711,0.25806451612903225,1.2380952380952381,1.270935960591133,0.44285714285714284,EXHAUSTION,-0.5,-0.5,-0.5,0,ELEVATED (25-35%),ACCELERATING (1.2-1.5),NEGATIVE (<1x),EXTREME (>1.0)
2016-01-05,84,131,0.35,0.35,545,798,34,66.0,10,6,730,1255.0,5486,27.26,2.0,2016,0.062385321100917435,0.29411764705882354,1.3394495412844036,1.4642201834862385,0.5151515151515151,EXHAUSTION,-0.5,-0.5,-0.5,1,ELEVATED (25-35%),ACCELERATING (1.2-1.5),NEGATIVE (<1x),EXTREME (>1.0)
2016-01-06,64,533,0.24,0.24,440,917,38,62.0,8,5,588,1608.0,5486,23.79,1.0,2016,0.08636363636363636,0.21052631578947367,1.3363636363636364,2.084090909090909,0.6129032258064516,EXHAUSTION,0.0,0.0,0.0,3,NORMAL (15-25%),ACCELERATING (1.2-1.5),NEGATIVE (<1x),EXTREME (>1.0)
2016-01-07,65,829,0.17,0.17,343,1091,21,112.0,6,9,403,2093.0,5485,17.06,1.0,2016,0.061224489795918366,0.2857142857142857,1.1749271137026238,3.1807580174927113,0.1875,EXHAUSTION,0.0,0.0,0.0,1,ELEVATED (25-35%),SLIGHT ACCEL (1.0-1.2),NEGATIVE (<1x),EXTREME (>1.0)
2016-01-08,61,264,0.18,0.18,319,1198,18,137.0,6,10,366,2309.0,5481,14.85,1.0,2016,0.05642633228840126,0.3333333333333333,1.1473354231974922,3.7554858934169277,0.13138686131386862,EXHAUSTION,0.0,0.0,0.0,1,ELEVATED (25-35%),SLIGHT ACCEL (1.0-1.2),NEGATIVE (<1x),EXTREME (>1.0)
2016-01-11,59,508,0.15,0.16,259,1291,15,190.0,4,11,289,2382.0,5478,14.55,1.0,2016,0.05791505791505792,0.26666666666666666,1.1158301158301158,4.984555984555985,0.07894736842105263,EXHAUSTION,0.0,0.0,0.0,1,ELEVATED (25-35%),SLIGHT ACCEL (1.0-1.2),NEGATIVE (<1x),EXTREME (>1.0)
2016-01-12,128,261,0.16,0.19,261,1284,16,140.0,6,10,273,2317.0,5478,14.16,1.0,2016,0.06130268199233716,0.375,1.0459770114942528,4.919540229885057,0.11428571428571428,EXHAUSTION,0.0,0.0,0.0,1,HIGH (35-50%),SLIGHT ACCEL (1.0-1.2),NEGATIVE (<1x),EXTREME (>1.0)
2016-01-13,39,661,0.14,0.17,192,1409,13,206.0,4,8,163,2575.0,5130,9.51,1.0,2016,0.06770833333333333,0.3076923076923077,0.8489583333333334,7.338541666666667,0.06310679611650485,EXHAUSTION,0.0,0.0,,2,ELEVATED (25-35%),FLAT (0.8-1.0),NEGATIVE (<1x),EXTREME (>1.0)
2016-01-14,319,114,0.34,0.25,218,1314,14,187.0,6,8,243,2366.0,5126,11.47,1.0,2016,0.06422018348623854,0.42857142857142855,1.114678899082569,6.027522935779817,0.0748663101604278,EXHAUSTION,0.0,0.0,0.0,1,HIGH (35-50%),SLIGHT ACCEL (1.0-1.2),NEGATIVE (<1x),EXTREME (>1.0)
2016-01-15,46,413,0.3,0.24,181,1454,13,298.0,5,14,194,2605.0,5124,8.52,1.0,2016,0.0718232044198895,0.38461538461538464,1.0718232044198894,8.033149171270718,0.0436241610738255,EXHAUSTION,0.0,0.0,0.0,2,HIGH (35-50%),SLIGHT ACCEL (1.0-1.2),NEGATIVE (<1x),EXTREME (>1.0)
2016-01-19,73,435,0.32,0.23,156,1564,10,368.0,2,16,160,2650.0,5124,9.29,1.0,2016,0.0641025641025641,0.2,1.0256410256410255,10.025641025641026,0.02717391304347826,EXHAUSTION,0.0,0.0,0.0,1,NORMAL (15-25%),SLIGHT ACCEL (1.0-1.2),NEGATIVE (<1x),
2016-01-20,259,286,0.39,0.26,170,1556,9,335.0,2,14,205,2630.0,5125,7.48,1.0,2016,0.052941176470588235,0.2222222222222222,1.2058823529411764,9.152941176470588,0.026865671641791045,EXHAUSTION,0.0,0.0,0.0,1,NORMAL (15-25%),ACCELERATING (1.2-1.5),NEGATIVE (<1x),EXTREME (>1.0)
2016-01-21,163,69,0.65,0.32,205,1508,10,321.0,1,13,322,2552.0,5125,8.29,1.0,2016,0.04878048780487805,0.1,1.5707317073170732,7.35609756097561,0.03115264797507788,EXHAUSTION,0.0,0.0,0.0,0,LOW (<15%),STRONG ACCEL (>1.5),NEGATIVE (<1x),EXTREME (>1.0)
2016-01-22,463,39,0.81,0.53,298,1334,12,280.0,3,11,575,2220.0,5124,14.05,1.0,2016,0.040268456375838924,0.25,1.929530201342282,4.476510067114094,0.04285714285714286,EXHAUSTION,0.0,0.0,0.0,0,NORMAL (15-25%),STRONG ACCEL (>1.5),NEGATIVE (<1x),EXTREME (>1.0)
2016-01-25,67,241,0.96,0.53,227,1494,5,479.0,1,18,413,2426.0,5123,11.24,1.0,2016,0.022026431718061675,0.2,1.8193832599118942,6.581497797356828,0.010438413361169102,EXHAUSTION,0.0,0.0,0.0,0,NORMAL (15-25%),STRONG ACCEL (>1.5),NEGATIVE (<1x),EXTREME (>1.0)
2016-01-26,381,56,1.93,0.75,294,1358,8,393.0,1,18,618,2091.0,5123,15.81,1.0,2016,0.027210884353741496,0.125,2.1020408163265305,4.619047619047619,0.020356234096692113,EXHAUSTION,0.0,0.0,0.0,0,LOW (<15%),STRONG ACCEL (>1.5),NEGATIVE (<1x),EXTREME (>1.0)
2016-01-27,102,274,1.73,0.74,271,1436,7,400.0,1,14,524,2164.0,5123,14.9,1.0,2016,0.025830258302583026,0.14285714285714285,1.933579335793358,5.2988929889298895,0.0175,EXHAUSTION,0.0,0.0,0.0,0,LOW (<15%),STRONG ACCEL (>1.5),NEGATIVE (<1x),EXTREME (>1.0)
2016-01-28,192,220,1.45,0.96,302,1427,6,472.0,0,18,609,2092.0,5124,18.14,1.0,2016,0.019867549668874173,0.0,2.0165562913907285,4.725165562913907,0.012711864406779662,EXHAUSTION,0.0,,0.0,0,,STRONG ACCEL (>1.5),NEGATIVE (<1x),EXTREME (>1.0)
2016-01-29,775,57,1.79,1.21,407,1212,12,327.0,0,15,915,1702.0,5122,29.43,1.0,2016,0.029484029484029485,0.0,2.248157248157248,2.977886977886978,0.03669724770642202,EXHAUSTION,0.0,0.0,0.0,0,,STRONG ACCEL (>1.5),NEGATIVE (<1x),EXTREME (>1.0)
2016-02-01,94,93,2.21,1.45,379,1229,11,342.0,0,13,884,1701.0,5122,29.43,1.0,2016,0.029023746701846966,0.0,2.33245382585752,3.242744063324538,0.03216374269005848,EXHAUSTION,0.0,0.0,0.0,0,,STRONG ACCEL (>1.5),NEGATIVE (<1x),EXTREME (>1.0)
2016-02-02,51,436,1.12,1.44,315,1376,12,395.0,0,19,673,1947.0,5122,23.93,1.0,2016,0.0380952380952381,0.0,2.1365079365079365,4.368253968253968,0.030379746835443037,EXHAUSTION,0.0,0.0,0.0,0,,STRONG ACCEL (>1.5),NEGATIVE (<1x),EXTREME (>1.0)
2016-02-03,280,147,1.46,1.57,356,1337,15,362.0,0,17,775,1894.0,5122,28.84,1.0,2016,0.042134831460674156,0.0,2.1769662921348316,3.75561797752809,0.04143646408839779,EXHAUSTION,0.0,0.0,0.0,0,,STRONG ACCEL (>1.5),NEGATIVE (<1x),EXTREME (>1.0)
2016-02-04,322,102,1.82,1.64,400,1279,29,254.0,0,5,916,1815.0,5119,31.51,1.0,2016,0.0725,0.0,2.29,3.1975,0.1141732283464567,EXHAUSTION,,0.0,0.0,2,,STRONG ACCEL (>1.5),NEGATIVE (<1x),EXTREME (>1.0)
2016-02-05,59,563,0.6,1.06,347,1435,27,251.0,2,8,726,2018.0,5119,26.84,1.0,2016,0.07780979827089338,0.07407407407407407,2.0922190201729105,4.1354466858789625,0.10756972111553785,EXHAUSTION,0.0,0.0,1.0,3,LOW (<15%),STRONG ACCEL (>1.5),NEGATIVE (<1x),EXTREME (>1.0)
2016-02-08,79,675,0.41,0.89,275,1548,26,309.0,3,14,610,2191.0,5119,22.21,1.0,2016,0.09454545454545454,0.11538461538461539,2.2181818181818183,5.629090909090909,0.08414239482200647,EXHAUSTION,0.0,0.0,0.0,4,LOW (<15%),STRONG ACCEL (>1.5),NEGATIVE (<1x),EXTREME (>1.0)
2016-02-09,65,284,0.45,0.71,241,1590,28,301.0,2,11,516,2259.0,5118,20.79,1.0,2016,0.11618257261410789,0.07142857142857142,2.141078838174274,6.597510373443983,0.09302325581395349,EXHAUSTION,0.0,0.0,0.0,6,LOW (<15%),STRONG ACCEL (>1.5),NEGATIVE (<1x),EXTREME (>1.0)
2016-02-10,112,162,0.36,0.74,232,1569,33,296.0,2,14,499,2262.0,5117,20.31,1.0,2016,0.14224137931034483,0.06060606060606061,2.1508620689655173,6.762931034482759,0.11148648648648649,EXHAUSTION,0.0,0.0,0.0,7,LOW (<15%),STRONG ACCEL (>1.5),NEGATIVE (<1x),EXTREME (>1.0)
2016-02-11,155,357,0.23,0.69,225,1603,36,212.0,4,9,463,2355.0,5085,17.1,,2016,0.16,0.1111111111111111,2.057777777777778,7.124444444444444,0.16981132075471697,NEUTRAL,,,,8,LOW (<15%),STRONG ACCEL (>1.5),NEGATIVE (<1x),EXTREME (>1.0)
2016-02-12,325,62,0.48,0.54,274,1454,42,218.0,4,9,636,2148.0,5085,23.01,1.0,2016,0.15328467153284672,0.09523809523809523,2.321167883211679,5.306569343065694,0.1926605504587156,NEUTRAL,0.0,0.0,1.0,8,LOW (<15%),STRONG ACCEL (>1.5),NEGATIVE (<1x),EXTREME (>1.0)
2016-02-16,509,85,1.23,0.68,357,1299,63,124.0,7,3,968,1899.0,5084,31.0,1.0,2016,0.17647058823529413,0.1111111111111111,2.711484593837535,3.638655462184874,0.5080645161290323,NEUTRAL,0.0,0.0,1.0,8,LOW (<15%),STRONG ACCEL (>1.5),NEGATIVE (<1x),EXTREME (>1.0)
2016-02-17,595,47,2.38,1.01,511,1157,136,70.0,21,2,1381,1720.0,5075,39.94,1.0,2016,0.26614481409001955,0.15441176470588236,2.7025440313111546,2.264187866927593,1.9428571428571428,MID_BULL,0.0,0.0,1.0,9,NORMAL (15-25%),STRONG ACCEL (>1.5),WEAK (1-2x),EXTREME (>1.0)
2016-02-18,143,125,2.55,0.96,488,1163,134,89.0,18,3,1295,1675.0,5075,39.85,1.0,2016,0.27459016393442626,0.13432835820895522,2.653688524590164,2.3831967213114753,1.5056179775280898,MID_BULL,0.0,0.0,1.0,9,LOW (<15%),STRONG ACCEL (>1.5),WEAK (1-2x),EXTREME (>1.0)
2016-02-19,123,123,3.83,0.87,480,1158,109,82.0,12,2,1295,1598.0,5075,39.8,1.0,2016,0.22708333333333333,0.11009174311926606,2.6979166666666665,2.4125,1.329268292682927,NEUTRAL,0.0,0.0,1.0,9,LOW (<15%),STRONG ACCEL (>1.5),WEAK (1-2x),EXTREME (>1.0)
2016-02-22,306,57,3.84,1.22,599,1076,84,95.0,10,3,1574,1340.0,5075,47.85,1.0,2016,0.14023372287145242,0.11904761904761904,2.62771285475793,1.7963272120200333,0.8842105263157894,EXHAUSTION,0.0,1.0,1.0,7,LOW (<15%),STRONG ACCEL (>1.5),NEGATIVE (<1x),EXTREME (>1.0)
2016-02-23,84,258,2.05,1.55,486,1145,94,92.0,15,5,1353,1418.0,5077,43.56,1.0,2016,0.1934156378600823,0.1595744680851064,2.7839506172839505,2.3559670781893005,1.0217391304347827,NEUTRAL,0.0,0.0,1.0,9,NORMAL (15-25%),STRONG ACCEL (>1.5),WEAK (1-2x),EXTREME (>1.0)
2016-02-24,189,78,1.32,1.88,567,1086,68,91.0,9,4,1509,1223.0,5078,47.93,1.0,2016,0.11992945326278659,0.1323529411764706,2.6613756613756614,1.9153439153439153,0.7472527472527473,EXHAUSTION,0.0,0.0,1.0,6,LOW (<15%),STRONG ACCEL (>1.5),NEGATIVE (<1x),EXTREME (>1.0)
2016-02-25,174,103,1.42,2.01,613,1053,97,87.0,14,7,1660,1031.0,5022,54.42,1.0,2016,0.15823817292006526,0.14432989690721648,2.707993474714519,1.7177814029363785,1.1149425287356323,NEUTRAL,0.0,0.0,1.0,8,LOW (<15%),STRONG ACCEL (>1.5),WEAK (1-2x),EXTREME (>1.0)
2016-02-26,302,80,1.83,2.7,720,968,128,64.0,18,4,1812,854.0,5022,59.27,1.0,2016,0.17777777777777778,0.140625,2.5166666666666666,1.3444444444444446,2.0,NEUTRAL,0.0,1.0,1.0,8,LOW (<15%),STRONG ACCEL (>1.5),WEAK (1-2x),EXTREME (>1.0)
2016-02-29,181,149,1.39,2.36,751,967,69,81.0,8,6,1792,811.0,5022,60.74,1.0,2016,0.09187749667110519,0.11594202898550725,2.386151797603196,1.2876165113182423,0.8518518518518519,EXHAUSTION,1.0,1.0,1.0,4,LOW (<15%),STRONG ACCEL (>1.5),NEGATIVE (<1x),EXTREME (>1.0)
2016-03-01,352,86,2.42,2.21,893,880,93,72.0,12,6,2119,674.0,5022,70.83,1.0,2016,0.10414333706606943,0.12903225806451613,2.3729003359462486,0.9854423292273237,1.2916666666666667,EXHAUSTION,0.0,1.0,1.0,5,LOW (<15%),STRONG ACCEL (>1.5),WEAK (1-2x),HIGH (0.7-1.0)
2016-03-02,333,46,2.89,1.98,1049,813,207,43.0,21,6,2291,526.0,5023,75.68,1.0,2016,0.19733079122974262,0.10144927536231885,2.1839847473784557,0.775023832221163,4.813953488372093,NEUTRAL,0.0,1.0,1.0,9,LOW (<15%),STRONG ACCEL (>1.5),STRONG (3-5x),HIGH (0.7-1.0)
2016-03-03,372,96,3.37,2.25,1162,736,222,39.0,23,5,2425,491.0,5025,81.02,1.0,2016,0.19104991394148021,0.1036036036036036,2.086919104991394,0.6333907056798623,5.6923076923076925,NEUTRAL,0.0,1.0,1.0,9,LOW (<15%),STRONG ACCEL (>1.5),VERY STRONG (>5x),ELEVATED (0.5-0.7)
2016-03-04,295,88,3.3,2.49,1230,696,180,37.0,25,6,2495,423.0,5021,83.32,1.0,2016,0.14634146341463414,0.1388888888888889,2.0284552845528454,0.5658536585365853,4.864864864864865,EXHAUSTION,1.0,1.0,1.0,7,LOW (<15%),STRONG ACCEL (>1.5),STRONG (3-5x),ELEVATED (0.5-0.7)
2016-03-07,360,44,4.76,2.57,1411,582,343,18.0,32,5,2612,361.0,5021,85.87,2.0,2016,0.2430900070871722,0.09329446064139942,1.851169383416017,0.41247342310418145,19.055555555555557,NEUTRAL,0.0,0.0,0.0,9,LOW (<15%),STRONG ACCEL (>1.5),VERY STRONG (>5x),MODERATE (0.3-0.5)
2016-03-08,47,369,2.19,2.29,1143,702,339,18.0,38,5,2311,545.0,5021,80.63,1.0,2016,0.29658792650918636,0.11209439528023599,2.021872265966754,0.6141732283464567,18.833333333333332,MID_BULL,1.0,1.0,1.0,9,LOW (<15%),STRONG ACCEL (>1.5),VERY STRONG (>5x),ELEVATED (0.5-0.7)
2016-03-09,123,70,1.79,2.24,1202,668,430,14.0,51,5,2351,526.0,5020,82.6,1.0,2016,0.3577371048252912,0.1186046511627907,1.9559068219633944,0.5557404326123128,30.714285714285715,EARLY_BULL,1.0,1.0,1.0,9,LOW (<15%),STRONG ACCEL (>1.5),VERY STRONG (>5x),ELEVATED (0.5-0.7)
2016-03-10,86,191,1.2,2.01,1132,675,378,16.0,35,3,2196,624.0,5020,80.34,1.0,2016,0.3339222614840989,0.09259259259259259,1.9399293286219081,0.5962897526501767,23.625,MID_BULL,1.0,1.0,1.0,9,LOW (<15%),STRONG ACCEL (>1.5),VERY STRONG (>5x),ELEVATED (0.5-0.7)
2016-03-11,347,56,1.32,2.09,1340,582,565,15.0,73,3,2490,470.0,5018,85.67,2.0,2016,0.4216417910447761,0.12920353982300886,1.8582089552238805,0.4343283582089552,37.666666666666664,EARLY_BULL,0.0,0.0,0.0,9,LOW (<15%),STRONG ACCEL (>1.5),VERY STRONG (>5x),MODERATE (0.3-0.5)
2016-03-14,131,82,0.96,2.17,1353,562,438,17.0,47,3,2393,485.0,5017,85.06,2.0,2016,0.3237250554323725,0.10730593607305935,1.7686622320768661,0.4153732446415373,25.764705882352942,MID_BULL,0.0,0.0,0.0,9,LOW (<15%),STRONG ACCEL (>1.5),VERY STRONG (>5x),MODERATE (0.3-0.5)
2016-03-15,50,355,0.98,1.53,1189,651,230,29.0,25,5,2194,642.0,5019,81.25,2.0,2016,0.1934398654331371,0.10869565217391304,1.8452481076534903,0.5475189234650967,7.931034482758621,NEUTRAL,0.0,0.0,0.0,9,LOW (<15%),STRONG ACCEL (>1.5),VERY STRONG (>5x),ELEVATED (0.5-0.7)
2016-03-16,228,84,1.1,1.42,1260,618,204,41.0,23,7,2219,600.0,5020,83.47,2.0,2016,0.1619047619047619,0.11274509803921569,1.761111111111111,0.49047619047619045,4.975609756097561,NEUTRAL,0.0,0.0,0.0,8,LOW (<15%),STRONG ACCEL (>1.5),STRONG (3-5x),MODERATE (0.3-0.5)
2016-03-17,307,101,1.57,1.37,1438,578,280,35.0,36,6,2368,553.0,5022,85.92,2.0,2016,0.19471488178025034,0.12857142857142856,1.6467315716272601,0.4019471488178025,8.0,NEUTRAL,0.0,0.0,0.0,9,LOW (<15%),STRONG ACCEL (>1.5),VERY STRONG (>5x),MODERATE (0.3-0.5)
2016-03-18,320,130,1.38,1.35,1510,562,295,33.0,44,6,2485,496.0,5022,87.13,2.0,2016,0.19536423841059603,0.14915254237288136,1.6456953642384107,0.37218543046357616,8.93939393939394,NEUTRAL,0.0,0.0,0.0,9,LOW (<15%),STRONG ACCEL (>1.5),VERY STRONG (>5x),MODERATE (0.3-0.5)
2016-03-21,89,45,1.39,1.17,1490,560,225,32.0,29,5,2463,478.0,5022,86.06,2.0,2016,0.15100671140939598,0.1288888888888889,1.6530201342281878,0.37583892617449666,7.03125,NEUTRAL,0.0,0.0,0.0,8,LOW (<15%),STRONG ACCEL (>1.5),VERY STRONG (>5x),MODERATE (0.3-0.5)
2016-03-22,135,66,2.53,1.54,1483,538,268,25.0,45,4,2476,474.0,5022,85.79,2.0,2016,0.18071476736345246,0.16791044776119404,1.6695886716115982,0.36277815239379635,10.72,NEUTRAL,0.0,0.0,0.0,8,NORMAL (15-25%),STRONG ACCEL (>1.5),VERY STRONG (>5x),MODERATE (0.3-0.5)
2016-03-23,34,509,1.04,1.07,1263,637,174,32.0,22,5,2206,661.0,4990,81.62,2.0,2016,0.1377672209026128,0.12643678160919541,1.7466349960411718,0.5043547110055424,5.4375,EXHAUSTION,0.0,0.0,0.0,7,LOW (<15%),STRONG ACCEL (>1.5),VERY STRONG (>5x),ELEVATED (0.5-0.7)
2016-03-24,74,59,0.81,1.15,1299,630,175,35.0,20,5,2219,607.0,4977,81.86,2.0,2016,0.13471901462663588,0.11428571428571428,1.7082371054657428,0.48498845265588914,5.0,EXHAUSTION,0.0,0.0,0.0,7,LOW (<15%),STRONG ACCEL (>1.5),STRONG (3-5x),MODERATE (0.3-0.5)
2016-03-28,63,102,0.51,0.93,1304,641,126,34.0,13,6,2202,644.0,4976,82.3,2.0,2016,0.09662576687116564,0.10317460317460317,1.6886503067484662,0.4915644171779141,3.7058823529411766,EXHAUSTION,0.0,0.0,0.0,4,LOW (<15%),STRONG ACCEL (>1.5),STRONG (3-5x),MODERATE (0.3-0.5)
2016-03-29,403,52,0.9,1.13,1520,584,142,31.0,17,4,2432,506.0,4976,86.69,2.0,2016,0.09342105263157895,0.11971830985915492,1.6,0.38421052631578945,4.580645161290323,EXHAUSTION,0.0,0.0,0.0,4,LOW (<15%),STRONG ACCEL (>1.5),STRONG (3-5x),MODERATE (0.3-0.5)
2016-03-30,126,67,0.89,1.46,1563,573,122,32.0,13,5,2438,507.0,4960,86.9,2.0,2016,0.0780550223928343,0.10655737704918032,1.5598208573256558,0.3666026871401152,3.8125,EXHAUSTION,0.0,0.0,0.0,3,LOW (<15%),STRONG ACCEL (>1.5),STRONG (3-5x),MODERATE (0.3-0.5)
2016-03-31,178,71,2.4,1.44,1569,538,98,33.0,12,4,2424,460.0,4930,87.38,2.0,2016,0.06246016571064372,0.12244897959183673,1.5449330783938815,0.34289356277884003,2.9696969696969697,EXHAUSTION,0.0,0.0,0.0,1,LOW (<15%),STRONG ACCEL (>1.5),MODERATE (2-3x),MODERATE (0.3-0.5)
2016-04-01,104,94,2.26,1.28,1606,523,72,30.0,6,5,2225,451.0,4926,86.19,2.0,2016,0.0448318804483188,0.08333333333333333,1.3854296388542964,0.325653798256538,2.4,EXHAUSTION,0.0,0.0,0.0,0,LOW (<15%),ACCELERATING (1.2-1.5),MODERATE (2-3x),MODERATE (0.3-0.5)
2016-04-04,126,134,2.24,1.11,1539,513,59,41.0,7,5,1897,508.0,4926,82.32,2.0,2016,0.03833658219623132,0.11864406779661017,1.2326185834957766,0.3333333333333333,1.4390243902439024,EXHAUSTION,0.0,0.0,0.0,0,LOW (<15%),ACCELERATING (1.2-1.5),WEAK (1-2x),MODERATE (0.3-0.5)
2016-04-05,61,116,1.23,1.03,1423,522,39,52.0,3,6,1605,543.0,4926,77.5,2.0,2016,0.027406886858749122,0.07692307692307693,1.1278988053408292,0.3668306394940267,0.75,EXHAUSTION,0.0,0.0,0.0,0,LOW (<15%),SLIGHT ACCEL (1.0-1.2),NEGATIVE (<1x),MODERATE (0.3-0.5)
2016-04-06,318,39,1.73,1.2,1573,436,96,23.0,5,1,1748,469.0,4925,80.01,2.0,2016,0.06102987921169739,0.052083333333333336,1.1112523839796566,0.277177368086459,4.173913043478261,EXHAUSTION,0.0,0.0,0.0,1,LOW (<15%),SLIGHT ACCEL (1.0-1.2),STRONG (3-5x),LOW (<0.3)
2016-04-07,69,146,1.28,1.73,1446,442,73,25.0,8,1,1532,553.0,4926,71.76,2.0,2016,0.050484094052558784,0.1095890410958904,1.0594744121715076,0.30567081604426005,2.92,EXHAUSTION,0.0,0.0,0.0,0,LOW (<15%),SLIGHT ACCEL (1.0-1.2),MODERATE (2-3x),MODERATE (0.3-0.5)
2016-04-08,161,54,1.5,1.84,1481,395,87,25.0,12,1,1522,527.0,4926,75.05,2.0,2016,0.0587440918298447,0.13793103448275862,1.0276839972991223,0.2667116812964213,3.48,EXHAUSTION,0.0,0.0,0.0,1,LOW (<15%),SLIGHT ACCEL (1.0-1.2),STRONG (3-5x),LOW (<0.3)
2016-04-11,129,73,1.72,1.98,1469,353,59,23.0,7,3,1499,530.0,4926,73.82,2.0,2016,0.04016337644656229,0.11864406779661017,1.020422055820286,0.24029952348536418,2.5652173913043477,EXHAUSTION,0.0,0.0,0.0,0,LOW (<15%),SLIGHT ACCEL (1.0-1.2),MODERATE (2-3x),LOW (<0.3)
2016-04-12,273,43,2.68,1.85,1572,303,76,18.0,8,2,1521,467.0,4925,78.93,2.0,2016,0.04834605597964377,0.10526315789473684,0.9675572519083969,0.19274809160305342,4.222222222222222,EXHAUSTION,0.0,0.0,0.0,0,LOW (<15%),FLAT (0.8-1.0),STRONG (3-5x),LOW (<0.3)
2016-04-13,410,22,3.08,2.31,1789,239,157,10.0,11,0,1713,371.0,4925,85.27,2.0,2016,0.08775852431525992,0.07006369426751592,0.9575181665735047,0.1335941866964785,15.7,EXHAUSTION,0.0,0.0,0.0,3,LOW (<15%),FLAT (0.8-1.0),VERY STRONG (>5x),LOW (<0.3)
2016-04-14,97,61,4.23,2.24,1765,233,133,6.0,13,1,1644,375.0,4925,81.97,2.0,2016,0.07535410764872522,0.09774436090225563,0.9314447592067989,0.1320113314447592,22.166666666666668,EXHAUSTION,0.0,0.0,0.0,2,LOW (<15%),FLAT (0.8-1.0),VERY STRONG (>5x),LOW (<0.3)
2016-04-15,95,55,3.95,2.34,1773,223,117,12.0,11,0,1589,367.0,4931,81.93,2.0,2016,0.06598984771573604,0.09401709401709402,0.8962210941906373,0.125775521714608,9.75,EXHAUSTION,0.0,0.0,0.0,2,LOW (<15%),FLAT (0.8-1.0),VERY STRONG (>5x),LOW (<0.3)
2016-04-18,150,44,4.56,2.7,1828,219,104,15.0,16,4,1504,355.0,4931,83.55,2.0,2016,0.05689277899343545,0.15384615384615385,0.8227571115973742,0.11980306345733041,6.933333333333334,EXHAUSTION,0.0,0.0,0.0,1,NORMAL (15-25%),FLAT (0.8-1.0),VERY STRONG (>5x),LOW (<0.3)
2016-04-19,213,83,3.64,3.09,1853,212,109,13.0,12,2,1363,366.0,4936,84.19,2.0,2016,0.058823529411764705,0.11009174311926606,0.7355639503507825,0.11440906637884511,8.384615384615385,EXHAUSTION,0.0,0.0,0.0,1,LOW (<15%),DECELERATING (<0.8),VERY STRONG (>5x),LOW (<0.3)
2016-04-20,140,56,2.32,2.73,1385,206,102,14.0,9,2,1494,333.0,4939,82.28,2.0,2016,0.0736462093862816,0.08823529411764706,1.0787003610108303,0.14873646209386282,7.285714285714286,EXHAUSTION,0.0,0.0,0.0,2,LOW (<15%),SLIGHT ACCEL (1.0-1.2),VERY STRONG (>5x),LOW (<0.3)
2016-04-21,150,107,2.17,3.04,1818,204,194,12.0,21,4,1459,351.0,4940,75.17,2.0,2016,0.10671067106710672,0.10824742268041238,0.8025302530253026,0.11221122112211221,16.166666666666668,EXHAUSTION,0.0,0.0,0.0,5,LOW (<15%),FLAT (0.8-1.0),VERY STRONG (>5x),LOW (<0.3)
2016-04-22,179,41,2.51,3.14,1879,179,211,10.0,27,4,1549,318.0,4937,78.54,2.0,2016,0.11229377328366152,0.12796208530805686,0.824374667376264,0.09526343799893561,21.1,EXHAUSTION,0.0,0.0,0.0,5,LOW (<15%),FLAT (0.8-1.0),VERY STRONG (>5x),LOW (<0.3)
2016-04-25,70,122,1.84,2.8,1786,197,191,13.0,24,4,1420,335.0,4938,76.33,2.0,2016,0.10694288913773796,0.1256544502617801,0.7950727883538634,0.1103023516237402,14.692307692307692,EXHAUSTION,0.0,0.0,0.0,5,LOW (<15%),DECELERATING (<0.8),VERY STRONG (>5x),LOW (<0.3)
2016-04-26,178,91,1.72,2.47,1889,189,152,14.0,22,3,1560,319.0,4938,80.65,2.0,2016,0.08046585494970884,0.14473684210526316,0.8258337744838539,0.10005293806246691,10.857142857142858,EXHAUSTION,0.0,0.0,0.0,3,LOW (<15%),FLAT (0.8-1.0),VERY STRONG (>5x),LOW (<0.3)
2016-04-27,201,67,1.82,2.03,1888,191,158,12.0,23,3,1610,310.0,4942,81.39,2.0,2016,0.0836864406779661,0.14556962025316456,0.8527542372881356,0.10116525423728813,13.166666666666666,EXHAUSTION,0.0,0.0,0.0,3,LOW (<15%),FLAT (0.8-1.0),VERY STRONG (>5x),LOW (<0.3)
2016-04-28,136,192,1.49,1.76,1766,206,143,17.0,22,4,1375,373.0,4942,75.79,2.0,2016,0.08097395243488109,0.15384615384615385,0.7785956964892412,0.11664779161947905,8.411764705882353,EXHAUSTION,0.0,0.0,0.0,3,NORMAL (15-25%),DECELERATING (<0.8),VERY STRONG (>5x),LOW (<0.3)
2016-04-29,111,198,1.04,1.53,1671,232,145,22.0,27,6,1285,232.0,4941,71.07,2.0,2016,0.08677438659485338,0.18620689655172415,0.7690005984440454,0.13883901855176542,6.590909090909091,EXHAUSTION,0.0,0.0,0.0,3,NORMAL (15-25%),DECELERATING (<0.8),VERY STRONG (>5x),LOW (<0.3)
2016-05-02,102,88,1.14,1.42,1691,240,152,18.0,29,4,1322,460.0,4941,75.11,2.0,2016,0.0898876404494382,0.19078947368421054,0.781785925487877,0.1419278533412182,8.444444444444445,EXHAUSTION,0.0,0.0,0.0,4,NORMAL (15-25%),DECELERATING (<0.8),VERY STRONG (>5x),LOW (<0.3)
2016-05-03,71,298,0.74,1.06,1539,287,123,28.0,22,5,1054,623.0,4942,65.31,2.0,2016,0.07992202729044834,0.17886178861788618,0.6848602988953866,0.18648473034437946,4.392857142857143,EXHAUSTION,0.0,0.0,0.0,3,NORMAL (15-25%),DECELERATING (<0.8),STRONG (3-5x),LOW (<0.3)
2016-05-04,116,276,0.51,0.89,1460,327,95,52.0,15,5,938,762.0,4939,61.92,2.0,2016,0.06506849315068493,0.15789473684210525,0.6424657534246575,0.22397260273972602,1.8269230769230769,EXHAUSTION,0.0,0.0,0.0,1,NORMAL (15-25%),DECELERATING (<0.8),WEAK (1-2x),LOW (<0.3)
2016-05-05,131,205,0.5,0.82,1403,353,101,51.0,17,5,882,846.0,4939,59.29,2.0,2016,0.07198859586600143,0.16831683168316833,0.6286528866714184,0.25160370634354956,1.9803921568627452,EXHAUSTION,0.0,0.0,0.0,2,NORMAL (15-25%),DECELERATING (<0.8),WEAK (1-2x),LOW (<0.3)
2016-05-06,140,136,0.56,0.75,1412,377,95,57.0,17,7,907,816.0,4939,61.68,2.0,2016,0.06728045325779036,0.17894736842105263,0.6423512747875354,0.2669971671388102,1.6666666666666667,EXHAUSTION,0.0,0.0,0.0,2,NORMAL (15-25%),DECELERATING (<0.8),WEAK (1-2x),LOW (<0.3)
2016-05-09,122,153,0.54,0.77,1423,363,80,47.0,14,6,921,839.0,4942,59.45,2.0,2016,0.05621925509486999,0.175,0.6472241742796908,0.2550948699929726,1.702127659574468,EXHAUSTION,0.0,0.0,0.0,1,NORMAL (15-25%),DECELERATING (<0.8),WEAK (1-2x),LOW (<0.3)
2016-05-10,182,103,0.79,0.76,1524,351,77,54.0,13,6,1067,763.0,4943,66.78,2.0,2016,0.0505249343832021,0.16883116883116883,0.7001312335958005,0.23031496062992127,1.4259259259259258,EXHAUSTION,0.0,0.0,0.0,0,NORMAL (15-25%),DECELERATING (<0.8),WEAK (1-2x),LOW (<0.3)
2016-05-11,102,223,0.83,0.65,1395,390,57,79.0,8,8,946,847.0,4943,61.01,2.0,2016,0.04086021505376344,0.14035087719298245,0.6781362007168459,0.27956989247311825,0.7215189873417721,EXHAUSTION,0.0,0.0,0.0,0,LOW (<15%),DECELERATING (<0.8),NEGATIVE (<1x),LOW (<0.3)
2016-05-12,43,252,0.68,0.58,1305,458,63,114.0,7,9,838,950.0,4944,57.94,2.0,2016,0.04827586206896552,0.1111111111111111,0.6421455938697318,0.35095785440613025,0.5526315789473685,EXHAUSTION,0.0,0.0,0.0,0,LOW (<15%),DECELERATING (<0.8),NEGATIVE (<1x),MODERATE (0.3-0.5)
2016-05-13,69,84,0.64,0.59,1221,484,55,111.0,6,11,748,1003.0,4940,52.12,2.0,2016,0.04504504504504504,0.10909090909090909,0.6126126126126126,0.3963963963963964,0.4954954954954955,EXHAUSTION,0.0,0.0,0.0,0,LOW (<15%),DECELERATING (<0.8),NEGATIVE (<1x),MODERATE (0.3-0.5)
2016-05-16,218,54,0.86,0.67,1149,427,62,109.0,9,7,842,907.0,4936,57.07,2.0,2016,0.053959965187119235,0.14516129032258066,0.7328111401218451,0.37162750217580504,0.5688073394495413,EXHAUSTION,0.0,0.0,0.0,1,LOW (<15%),DECELERATING (<0.8),NEGATIVE (<1x),MODERATE (0.3-0.5)
2016-05-17,95,158,0.68,0.74,956,453,47,119.0,9,8,750,997.0,4936,48.99,2.0,2016,0.049163179916317995,0.19148936170212766,0.7845188284518828,0.47384937238493724,0.3949579831932773,EXHAUSTION,0.0,0.0,0.0,0,NORMAL (15-25%),DECELERATING (<0.8),NEGATIVE (<1x),MODERATE (0.3-0.5)
2016-05-18,124,137,0.8,0.81,919,465,35,123.0,6,6,789,1013.0,4939,46.89,2.0,2016,0.03808487486398259,0.17142857142857143,0.8585418933623504,0.5059847660500544,0.2845528455284553,EXHAUSTION,0.0,0.0,0.0,0,NORMAL (15-25%),FLAT (0.8-1.0),NEGATIVE (<1x),ELEVATED (0.5-0.7)
2016-05-19,71,135,1.02,0.81,869,500,37,133.0,7,6,724,1070.0,4919,42.93,2.0,2016,0.04257767548906789,0.1891891891891892,0.8331415420023015,0.5753739930955121,0.2781954887218045,EXHAUSTION,0.0,0.0,0.0,0,NORMAL (15-25%),FLAT (0.8-1.0),NEGATIVE (<1x),ELEVATED (0.5-0.7)
2016-05-20,191,39,1.34,0.91,938,455,40,116.0,5,4,871,936.0,4918,48.39,2.0,2016,0.042643923240938165,0.125,0.9285714285714286,0.48507462686567165,0.3448275862068966,EXHAUSTION,0.0,0.0,0.0,0,LOW (<15%),FLAT (0.8-1.0),NEGATIVE (<1x),MODERATE (0.3-0.5)
2016-05-23,128,55,1.16,0.99,903,425,44,88.0,8,3,870,907.0,4918,47.8,2.0,2016,0.048726467331118496,0.18181818181818182,0.9634551495016611,0.4706533776301218,0.5,EXHAUSTION,0.0,0.0,0.0,0,NORMAL (15-25%),FLAT (0.8-1.0),NEGATIVE (<1x),MODERATE (0.3-0.5)
2016-05-24,234,94,1.63,1.04,1023,402,44,87.0,4,4,1061,831.0,4917,55.96,2.0,2016,0.043010752688172046,0.09090909090909091,1.0371456500488758,0.39296187683284456,0.5057471264367817,EXHAUSTION,0.0,0.0,0.0,0,LOW (<15%),SLIGHT ACCEL (1.0-1.2),NEGATIVE (<1x),MODERATE (0.3-0.5)
2016-05-25,234,38,2.38,1.35,1027,365,43,76.0,7,2,1129,739.0,4918,60.45,2.0,2016,0.04186952288218111,0.16279069767441862,1.0993184031158714,0.35540408958130476,0.5657894736842105,EXHAUSTION,0.0,0.0,0.0,0,NORMAL (15-25%),SLIGHT ACCEL (1.0-1.2),NEGATIVE (<1x),MODERATE (0.3-0.5)
2016-05-26,81,89,2.76,1.64,958,379,34,74.0,9,5,1064,762.0,4917,60.2,2.0,2016,0.03549060542797495,0.2647058823529412,1.1106471816283925,0.395615866388309,0.4594594594594595,EXHAUSTION,0.0,0.0,0.0,0,ELEVATED (25-35%),SLIGHT ACCEL (1.0-1.2),NEGATIVE (<1x),MODERATE (0.3-0.5)
2016-05-27,107,60,2.33,1.73,962,368,42,61.0,8,4,1073,736.0,4895,63.28,2.0,2016,0.04365904365904366,0.19047619047619047,1.1153846153846154,0.38253638253638256,0.6885245901639344,EXHAUSTION,0.0,0.0,0.0,0,NORMAL (15-25%),SLIGHT ACCEL (1.0-1.2),NEGATIVE (<1x),MODERATE (0.3-0.5)
2016-05-31,179,53,2.5,1.68,985,351,49,52.0,11,1,1074,714.0,4895,63.54,2.0,2016,0.049746192893401014,0.22448979591836735,1.0903553299492386,0.35634517766497464,0.9423076923076923,EXHAUSTION,0.0,0.0,0.0,0,NORMAL (15-25%),SLIGHT ACCEL (1.0-1.2),NEGATIVE (<1x),MODERATE (0.3-0.5)
2016-06-01,129,46,2.55,1.98,951,338,85,42.0,14,2,1155,679.0,4896,65.59,2.0,2016,0.08937960042060988,0.16470588235294117,1.2145110410094637,0.35541535226077814,2.0238095238095237,EXHAUSTION,0.0,0.0,0.0,4,NORMAL (15-25%),ACCELERATING (1.2-1.5),MODERATE (2-3x),MODERATE (0.3-0.5)
2016-06-02,150,56,2.13,2.26,970,323,128,36.0,18,2,1222,644.0,4898,67.1,2.0,2016,0.13195876288659794,0.140625,1.2597938144329897,0.33298969072164947,3.5555555555555554,EXHAUSTION,0.0,0.0,0.0,7,LOW (<15%),ACCELERATING (1.2-1.5),STRONG (3-5x),MODERATE (0.3-0.5)
2016-06-03,122,89,2.26,2.51,911,330,115,33.0,21,2,1146,650.0,4900,66.6,2.0,2016,0.12623490669593854,0.1826086956521739,1.2579582875960482,0.36223929747530187,3.484848484848485,EXHAUSTION,0.0,0.0,0.0,6,NORMAL (15-25%),ACCELERATING (1.2-1.5),STRONG (3-5x),MODERATE (0.3-0.5)
2016-06-06,296,33,3.16,2.71,992,307,160,30.0,28,2,1318,575.0,4899,70.9,2.0,2016,0.16129032258064516,0.175,1.3286290322580645,0.3094758064516129,5.333333333333333,NEUTRAL,0.0,0.0,0.0,8,NORMAL (15-25%),ACCELERATING (1.2-1.5),VERY STRONG (>5x),MODERATE (0.3-0.5)
2016-06-07,135,62,2.91,2.69,1026,301,154,26.0,22,2,1362,564.0,4899,73.43,2.0,2016,0.15009746588693956,0.14285714285714285,1.327485380116959,0.2933723196881092,5.923076923076923,NEUTRAL,0.0,0.0,0.0,8,LOW (<15%),ACCELERATING (1.2-1.5),VERY STRONG (>5x),LOW (<0.3)
2016-06-08,156,58,2.88,2.72,1065,277,125,25.0,16,3,1443,538.0,4899,75.89,2.0,2016,0.11737089201877934,0.128,1.3549295774647887,0.26009389671361505,5.0,EXHAUSTION,0.0,0.0,0.0,6,LOW (<15%),ACCELERATING (1.2-1.5),STRONG (3-5x),LOW (<0.3)
2016-06-09,68,158,1.94,2.02,999,314,108,19.0,19,3,1322,611.0,4898,71.76,2.0,2016,0.10810810810810811,0.17592592592592593,1.3233233233233233,0.31431431431431434,5.684210526315789,EXHAUSTION,0.0,0.0,0.0,5,NORMAL (15-25%),ACCELERATING (1.2-1.5),VERY STRONG (>5x),MODERATE (0.3-0.5)
2016-06-10,52,254,1.25,1.6,867,363,111,19.0,17,3,1111,700.0,4900,61.58,2.0,2016,0.12802768166089964,0.15315315315315314,1.2814302191464821,0.4186851211072664,5.842105263157895,EXHAUSTION,0.0,0.0,0.0,6,NORMAL (15-25%),ACCELERATING (1.2-1.5),VERY STRONG (>5x),MODERATE (0.3-0.5)
2016-06-13,63,164,0.68,1.39,783,403,93,20.0,16,3,953,805.0,4900,53.2,2.0,2016,0.11877394636015326,0.17204301075268819,1.2171136653895274,0.5146871008939975,4.65,EXHAUSTION,0.0,0.0,0.0,6,NORMAL (15-25%),ACCELERATING (1.2-1.5),STRONG (3-5x),ELEVATED (0.5-0.7)
2016-06-14,54,131,0.51,1.17,766,424,68,29.0,9,4,923,850.0,4903,48.74,2.0,2016,0.08877284595300261,0.1323529411764706,1.2049608355091384,0.5535248041775457,2.3448275862068964,EXHAUSTION,0.0,0.0,0.0,4,LOW (<15%),ACCELERATING (1.2-1.5),MODERATE (2-3x),ELEVATED (0.5-0.7)
2016-06-15,122,41,0.48,1.16,790,398,92,27.0,13,4,947,771.0,4904,50.69,2.0,2016,0.11645569620253164,0.14130434782608695,1.1987341772151898,0.5037974683544304,3.4074074074074074,EXHAUSTION,0.0,0.0,0.0,6,LOW (<15%),SLIGHT ACCEL (1.0-1.2),STRONG (3-5x),ELEVATED (0.5-0.7)
2016-06-16,66,94,0.52,1.05,757,428,84,25.0,11,5,924,752.0,4904,49.7,2.0,2016,0.11096433289299867,0.13095238095238096,1.2206076618229855,0.5653896961690885,3.36,EXHAUSTION,0.0,0.0,0.0,5,LOW (<15%),ACCELERATING (1.2-1.5),STRONG (3-5x),ELEVATED (0.5-0.7)
2016-06-17,171,147,0.82,1.04,753,404,89,26.0,12,5,927,737.0,4905,51.51,2.0,2016,0.11819389110225764,0.1348314606741573,1.2310756972111554,0.5365205843293492,3.423076923076923,EXHAUSTION,0.0,0.0,0.0,6,LOW (<15%),ACCELERATING (1.2-1.5),STRONG (3-5x),ELEVATED (0.5-0.7)
2016-06-20,91,48,1.09,0.85,803,381,79,27.0,10,5,1047,614.0,4905,60.21,2.0,2016,0.09838107098381071,0.12658227848101267,1.3038605230386053,0.47447073474470736,2.925925925925926,EXHAUSTION,0.0,0.0,0.0,4,LOW (<15%),ACCELERATING (1.2-1.5),MODERATE (2-3x),MODERATE (0.3-0.5)
2016-06-21,56,92,1.2,0.76,781,398,70,27.0,8,6,1006,637.0,4905,59.56,2.0,2016,0.08962868117797695,0.11428571428571428,1.2880921895006403,0.5096030729833547,2.5925925925925926,EXHAUSTION,0.0,0.0,0.0,4,LOW (<15%),ACCELERATING (1.2-1.5),MODERATE (2-3x),ELEVATED (0.5-0.7)
2016-06-22,55,80,0.95,0.66,751,420,50,34.0,8,7,920,657.0,4906,56.69,2.0,2016,0.06657789613848203,0.16,1.2250332889480693,0.559254327563249,1.4705882352941178,EXHAUSTION,0.0,0.0,0.0,2,NORMAL (15-25%),ACCELERATING (1.2-1.5),WEAK (1-2x),ELEVATED (0.5-0.7)
2016-06-23,291,22,1.71,0.95,856,367,53,29.0,7,7,1110,503.0,4911,69.99,2.0,2016,0.06191588785046729,0.1320754716981132,1.2967289719626167,0.4287383177570093,1.8275862068965518,EXHAUSTION,0.0,0.0,0.0,1,LOW (<15%),ACCELERATING (1.2-1.5),WEAK (1-2x),MODERATE (0.3-0.5)
2016-06-24,65,1599,0.3,0.43,653,486,41,39.0,7,7,742,837.0,4911,40.16,2.0,2016,0.06278713629402756,0.17073170731707318,1.1362940275650841,0.7442572741194488,1.0512820512820513,EXHAUSTION,0.0,0.0,0.0,1,NORMAL (15-25%),SLIGHT ACCEL (1.0-1.2),WEAK (1-2x),HIGH (0.7-1.0)
2016-06-27,19,332,0.23,0.38,536,655,31,89.0,8,8,528,1405.0,4909,27.35,2.0,2016,0.05783582089552239,0.25806451612903225,0.9850746268656716,1.2220149253731343,0.34831460674157305,EXHAUSTION,0.0,0.0,0.0,1,ELEVATED (25-35%),FLAT (0.8-1.0),NEGATIVE (<1x),EXTREME (>1.0)
2016-06-28,197,27,0.3,0.46,590,558,31,61.0,8,7,671,1056.0,4910,35.23,2.0,2016,0.05254237288135593,0.25806451612903225,1.1372881355932203,0.9457627118644067,0.5081967213114754,EXHAUSTION,0.0,0.0,0.0,1,ELEVATED (25-35%),SLIGHT ACCEL (1.0-1.2),NEGATIVE (<1x),HIGH (0.7-1.0)
2016-06-29,276,43,0.42,0.52,661,488,38,55.0,6,9,827,804.0,4911,46.33,2.0,2016,0.057488653555219364,0.15789473684210525,1.2511346444780636,0.7382753403933434,0.6909090909090909,EXHAUSTION,0.0,0.0,0.0,1,NORMAL (15-25%),ACCELERATING (1.2-1.5),NEGATIVE (<1x),HIGH (0.7-1.0)
2016-06-30,187,63,0.36,0.57,718,458,41,67.0,5,10,954,721.0,4889,57.19,2.0,2016,0.057103064066852366,0.12195121951219512,1.3286908077994428,0.637883008356546,0.6119402985074627,EXHAUSTION,0.0,0.0,0.0,1,LOW (<15%),ACCELERATING (1.2-1.5),NEGATIVE (<1x),ELEVATED (0.5-0.7)
2016-07-01,184,23,1.77,0.61,758,408,47,43.0,7,7,1066,647.0,4893,59.66,2.0,2016,0.06200527704485488,0.14893617021276595,1.4063324538258575,0.5382585751978892,1.0930232558139534,EXHAUSTION,0.0,0.0,0.0,1,LOW (<15%),ACCELERATING (1.2-1.5),WEAK (1-2x),ELEVATED (0.5-0.7)
2016-07-05,54,260,2.16,0.54,671,485,33,66.0,8,3,908,819.0,4895,49.45,2.0,2016,0.04918032786885246,0.24242424242424243,1.353204172876304,0.7228017883755589,0.5,EXHAUSTION,0.0,0.0,0.0,0,NORMAL (15-25%),ACCELERATING (1.2-1.5),NEGATIVE (<1x),HIGH (0.7-1.0)
2016-07-06,120,39,1.92,0.58,709,467,32,61.0,8,3,956,771.0,4895,52.9,2.0,2016,0.045133991537376586,0.25,1.3483779971791254,0.6586741889985895,0.5245901639344263,EXHAUSTION,0.0,0.0,0.0,0,NORMAL (15-25%),ACCELERATING (1.2-1.5),NEGATIVE (<1x),ELEVATED (0.5-0.7)
2016-07-07,105,60,1.46,0.61,697,446,28,61.0,7,3,955,745.0,4897,53.22,2.0,2016,0.040172166427546625,0.25,1.370157819225251,0.6398852223816356,0.45901639344262296,EXHAUSTION,0.0,0.0,0.0,0,NORMAL (15-25%),ACCELERATING (1.2-1.5),NEGATIVE (<1x),ELEVATED (0.5-0.7)
2016-07-08,330,20,1.97,0.62,821,375,37,38.0,7,3,1211,567.0,4899,65.13,2.0,2016,0.04506699147381242,0.1891891891891892,1.4750304506699148,0.45676004872107184,0.9736842105263158,EXHAUSTION,0.0,0.0,0.0,0,NORMAL (15-25%),ACCELERATING (1.2-1.5),NEGATIVE (<1x),MODERATE (0.3-0.5)
2016-07-11,142,44,1.78,1.77,835,350,61,25.0,12,2,1345,522.0,4900,68.95,2.0,2016,0.07305389221556886,0.19672131147540983,1.6107784431137724,0.41916167664670656,2.44,EXHAUSTION,0.0,0.0,0.0,2,NORMAL (15-25%),STRONG ACCEL (>1.5),MODERATE (2-3x),MODERATE (0.3-0.5)
2016-07-12,320,31,5.24,3.14,935,296,76,15.0,10,1,1583,406.0,4900,78.26,2.0,2016,0.08128342245989305,0.13157894736842105,1.693048128342246,0.3165775401069519,5.066666666666666,EXHAUSTION,0.0,0.0,0.0,3,LOW (<15%),STRONG ACCEL (>1.5),VERY STRONG (>5x),MODERATE (0.3-0.5)
2016-07-13,63,99,3.78,2.61,840,328,92,15.0,11,2,1467,,4899,75.83,2.0,2016,0.10952380952380952,0.11956521739130435,1.7464285714285714,0.3904761904761905,6.133333333333334,EXHAUSTION,0.0,0.0,0.0,5,LOW (<15%),STRONG ACCEL (>1.5),VERY STRONG (>5x),MODERATE (0.3-0.5)
2016-07-14,82,39,4.02,2.34,832,333,72,16.0,10,1,1477,443.0,4899,77.51,2.0,2016,0.08653846153846154,0.1388888888888889,1.7752403846153846,0.40024038461538464,4.5,EXHAUSTION,0.0,0.0,0.0,3,LOW (<15%),STRONG ACCEL (>1.5),STRONG (3-5x),MODERATE (0.3-0.5)
2016-07-15,80,45,2.66,2.24,837,328,66,14.0,12,1,1521,447.0,4900,78.46,2.0,2016,0.07885304659498207,0.18181818181818182,1.8172043010752688,0.3918757467144564,4.714285714285714,EXHAUSTION,0.0,0.0,0.0,3,NORMAL (15-25%),STRONG ACCEL (>1.5),STRONG (3-5x),MODERATE (0.3-0.5)
2016-07-18,111,40,2.58,2.08,858,318,64,17.0,14,2,1564,420.0,4900,79.73,2.0,2016,0.07459207459207459,0.21875,1.8228438228438228,0.3706293706293706,3.764705882352941,EXHAUSTION,0.0,0.0,0.0,2,NORMAL (15-25%),STRONG ACCEL (>1.5),STRONG (3-5x),MODERATE (0.3-0.5)
2016-07-19,52,138,1.07,2.53,812,355,49,18.0,9,2,1405,490.0,4900,76.2,2.0,2016,0.0603448275862069,0.1836734693877551,1.730295566502463,0.437192118226601,2.7222222222222223,EXHAUSTION,0.0,0.0,0.0,1,NORMAL (15-25%),STRONG ACCEL (>1.5),MODERATE (2-3x),MODERATE (0.3-0.5)
2016-07-20,171,83,1.44,2.43,862,329,52,18.0,11,2,1571,453.0,4901,78.49,2.0,2016,0.060324825986078884,0.21153846153846154,1.822505800464037,0.38167053364269143,2.888888888888889,EXHAUSTION,0.0,0.0,0.0,1,NORMAL (15-25%),STRONG ACCEL (>1.5),MODERATE (2-3x),MODERATE (0.3-0.5)
2016-07-21,101,73,1.36,2.37,829,336,58,15.0,9,3,1447,476.0,4906,74.47,2.0,2016,0.06996381182147166,0.15517241379310345,1.7454764776839566,0.40530759951749096,3.8666666666666667,EXHAUSTION,0.0,0.0,0.0,2,NORMAL (15-25%),STRONG ACCEL (>1.5),STRONG (3-5x),MODERATE (0.3-0.5)
2016-07-22,112,48,1.43,1.93,866,328,54,21.0,8,2,1563,456.0,4908,76.7,2.0,2016,0.06235565819861432,0.14814814814814814,1.8048498845265588,0.3787528868360277,2.5714285714285716,EXHAUSTION,0.0,0.0,0.0,1,LOW (<15%),STRONG ACCEL (>1.5),MODERATE (2-3x),MODERATE (0.3-0.5)
2016-07-25,83,135,1.09,1.61,806,336,88,17.0,13,3,1464,488.0,4901,73.13,2.0,2016,0.10918114143920596,0.14772727272727273,1.816377171215881,0.41687344913151364,5.176470588235294,EXHAUSTION,0.0,0.0,0.0,5,LOW (<15%),STRONG ACCEL (>1.5),VERY STRONG (>5x),MODERATE (0.3-0.5)
2016-07-26,166,70,1.55,1.33,853,326,206,14.0,25,4,1569,445.0,4894,74.79,2.0,2016,0.24150058616647127,0.12135922330097088,1.839390386869871,0.3821805392731536,14.714285714285714,NEUTRAL,0.0,0.0,0.0,9,LOW (<15%),STRONG ACCEL (>1.5),VERY STRONG (>5x),MODERATE (0.3-0.5)
2016-07-27,195,109,1.51,1.48,877,313,162,,17,4,1608,405.0,4895,71.01,2.0,2016,0.1847206385404789,0.10493827160493827,1.8335233751425313,0.35689851767388825,,NEUTRAL,0.0,0.0,0.0,8,LOW (<15%),STRONG ACCEL (>1.5),,MODERATE (0.3-0.5)
2016-07-28,132,135,1.38,1.37,860,326,117,21.0,14,4,1585,418.0,4896,69.9,2.0,2016,0.13604651162790699,0.11965811965811966,1.8430232558139534,0.37906976744186044,5.571428571428571,EXHAUSTION,0.0,0.0,0.0,7,LOW (<15%),STRONG ACCEL (>1.5),VERY STRONG (>5x),MODERATE (0.3-0.5)
2016-07-29,172,91,1.39,1.4,906,305,101,21.0,9,5,1595,400.0,4901,71.27,2.0,2016,0.11147902869757174,0.0891089108910891,1.760485651214128,0.336644591611479,4.809523809523809,EXHAUSTION,0.0,0.0,0.0,5,LOW (<15%),STRONG ACCEL (>1.5),STRONG (3-5x),MODERATE (0.3-0.5)
2016-08-01,117,133,1.45,1.28,885,317,73,32.0,8,7,1566,442.0,4899,67.03,2.0,2016,0.08248587570621468,0.1095890410958904,1.769491525423729,0.3581920903954802,2.28125,EXHAUSTION,0.0,0.0,0.0,3,LOW (<15%),STRONG ACCEL (>1.5),MODERATE (2-3x),MODERATE (0.3-0.5)
2016-08-02,100,210,1.06,1.24,818,342,91,26.0,6,8,1324,509.0,4898,59.9,2.0,2016,0.11124694376528117,0.06593406593406594,1.6185819070904646,0.4180929095354523,3.5,EXHAUSTION,0.0,0.0,0.0,5,LOW (<15%),STRONG ACCEL (>1.5),STRONG (3-5x),MODERATE (0.3-0.5)
2016-08-03,255,67,1.22,1.34,902,297,105,28.0,10,8,1484,453.0,4895,64.04,2.0,2016,0.1164079822616408,0.09523809523809523,1.6452328159645233,0.32926829268292684,3.75,EXHAUSTION,0.0,0.0,0.0,6,LOW (<15%),STRONG ACCEL (>1.5),STRONG (3-5x),MODERATE (0.3-0.5)
2016-08-04,172,124,1.31,1.34,908,303,118,31.0,11,7,1509,501.0,4897,63.86,2.0,2016,0.1299559471365639,0.09322033898305085,1.6618942731277533,0.33370044052863435,3.806451612903226,EXHAUSTION,0.0,0.0,0.0,7,LOW (<15%),STRONG ACCEL (>1.5),STRONG (3-5x),MODERATE (0.3-0.5)
2016-08-05,238,92,1.41,1.4,1002,279,107,31.0,9,7,1703,451.0,4896,69.19,2.0,2016,0.10678642714570859,0.08411214953271028,1.6996007984031936,0.27844311377245506,3.4516129032258065,EXHAUSTION,0.0,0.0,0.0,5,LOW (<15%),STRONG ACCEL (>1.5),STRONG (3-5x),LOW (<0.3)
2016-08-08,143,57,1.65,1.55,1008,263,103,26.0,10,7,1741,451.0,4896,69.94,2.0,2016,0.10218253968253968,0.0970873786407767,1.7271825396825398,0.26091269841269843,3.9615384615384617,EXHAUSTION,0.0,0.0,0.0,5,LOW (<15%),STRONG ACCEL (>1.5),STRONG (3-5x),LOW (<0.3)
2016-08-09,132,125,2.02,1.45,1002,279,89,42.0,6,8,1730,489.0,4896,68.79,2.0,2016,0.08882235528942116,0.06741573033707865,1.7265469061876249,0.27844311377245506,2.119047619047619,EXHAUSTION,0.0,0.0,0.0,4,LOW (<15%),STRONG ACCEL (>1.5),MODERATE (2-3x),LOW (<0.3)
2016-08-10,65,182,1.29,1.25,917,309,84,41.0,8,7,1648,562.0,4895,66.45,2.0,2016,0.0916030534351145,0.09523809523809523,1.797164667393675,0.33696837513631406,2.048780487804878,EXHAUSTION,0.0,0.0,0.0,4,LOW (<15%),STRONG ACCEL (>1.5),MODERATE (2-3x),MODERATE (0.3-0.5)
2016-08-11,142,54,1.41,1.35,975,288,96,40.0,10,8,1705,500.0,4897,67.85,2.0,2016,0.09846153846153846,0.10416666666666667,1.7487179487179487,0.2953846153846154,2.4,EXHAUSTION,0.0,0.0,0.0,4,LOW (<15%),STRONG ACCEL (>1.5),MODERATE (2-3x),LOW (<0.3)
2016-08-12,111,63,1.23,1.33,967,282,104,43.0,11,9,1714,498.0,4898,67.07,2.0,2016,0.10754912099276112,0.10576923076923077,1.7724922440537745,0.29162357807652534,2.4186046511627906,EXHAUSTION,0.0,0.0,0.0,5,LOW (<15%),STRONG ACCEL (>1.5),MODERATE (2-3x),LOW (<0.3)
2016-08-15,203,45,1.39,1.53,1049,262,120,43.0,14,7,1651,454.0,4899,69.61,2.0,2016,0.11439466158245949,0.11666666666666667,1.5738798856053384,0.24976167778836988,2.7906976744186047,EXHAUSTION,0.0,0.0,0.0,6,LOW (<15%),STRONG ACCEL (>1.5),MODERATE (2-3x),LOW (<0.3)
2016-08-16,93,89,1.42,1.73,995,284,116,45.0,15,7,1410,509.0,4899,63.91,2.0,2016,0.11658291457286432,0.12931034482758622,1.4170854271356783,0.28542713567839195,2.577777777777778,EXHAUSTION,0.0,0.0,0.0,6,LOW (<15%),ACCELERATING (1.2-1.5),MODERATE (2-3x),LOW (<0.3)
2016-08-17,78,68,1.97,1.53,976,288,94,49.0,14,6,1283,549.0,4902,62.74,2.0,2016,0.09631147540983606,0.14893617021276595,1.3145491803278688,0.29508196721311475,1.9183673469387754,EXHAUSTION,0.0,0.0,0.0,4,LOW (<15%),ACCELERATING (1.2-1.5),WEAK (1-2x),LOW (<0.3)
2016-08-18,150,45,2.05,1.65,1028,283,118,45.0,15,6,1350,519.0,4903,66.43,2.0,2016,0.11478599221789883,0.1271186440677966,1.3132295719844358,0.27529182879377434,2.6222222222222222,EXHAUSTION,0.0,0.0,0.0,6,LOW (<15%),ACCELERATING (1.2-1.5),MODERATE (2-3x),LOW (<0.3)
2016-08-19,66,67,1.88,1.49,1023,295,114,50.0,14,9,1342,535.0,4905,64.56,2.0,2016,0.11143695014662756,0.12280701754385964,1.3118279569892473,0.2883675464320626,2.28,EXHAUSTION,0.0,0.0,0.0,5,LOW (<15%),ACCELERATING (1.2-1.5),MODERATE (2-3x),LOW (<0.3)
2016-08-22,81,62,1.41,1.4,991,292,117,44.0,17,5,1295,537.0,4905,64.43,2.0,2016,0.11806256306760847,0.1452991452991453,1.3067608476286579,0.2946518668012109,2.659090909090909,EXHAUSTION,0.0,0.0,0.0,6,LOW (<15%),ACCELERATING (1.2-1.5),MODERATE (2-3x),LOW (<0.3)
2016-08-23,127,43,1.76,1.55,1038,282,122,45.0,18,5,1314,506.0,4903,66.62,2.0,2016,0.11753371868978806,0.14754098360655737,1.2658959537572254,0.27167630057803466,2.7111111111111112,EXHAUSTION,0.0,0.0,0.0,6,LOW (<15%),ACCELERATING (1.2-1.5),MODERATE (2-3x),LOW (<0.3)
2016-08-24,54,245,1.03,1.41,933,316,89,48.0,12,2,1034,624.0,4903,59.76,2.0,2016,0.09539121114683816,0.1348314606741573,1.1082529474812433,0.3386923901393355,1.8541666666666667,EXHAUSTION,0.0,0.0,0.0,4,LOW (<15%),SLIGHT ACCEL (1.0-1.2),WEAK (1-2x),MODERATE (0.3-0.5)
2016-08-25,62,75,0.79,1.28,925,320,90,44.0,13,2,969,639.0,4903,60.06,2.0,2016,0.0972972972972973,0.14444444444444443,1.0475675675675675,0.34594594594594597,2.0454545454545454,EXHAUSTION,0.0,0.0,0.0,4,LOW (<15%),SLIGHT ACCEL (1.0-1.2),MODERATE (2-3x),MODERATE (0.3-0.5)
2016-08-26,56,49,0.8,1.23,917,320,90,42.0,12,1,906,644.0,4903,55.94,2.0,2016,0.09814612868047982,0.13333333333333333,0.9880043620501636,0.3489640130861505,2.142857142857143,EXHAUSTION,0.0,0.0,0.0,4,LOW (<15%),FLAT (0.8-1.0),MODERATE (2-3x),MODERATE (0.3-0.5)
2016-08-29,115,34,0.93,1.14,948,317,112,40.0,21,0,953,609.0,4903,59.56,2.0,2016,0.11814345991561181,0.1875,1.0052742616033756,0.33438818565400846,2.8,EXHAUSTION,0.0,0.0,0.0,6,NORMAL (15-25%),SLIGHT ACCEL (1.0-1.2),MODERATE (2-3x),MODERATE (0.3-0.5)
2016-08-30,74,84,0.74,1.12,930,319,124,37.0,19,0,945,592.0,4904,57.92,2.0,2016,0.13333333333333333,0.1532258064516129,1.0161290322580645,0.34301075268817205,3.3513513513513513,EXHAUSTION,0.0,0.0,0.0,7,NORMAL (15-25%),SLIGHT ACCEL (1.0-1.2),STRONG (3-5x),MODERATE (0.3-0.5)
2016-08-31,61,123,1.01,1.02,881,339,86,39.0,15,0,883,638.0,4906,54.6,2.0,2016,0.09761634506242906,0.1744186046511628,1.0022701475595914,0.3847900113507378,2.2051282051282053,EXHAUSTION,0.0,0.0,0.0,4,NORMAL (15-25%),SLIGHT ACCEL (1.0-1.2),MODERATE (2-3x),MODERATE (0.3-0.5)
2016-09-01,73,58,1.09,0.92,889,333,72,29.0,16,1,879,641.0,4905,52.28,2.0,2016,0.08098987626546682,0.2222222222222222,0.9887514060742407,0.374578177727784,2.4827586206896552,EXHAUSTION,0.0,0.0,0.0,3,NORMAL (15-25%),FLAT (0.8-1.0),MODERATE (2-3x),MODERATE (0.3-0.5)
2016-09-02,98,33,1.27,0.99,964,297,63,32.0,15,2,966,581.0,4905,57.92,2.0,2016,0.06535269709543569,0.23809523809523808,1.0020746887966805,0.30809128630705396,1.96875,EXHAUSTION,0.0,0.0,0.0,1,NORMAL (15-25%),SLIGHT ACCEL (1.0-1.2),WEAK (1-2x),MODERATE (0.3-0.5)
2016-09-06,199,61,1.41,1.14,948,281,66,25.0,16,1,990,544.0,4901,59.8,2.0,2016,0.06962025316455696,0.24242424242424243,1.0443037974683544,0.29641350210970463,2.64,EXHAUSTION,0.0,0.0,0.0,2,NORMAL (15-25%),SLIGHT ACCEL (1.0-1.2),MODERATE (2-3x),LOW (<0.3)
2016-09-07,146,65,1.7,1.13,1021,268,70,21.0,12,1,1045,499.0,4902,62.85,2.0,2016,0.06856023506366307,0.17142857142857143,1.0235063663075417,0.2624877571008815,3.3333333333333335,EXHAUSTION,0.0,0.0,0.0,2,NORMAL (15-25%),SLIGHT ACCEL (1.0-1.2),STRONG (3-5x),LOW (<0.3)
2016-09-08,174,41,2.67,1.7,1059,250,85,14.0,18,1,1078,484.0,4904,60.07,2.0,2016,0.08026440037771483,0.21176470588235294,1.0179414542020775,0.2360717658168083,6.071428571428571,EXHAUSTION,0.0,0.0,0.0,3,NORMAL (15-25%),SLIGHT ACCEL (1.0-1.2),VERY STRONG (>5x),LOW (<0.3)
2016-09-09,30,634,0.78,0.87,825,288,51,26.0,14,1,785,683.0,4904,36.56,2.0,2016,0.06181818181818182,0.27450980392156865,0.9515151515151515,0.3490909090909091,1.9615384615384615,EXHAUSTION,0.0,0.0,0.0,1,ELEVATED (25-35%),FLAT (0.8-1.0),WEAK (1-2x),MODERATE (0.3-0.5)
2016-09-12,148,28,0.84,0.96,920,242,61,15.0,14,0,883,573.0,4901,43.18,2.0,2016,0.06630434782608696,0.22950819672131148,0.9597826086956521,0.26304347826086955,4.066666666666666,EXHAUSTION,0.0,0.0,0.0,2,NORMAL (15-25%),FLAT (0.8-1.0),STRONG (3-5x),LOW (<0.3)
2016-09-13,41,259,0.52,0.75,777,274,43,26.0,10,0,696,729.0,4900,29.58,2.0,2016,0.055341055341055344,0.23255813953488372,0.8957528957528957,0.35263835263835264,1.6538461538461537,EXHAUSTION,0.0,0.0,0.0,1,NORMAL (15-25%),FLAT (0.8-1.0),WEAK (1-2x),MODERATE (0.3-0.5)
2016-09-14,93,60,0.48,0.78,782,280,49,22.0,11,0,690,729.0,4900,27.15,2.0,2016,0.06265984654731457,0.22448979591836735,0.8823529411764706,0.35805626598465473,2.227272727272727,EXHAUSTION,0.0,0.0,0.0,1,NORMAL (15-25%),FLAT (0.8-1.0),MODERATE (2-3x),MODERATE (0.3-0.5)
2016-09-15,132,38,0.44,0.89,862,273,60,22.0,13,1,767,629.0,4900,34.38,2.0,2016,0.06960556844547564,0.21666666666666667,0.8897911832946636,0.3167053364269142,2.727272727272727,EXHAUSTION,0.0,0.0,0.0,2,NORMAL (15-25%),FLAT (0.8-1.0),MODERATE (2-3x),MODERATE (0.3-0.5)
2016-09-16,144,102,1.15,0.91,871,292,57,29.0,14,4,752,660.0,4903,31.2,2.0,2016,0.06544202066590127,0.24561403508771928,0.8633754305396096,0.33524684270952926,1.9655172413793103,EXHAUSTION,0.0,0.0,0.0,1,NORMAL (15-25%),FLAT (0.8-1.0),WEAK (1-2x),MODERATE (0.3-0.5)
2016-09-19,76,38,0.98,0.89,875,288,66,23.0,15,4,785,638.0,4904,34.57,2.0,2016,0.07542857142857143,0.22727272727272727,0.8971428571428571,0.3291428571428571,2.869565217391304,EXHAUSTION,0.0,0.0,0.0,2,NORMAL (15-25%),FLAT (0.8-1.0),MODERATE (2-3x),MODERATE (0.3-0.5)
2016-09-20,107,78,1.75,0.81,857,299,64,25.0,13,4,720,646.0,4902,32.8,2.0,2016,0.07467911318553092,0.203125,0.8401400233372228,0.34889148191365227,2.56,EXHAUSTION,0.0,0.0,0.0,2,NORMAL (15-25%),FLAT (0.8-1.0),MODERATE (2-3x),MODERATE (0.3-0.5)
2016-09-21,226,41,2.31,0.89,942,272,68,23.0,12,4,818,534.0,4904,45.54,2.0,2016,0.07218683651804671,0.17647058823529413,0.8683651804670913,0.28874734607218683,2.9565217391304346,EXHAUSTION,0.0,0.0,0.0,2,NORMAL (15-25%),FLAT (0.8-1.0),MODERATE (2-3x),LOW (<0.3)
2016-09-22,158,47,2.32,0.87,1040,248,92,13.0,17,3,856,455.0,4907,56.12,2.0,2016,0.08846153846153847,0.18478260869565216,0.823076923076923,0.23846153846153847,7.076923076923077,EXHAUSTION,0.0,0.0,0.0,4,NORMAL (15-25%),FLAT (0.8-1.0),VERY STRONG (>5x),LOW (<0.3)
2016-09-23,68,77,2.26,1.55,1010,251,95,15.0,16,3,794,479.0,4912,49.55,2.0,2016,0.09405940594059406,0.16842105263157894,0.7861386138613862,0.2485148514851485,6.333333333333333,EXHAUSTION,0.0,0.0,0.0,4,NORMAL (15-25%),DECELERATING (<0.8),VERY STRONG (>5x),LOW (<0.3)
2016-09-26,51,108,1.74,1.29,924,269,81,19.0,15,3,676,521.0,4912,42.4,2.0,2016,0.08766233766233766,0.18518518518518517,0.7316017316017316,0.2911255411255411,4.2631578947368425,EXHAUSTION,0.0,0.0,0.0,3,NORMAL (15-25%),DECELERATING (<0.8),STRONG (3-5x),LOW (<0.3)
2016-09-27,101,72,1.75,1.75,964,278,87,22.0,17,2,701,528.0,4912,43.27,2.0,2016,0.09024896265560166,0.19540229885057472,0.7271784232365145,0.2883817427385892,3.9545454545454546,EXHAUSTION,0.0,0.0,0.0,4,NORMAL (15-25%),DECELERATING (<0.8),STRONG (3-5x),LOW (<0.3)
2016-09-28,263,38,1.87,2.08,934,253,77,19.0,17,2,781,444.0,4916,53.12,2.0,2016,0.08244111349036402,0.22077922077922077,0.8361884368308351,0.2708779443254818,4.052631578947368,EXHAUSTION,0.0,0.0,0.0,3,NORMAL (15-25%),FLAT (0.8-1.0),STRONG (3-5x),LOW (<0.3)
2016-09-29,75,147,1.26,1.7,775,264,67,21.0,14,3,702,526.0,4916,41.96,2.0,2016,0.08645161290322581,0.208955223880597,0.9058064516129032,0.3406451612903226,3.1904761904761907,EXHAUSTION,0.0,0.0,0.0,3,NORMAL (15-25%),FLAT (0.8-1.0),STRONG (3-5x),MODERATE (0.3-0.5)
2016-09-30,140,37,1.57,1.85,815,264,80,18.0,16,3,791,453.0,4917,50.07,2.0,2016,0.09815950920245399,0.2,0.9705521472392638,0.3239263803680982,4.444444444444445,EXHAUSTION,0.0,0.0,0.0,4,NORMAL (15-25%),FLAT (0.8-1.0),STRONG (3-5x),MODERATE (0.3-0.5)
2016-10-03,83,56,1.89,1.81,804,271,67,16.0,17,4,771,459.0,4916,45.53,2.0,2016,0.08333333333333333,0.2537313432835821,0.9589552238805971,0.3370646766169154,4.1875,EXHAUSTION,0.0,0.0,0.0,3,ELEVATED (25-35%),FLAT (0.8-1.0),STRONG (3-5x),MODERATE (0.3-0.5)
2016-10-04,54,154,1.42,1.57,772,293,42,24.0,10,5,742,513.0,4919,41.16,2.0,2016,0.054404145077720206,0.23809523809523808,0.961139896373057,0.3795336787564767,1.75,EXHAUSTION,0.0,0.0,0.0,1,NORMAL (15-25%),FLAT (0.8-1.0),WEAK (1-2x),MODERATE (0.3-0.5)
2016-10-05,167,48,1.17,1.48,826,278,46,22.0,11,5,824,481.0,4921,47.73,2.0,2016,0.05569007263922518,0.2391304347826087,0.9975786924939467,0.3365617433414044,2.090909090909091,EXHAUSTION,0.0,0.0,0.0,1,NORMAL (15-25%),FLAT (0.8-1.0),MODERATE (2-3x),MODERATE (0.3-0.5)
2016-10-06,64,103,1.28,1.27,765,299,32,31.0,9,5,785,511.0,4927,47.24,2.0,2016,0.04183006535947712,0.28125,1.026143790849673,0.3908496732026144,1.032258064516129,EXHAUSTION,0.0,0.0,0.0,0,ELEVATED (25-35%),SLIGHT ACCEL (1.0-1.2),WEAK (1-2x),MODERATE (0.3-0.5)
2016-10-07,50,116,0.88,1.19,675,312,47,25.0,12,5,717,551.0,4929,40.17,2.0,2016,0.06962962962962962,0.2553191489361702,1.0622222222222222,0.4622222222222222,1.88,EXHAUSTION,0.0,0.0,0.0,2,ELEVATED (25-35%),SLIGHT ACCEL (1.0-1.2),WEAK (1-2x),MODERATE (0.3-0.5)
2016-10-10,130,39,1.01,1.39,703,288,50,29.0,15,6,791,479.0,4934,46.28,2.0,2016,0.07112375533428165,0.3,1.1251778093883358,0.4096728307254623,1.7241379310344827,EXHAUSTION,0.0,0.0,0.0,2,ELEVATED (25-35%),SLIGHT ACCEL (1.0-1.2),WEAK (1-2x),MODERATE (0.3-0.5)
2016-10-11,34,205,0.87,1.12,599,316,56,28.0,15,6,651,589.0,4934,35.37,2.0,2016,0.09348914858096828,0.26785714285714285,1.0868113522537564,0.5275459098497496,2.0,EXHAUSTION,0.0,0.0,0.0,4,ELEVATED (25-35%),SLIGHT ACCEL (1.0-1.2),WEAK (1-2x),ELEVATED (0.5-0.7)
2016-10-12,42,120,0.55,0.82,575,321,51,30.0,10,4,600,627.0,4937,36.48,2.0,2016,0.08869565217391304,0.19607843137254902,1.0434782608695652,0.5582608695652174,1.7,EXHAUSTION,0.0,0.0,0.0,4,NORMAL (15-25%),SLIGHT ACCEL (1.0-1.2),WEAK (1-2x),ELEVATED (0.5-0.7)
2016-10-13,49,115,0.51,0.82,523,334,41,33.0,8,4,542,679.0,4940,30.51,2.0,2016,0.07839388145315487,0.1951219512195122,1.0363288718929253,0.638623326959847,1.2424242424242424,EXHAUSTION,0.0,0.0,0.0,3,NORMAL (15-25%),SLIGHT ACCEL (1.0-1.2),WEAK (1-2x),ELEVATED (0.5-0.7)
2016-10-14,41,100,0.51,0.68,487,354,39,36.0,7,4,492,728.0,4942,30.5,2.0,2016,0.08008213552361396,0.1794871794871795,1.0102669404517455,0.7268993839835729,1.0833333333333333,EXHAUSTION,0.0,0.0,0.0,3,NORMAL (15-25%),SLIGHT ACCEL (1.0-1.2),WEAK (1-2x),HIGH (0.7-1.0)
2016-10-17,49,99,0.34,0.62,468,373,28,36.0,6,4,463,750.0,4942,30.09,2.0,2016,0.05982905982905983,0.21428571428571427,0.9893162393162394,0.7970085470085471,0.7777777777777778,EXHAUSTION,0.0,0.0,0.0,1,NORMAL (15-25%),FLAT (0.8-1.0),NEGATIVE (<1x),HIGH (0.7-1.0)
2016-10-18,110,46,0.61,0.74,489,346,34,38.0,6,4,523,686.0,4941,36.09,2.0,2016,0.06952965235173825,0.17647058823529413,1.0695296523517381,0.7075664621676891,0.8947368421052632,EXHAUSTION,0.0,0.0,0.0,2,NORMAL (15-25%),SLIGHT ACCEL (1.0-1.2),NEGATIVE (<1x),HIGH (0.7-1.0)
2016-10-19,115,63,0.86,0.68,512,339,31,44.0,4,5,585,635.0,4942,40.94,2.0,2016,0.060546875,0.12903225806451613,1.142578125,0.662109375,0.7045454545454546,EXHAUSTION,0.0,0.0,0.0,1,LOW (<15%),SLIGHT ACCEL (1.0-1.2),NEGATIVE (<1x),ELEVATED (0.5-0.7)
2016-10-20,94,66,1.09,0.74,533,338,28,49.0,4,4,594,653.0,4942,39.18,2.0,2016,0.0525328330206379,0.14285714285714285,1.1144465290806753,0.6341463414634146,0.5714285714285714,EXHAUSTION,0.0,0.0,0.0,1,LOW (<15%),SLIGHT ACCEL (1.0-1.2),NEGATIVE (<1x),ELEVATED (0.5-0.7)
2016-10-21,74,49,1.37,0.82,518,353,36,52.0,3,3,576,667.0,4942,39.33,2.0,2016,0.0694980694980695,0.08333333333333333,1.111969111969112,0.6814671814671814,0.6923076923076923,EXHAUSTION,0.0,0.0,0.0,2,LOW (<15%),SLIGHT ACCEL (1.0-1.2),NEGATIVE (<1x),ELEVATED (0.5-0.7)
2016-10-24,76,97,1.46,0.71,523,363,36,44.0,3,5,576,652.0,4942,43.22,2.0,2016,0.06883365200764818,0.08333333333333333,1.101338432122371,0.6940726577437859,0.8181818181818182,EXHAUSTION,0.0,0.0,0.0,2,LOW (<15%),SLIGHT ACCEL (1.0-1.2),NEGATIVE (<1x),ELEVATED (0.5-0.7)
2016-10-25,65,136,1.03,0.8,464,399,29,57.0,4,10,518,722.0,4942,37.84,2.0,2016,0.0625,0.13793103448275862,1.1163793103448276,0.8599137931034483,0.5087719298245614,EXHAUSTION,0.0,0.0,0.0,1,LOW (<15%),SLIGHT ACCEL (1.0-1.2),NEGATIVE (<1x),HIGH (0.7-1.0)
2016-10-26,74,139,0.79,0.82,430,420,17,65.0,4,9,475,754.0,4943,34.63,2.0,2016,0.03953488372093023,0.23529411764705882,1.1046511627906976,0.9767441860465116,0.26153846153846155,EXHAUSTION,0.0,0.0,0.0,0,NORMAL (15-25%),SLIGHT ACCEL (1.0-1.2),NEGATIVE (<1x),HIGH (0.7-1.0)
2016-10-27,85,220,0.58,0.77,387,470,17,78.0,3,8,433,903.0,4945,30.32,2.0,2016,0.04392764857881137,0.17647058823529413,1.1188630490956073,1.2144702842377262,0.21794871794871795,EXHAUSTION,0.0,0.0,0.0,0,NORMAL (15-25%),SLIGHT ACCEL (1.0-1.2),NEGATIVE (<1x),EXTREME (>1.0)
2016-10-28,77,174,0.49,0.75,364,482,11,97.0,3,10,426,960.0,4945,29.49,2.0,2016,0.03021978021978022,0.2727272727272727,1.1703296703296704,1.3241758241758241,0.1134020618556701,EXHAUSTION,0.0,0.0,0.0,0,ELEVATED (25-35%),SLIGHT ACCEL (1.0-1.2),NEGATIVE (<1x),EXTREME (>1.0)
2016-10-31,80,146,0.47,0.75,357,497,15,101.0,3,8,419,962.0,4945,31.27,2.0,2016,0.04201680672268908,0.2,1.173669467787115,1.392156862745098,0.1485148514851485,EXHAUSTION,0.0,0.0,0.0,0,NORMAL (15-25%),SLIGHT ACCEL (1.0-1.2),NEGATIVE (<1x),EXTREME (>1.0)
2016-11-01,92,163,0.48,0.66,328,528,10,96.0,3,10,380,1054.0,4945,25.16,2.0,2016,0.03048780487804878,0.3,1.1585365853658536,1.6097560975609757,0.10416666666666667,EXHAUSTION,0.0,0.0,0.0,0,ELEVATED (25-35%),SLIGHT ACCEL (1.0-1.2),NEGATIVE (<1x),EXTREME (>1.0)
2016-11-02,94,268,0.44,0.56,267,604,12,155.0,3,13,323,1215.0,4947,21.08,2.0,2016,0.0449438202247191,0.25,1.2097378277153559,2.262172284644195,0.07741935483870968,EXHAUSTION,0.0,0.0,0.0,0,NORMAL (15-25%),ACCELERATING (1.2-1.5),NEGATIVE (<1x),EXTREME (>1.0)
2016-11-03,94,308,0.41,0.48,246,645,13,184.0,3,15,310,1282.0,4948,22.29,2.0,2016,0.052845528455284556,0.23076923076923078,1.2601626016260163,2.6219512195121952,0.07065217391304347,EXHAUSTION,0.0,0.0,0.0,1,NORMAL (15-25%),ACCELERATING (1.2-1.5),NEGATIVE (<1x),EXTREME (>1.0)
2016-11-04,162,123,0.52,0.51,246,629,12,162.0,1,16,336,1280.0,4949,23.21,2.0,2016,0.04878048780487805,0.08333333333333333,1.3658536585365855,2.5569105691056913,0.07407407407407407,EXHAUSTION,0.0,0.0,0.0,0,LOW (<15%),ACCELERATING (1.2-1.5),NEGATIVE (<1x),EXTREME (>1.0)
2016-11-07,292,57,0.8,0.64,279,551,12,140.0,0,14,475,1092.0,4952,35.37,2.0,2016,0.043010752688172046,0.0,1.7025089605734767,1.974910394265233,0.08571428571428572,EXHAUSTION,0.0,0.0,0.0,0,,STRONG ACCEL (>1.5),NEGATIVE (<1x),EXTREME (>1.0)
2016-11-08,106,99,0.87,0.68,298,533,15,116.0,0,13,513,1067.0,4950,38.17,2.0,2016,0.050335570469798654,0.0,1.721476510067114,1.7885906040268456,0.12931034482758622,EXHAUSTION,0.0,0.0,0.0,0,,STRONG ACCEL (>1.5),NEGATIVE (<1x),EXTREME (>1.0)
2016-11-09,917,144,2.15,1.17,453,418,46,83.0,1,15,1003,859.0,4949,46.69,2.0,2016,0.10154525386313466,0.021739130434782608,2.2141280353200883,0.9227373068432672,0.5542168674698795,EXHAUSTION,0.0,0.0,0.0,5,LOW (<15%),STRONG ACCEL (>1.5),NEGATIVE (<1x),HIGH (0.7-1.0)
2016-11-10,475,176,3.26,1.44,580,417,91,76.0,5,12,1341,821.0,4949,48.87,2.0,2016,0.15689655172413794,0.054945054945054944,2.3120689655172413,0.7189655172413794,1.1973684210526316,NEUTRAL,0.0,0.0,0.0,8,LOW (<15%),STRONG ACCEL (>1.5),WEAK (1-2x),HIGH (0.7-1.0)
2016-11-11,389,103,3.76,1.7,747,400,130,62.0,11,10,1645,766.0,4953,50.73,2.0,2016,0.17402945113788487,0.08461538461538462,2.2021419009370815,0.535475234270415,2.096774193548387,NEUTRAL,0.0,0.0,0.0,8,LOW (<15%),STRONG ACCEL (>1.5),MODERATE (2-3x),ELEVATED (0.5-0.7)
2016-11-14,279,94,3.52,1.89,842,382,194,55.0,19,7,1793,728.0,4953,53.97,2.0,2016,0.23040380047505937,0.0979381443298969,2.129453681710214,0.45368171021377673,3.5272727272727273,NEUTRAL,0.0,0.0,0.0,9,LOW (<15%),STRONG ACCEL (>1.5),STRONG (3-5x),MODERATE (0.3-0.5)
2016-11-15,199,74,3.82,2.08,867,351,181,53.0,21,7,1864,661.0,4957,57.57,2.0,2016,0.20876585928489041,0.11602209944751381,2.1499423298731255,0.40484429065743943,3.4150943396226414,NEUTRAL,0.0,0.0,0.0,9,LOW (<15%),STRONG ACCEL (>1.5),STRONG (3-5x),MODERATE (0.3-0.5)
2016-11-16,145,94,2.75,2.4,881,361,156,59.0,19,7,1858,670.0,4958,57.52,2.0,2016,0.17707150964812712,0.12179487179487179,2.108967082860386,0.4097616345062429,2.6440677966101696,NEUTRAL,0.0,0.0,0.0,8,LOW (<15%),STRONG ACCEL (>1.5),MODERATE (2-3x),MODERATE (0.3-0.5)
2016-11-17,152,98,2.51,2.93,932,380,169,62.0,16,9,1926,654.0,4958,57.67,2.0,2016,0.1813304721030043,0.09467455621301775,2.0665236051502145,0.40772532188841204,2.725806451612903,NEUTRAL,0.0,0.0,0.0,8,LOW (<15%),STRONG ACCEL (>1.5),MODERATE (2-3x),MODERATE (0.3-0.5)
2016-11-18,123,66,2.11,3.06,975,365,186,60.0,18,7,2014,640.0,4962,58.91,2.0,2016,0.19076923076923077,0.0967741935483871,2.0656410256410256,0.37435897435897436,3.1,NEUTRAL,0.0,0.0,0.0,9,LOW (<15%),STRONG ACCEL (>1.5),STRONG (3-5x),MODERATE (0.3-0.5)
2016-11-21,183,57,2.06,2.95,1030,355,196,55.0,22,7,2112,594.0,4961,64.41,2.0,2016,0.19029126213592232,0.11224489795918367,2.050485436893204,0.3446601941747573,3.5636363636363635,NEUTRAL,0.0,0.0,0.0,9,LOW (<15%),STRONG ACCEL (>1.5),STRONG (3-5x),MODERATE (0.3-0.5)
2016-11-22,163,111,1.8,2.97,1113,357,255,51.0,23,4,2167,570.0,4961,67.6,2.0,2016,0.22911051212938005,0.09019607843137255,1.9469901168014376,0.32075471698113206,5.0,NEUTRAL,0.0,0.0,0.0,9,LOW (<15%),STRONG ACCEL (>1.5),STRONG (3-5x),MODERATE (0.3-0.5)
2016-11-23,118,79,1.8,2.34,1171,336,306,43.0,30,5,2199,555.0,4960,66.9,2.0,2016,0.26131511528608026,0.09803921568627451,1.8778821520068318,0.28693424423569597,7.116279069767442,MID_BULL,0.0,0.0,0.0,9,LOW (<15%),STRONG ACCEL (>1.5),VERY STRONG (>5x),LOW (<0.3)
2016-11-25,39,14,1.91,2.27,1201,325,363,34.0,32,4,2241,540.0,4960,68.17,2.0,2016,0.302248126561199,0.0881542699724518,1.8659450457951707,0.2706078268109908,10.676470588235293,MID_BULL,0.0,0.0,0.0,9,LOW (<15%),STRONG ACCEL (>1.5),VERY STRONG (>5x),LOW (<0.3)
2016-11-28,90,295,1.07,1.52,1050,353,296,38.0,34,4,2092,577.0,4960,64.88,2.0,2016,0.2819047619047619,0.11486486486486487,1.9923809523809524,0.3361904761904762,7.7894736842105265,MID_BULL,0.0,0.0,0.0,9,LOW (<15%),STRONG ACCEL (>1.5),VERY STRONG (>5x),MODERATE (0.3-0.5)
2016-11-29,77,120,0.79,1.28,1031,380,281,34.0,29,4,2045,594.0,4960,63.46,2.0,2016,0.2725509214354995,0.10320284697508897,1.9835111542192048,0.3685741998060136,8.264705882352942,MID_BULL,0.0,0.0,0.0,9,LOW (<15%),STRONG ACCEL (>1.5),VERY STRONG (>5x),MODERATE (0.3-0.5)
2016-11-30,254,171,0.85,1.22,1016,378,341,34.0,34,6,2022,619.0,4961,65.13,2.0,2016,0.33562992125984253,0.09970674486803519,1.9901574803149606,0.3720472440944882,10.029411764705882,MID_BULL,0.0,0.0,0.0,9,LOW (<15%),STRONG ACCEL (>1.5),VERY STRONG (>5x),MODERATE (0.3-0.5)
2016-12-01,95,269,0.64,1.01,1055,422,430,28.0,39,5,1928,722.0,4960,60.23,2.0,2016,0.4075829383886256,0.09069767441860466,1.8274881516587678,0.4,15.357142857142858,EARLY_BULL,0.0,0.0,0.0,9,LOW (<15%),STRONG ACCEL (>1.5),VERY STRONG (>5x),MODERATE (0.3-0.5)
2016-12-01,95,269,0.35,0.35,1055,422,430,28.0,39,5,1928,722.0,4960,60.23,2.0,2017,0.4075829383886256,0.09069767441860466,1.8274881516587678,0.4,15.357142857142858,EARLY_BULL,0.0,0.0,0.0,9,LOW (<15%),STRONG ACCEL (>1.5),VERY STRONG (>5x),MODERATE (0.3-0.5)
2016-12-02,96,64,0.67,0.99,1044,417,434,18.0,43,3,1947,679.0,4961,62.09,2.0,2016,0.4157088122605364,0.09907834101382489,1.8649425287356323,0.3994252873563218,24.11111111111111,EARLY_BULL,0.0,0.0,0.0,9,LOW (<15%),STRONG ACCEL (>1.5),VERY STRONG (>5x),MODERATE (0.3-0.5)
2016-12-02,96,64,0.57,0.57,1044,417,434,18.0,43,3,1947,679.0,4961,62.09,2.0,2017,0.4157088122605364,0.09907834101382489,1.8649425287356323,0.3994252873563218,24.11111111111111,EARLY_BULL,0.0,0.0,0.0,9,LOW (<15%),STRONG ACCEL (>1.5),VERY STRONG (>5x),MODERATE (0.3-0.5)
2016-12-05,256,51,1.16,1.16,1194,386,529,11.0,42,3,2108,591.0,4961,66.65,2.0,2017,0.44304857621440535,0.07939508506616257,1.7654941373534339,0.3232830820770519,48.09090909090909,EARLY_BULL,0.0,0.0,0.0,9,LOW (<15%),STRONG ACCEL (>1.5),VERY STRONG (>5x),MODERATE (0.3-0.5)
2016-12-05,256,51,1.15,1.11,1194,386,529,11.0,42,3,2108,591.0,4961,66.65,2.0,2016,0.44304857621440535,0.07939508506616257,1.7654941373534339,0.3232830820770519,48.09090909090909,EARLY_BULL,0.0,0.0,0.0,9,LOW (<15%),STRONG ACCEL (>1.5),VERY STRONG (>5x),MODERATE (0.3-0.5)
2016-12-06,176,43,1.46,1.46,1316,350,454,14.0,34,3,2232,553.0,4960,68.63,2.0,2017,0.34498480243161095,0.07488986784140969,1.696048632218845,0.26595744680851063,32.42857142857143,MID_BULL,0.0,0.0,0.0,9,LOW (<15%),STRONG ACCEL (>1.5),VERY STRONG (>5x),LOW (<0.3)
2016-12-06,176,43,1.47,1.12,1316,350,454,14.0,34,3,2232,553.0,4960,68.63,2.0,2016,0.34498480243161095,0.07488986784140969,1.696048632218845,0.26595744680851063,32.42857142857143,MID_BULL,0.0,0.0,0.0,9,LOW (<15%),STRONG ACCEL (>1.5),VERY STRONG (>5x),LOW (<0.3)
2016-12-07,164,111,1.46,1.12,1396,354,513,16.0,39,4,2333,553.0,4962,72.24,2.0,2016,0.3674785100286533,0.07602339181286549,1.6712034383954155,0.25358166189111747,32.0625,EARLY_BULL,0.0,0.0,0.0,9,LOW (<15%),STRONG ACCEL (>1.5),VERY STRONG (>5x),LOW (<0.3)
2016-12-07,164,111,1.46,1.46,1396,354,513,16.0,39,4,2333,553.0,4962,72.24,2.0,2017,0.3674785100286533,0.07602339181286549,1.6712034383954155,0.25358166189111747,32.0625,EARLY_BULL,0.0,0.0,0.0,9,LOW (<15%),STRONG ACCEL (>1.5),VERY STRONG (>5x),LOW (<0.3)
2016-12-08,228,77,2.66,1.21,1536,345,329,17.0,29,3,2437,517.0,4961,75.33,2.0,2016,0.21419270833333334,0.08814589665653495,1.5865885416666667,0.224609375,19.352941176470587,NEUTRAL,0.0,0.0,0.0,9,LOW (<15%),STRONG ACCEL (>1.5),VERY STRONG (>5x),LOW (<0.3)
2016-12-08,228,77,2.66,1.65,1536,345,329,17.0,29,3,2437,517.0,4961,75.33,2.0,2017,0.21419270833333334,0.08814589665653495,1.5865885416666667,0.224609375,19.352941176470587,NEUTRAL,0.0,0.0,0.0,9,LOW (<15%),STRONG ACCEL (>1.5),VERY STRONG (>5x),LOW (<0.3)
2016-12-09,151,104,2.53,1.22,1582,340,222,19.0,23,5,2458,522.0,4965,75.5,2.0,2016,0.14032869785082175,0.1036036036036036,1.5537294563843236,0.21491782553729458,11.68421052631579,EXHAUSTION,0.0,0.0,0.0,7,LOW (<15%),STRONG ACCEL (>1.5),VERY STRONG (>5x),LOW (<0.3)
2016-12-09,151,104,2.53,1.62,1582,340,222,19.0,23,5,2458,522.0,4965,75.5,2.0,2017,0.14032869785082175,0.1036036036036036,1.5537294563843236,0.21491782553729458,11.68421052631579,EXHAUSTION,0.0,0.0,0.0,7,LOW (<15%),STRONG ACCEL (>1.5),VERY STRONG (>5x),LOW (<0.3)
2016-12-12,83,178,1.56,1.33,1431,367,131,35.0,14,6,2346,575.0,4964,74.47,2.0,2016,0.09154437456324249,0.10687022900763359,1.6394129979035639,0.2564640111809923,3.742857142857143,EXHAUSTION,0.0,0.0,0.0,4,LOW (<15%),STRONG ACCEL (>1.5),STRONG (3-5x),LOW (<0.3)
2016-12-12,83,178,1.56,1.39,1431,367,131,35.0,14,6,2346,575.0,4964,74.47,2.0,2017,0.09154437456324249,0.10687022900763359,1.6394129979035639,0.2564640111809923,3.742857142857143,EXHAUSTION,0.0,0.0,0.0,4,LOW (<15%),STRONG ACCEL (>1.5),STRONG (3-5x),LOW (<0.3)
2016-12-13,99,96,1.28,1.38,1445,367,98,34.0,10,7,2367,568.0,4964,74.46,2.0,2016,0.06782006920415225,0.10204081632653061,1.6380622837370242,0.25397923875432526,2.8823529411764706,EXHAUSTION,0.0,0.0,0.0,2,LOW (<15%),STRONG ACCEL (>1.5),MODERATE (2-3x),LOW (<0.3)
2016-12-13,99,96,1.28,1.36,1445,367,98,34.0,10,7,2367,568.0,4964,74.46,2.0,2017,0.06782006920415225,0.10204081632653061,1.6380622837370242,0.25397923875432526,2.8823529411764706,EXHAUSTION,0.0,0.0,0.0,2,LOW (<15%),STRONG ACCEL (>1.5),MODERATE (2-3x),LOW (<0.3)
2016-12-14,42,187,0.94,1.18,1316,406,60,41.0,6,8,2159,636.0,4964,66.93,2.0,2017,0.04559270516717325,0.1,1.6405775075987843,0.30851063829787234,1.4634146341463414,EXHAUSTION,0.0,0.0,0.0,0,LOW (<15%),STRONG ACCEL (>1.5),WEAK (1-2x),MODERATE (0.3-0.5)
2016-12-14,42,187,0.94,1.18,1316,406,60,41.0,6,8,2159,636.0,4964,66.93,2.0,2016,0.04559270516717325,0.1,1.6405775075987843,0.30851063829787234,1.4634146341463414,EXHAUSTION,0.0,0.0,0.0,0,LOW (<15%),STRONG ACCEL (>1.5),WEAK (1-2x),MODERATE (0.3-0.5)
2016-12-15,136,100,0.77,1.42,1381,401,76,38.0,6,12,2203,627.0,4966,68.05,2.0,2017,0.05503258508327299,0.07894736842105263,1.5952208544532946,0.29036929761042723,2.0,EXHAUSTION,0.0,0.0,0.0,1,LOW (<15%),STRONG ACCEL (>1.5),WEAK (1-2x),LOW (<0.3)
2016-12-15,136,100,0.77,1.42,1381,401,76,38.0,6,12,2203,627.0,4966,68.05,2.0,2016,0.05503258508327299,0.07894736842105263,1.5952208544532946,0.29036929761042723,2.0,EXHAUSTION,0.0,0.0,0.0,1,LOW (<15%),STRONG ACCEL (>1.5),WEAK (1-2x),LOW (<0.3)
2016-12-16,155,114,0.76,1.4,1365,404,73,34.0,5,8,2226,621.0,4971,70.42,2.0,2017,0.05347985347985348,0.0684931506849315,1.6307692307692307,0.295970695970696,2.1470588235294117,EXHAUSTION,0.0,0.0,0.0,1,LOW (<15%),STRONG ACCEL (>1.5),MODERATE (2-3x),LOW (<0.3)
2016-12-16,155,114,0.76,1.4,1365,404,73,34.0,5,8,2226,621.0,4971,70.42,2.0,2016,0.05347985347985348,0.0684931506849315,1.6307692307692307,0.295970695970696,2.1470588235294117,EXHAUSTION,0.0,0.0,0.0,1,LOW (<15%),STRONG ACCEL (>1.5),MODERATE (2-3x),LOW (<0.3)
2016-12-19,66,49,0.91,1.23,1396,410,73,34.0,6,8,2264,594.0,4968,72.42,2.0,2016,0.052292263610315186,0.0821917808219178,1.6217765042979944,0.29369627507163326,2.1470588235294117,EXHAUSTION,0.0,0.0,0.0,0,LOW (<15%),STRONG ACCEL (>1.5),MODERATE (2-3x),LOW (<0.3)
2016-12-19,66,49,0.91,1.23,1396,410,73,34.0,6,8,2264,594.0,4968,72.42,2.0,2017,0.052292263610315186,0.0821917808219178,1.6217765042979944,0.29369627507163326,2.1470588235294117,EXHAUSTION,0.0,0.0,0.0,0,LOW (<15%),STRONG ACCEL (>1.5),MODERATE (2-3x),LOW (<0.3)
2016-12-20,125,68,1.01,1.15,1463,401,74,37.0,7,7,2288,557.0,4966,73.65,2.0,2016,0.050580997949419004,0.0945945945945946,1.5639097744360901,0.27409432672590567,2.0,EXHAUSTION,0.0,0.0,0.0,0,LOW (<15%),STRONG ACCEL (>1.5),WEAK (1-2x),LOW (<0.3)
2016-12-20,125,68,1.01,1.15,1463,401,74,37.0,7,7,2288,557.0,4966,73.65,2.0,2017,0.050580997949419004,0.0945945945945946,1.5639097744360901,0.27409432672590567,2.0,EXHAUSTION,0.0,0.0,0.0,0,LOW (<15%),STRONG ACCEL (>1.5),WEAK (1-2x),LOW (<0.3)
2016-12-21,84,79,1.38,1.11,1401,411,52,37.0,9,8,2186,571.0,4967,73.07,2.0,2016,0.037116345467523196,0.17307692307692307,1.5603140613847253,0.29336188436830835,1.4054054054054055,EXHAUSTION,0.0,0.0,0.0,0,NORMAL (15-25%),STRONG ACCEL (>1.5),WEAK (1-2x),LOW (<0.3)
2016-12-21,84,79,1.38,1.11,1401,411,52,37.0,9,8,2186,571.0,4967,73.07,2.0,2017,0.037116345467523196,0.17307692307692307,1.5603140613847253,0.29336188436830835,1.4054054054054055,EXHAUSTION,0.0,0.0,0.0,0,NORMAL (15-25%),STRONG ACCEL (>1.5),WEAK (1-2x),LOW (<0.3)
2016-12-22,71,156,1.08,0.89,1331,428,56,43.0,7,9,2039,645.0,4968,70.57,2.0,2016,0.042073628850488355,0.125,1.531930879038317,0.32156273478587527,1.302325581395349,EXHAUSTION,0.0,0.0,0.0,0,LOW (<15%),STRONG ACCEL (>1.5),WEAK (1-2x),MODERATE (0.3-0.5)
2016-12-22,71,156,1.08,0.89,1331,428,56,43.0,7,9,2039,645.0,4968,70.57,2.0,2017,0.042073628850488355,0.125,1.531930879038317,0.32156273478587527,1.302325581395349,EXHAUSTION,0.0,0.0,0.0,0,LOW (<15%),STRONG ACCEL (>1.5),WEAK (1-2x),MODERATE (0.3-0.5)
2016-12-23,130,29,1.25,0.94,1390,404,57,39.0,9,7,1963,595.0,4963,70.87,2.0,2016,0.04100719424460432,0.15789473684210525,1.412230215827338,0.2906474820143885,1.4615384615384615,EXHAUSTION,0.0,0.0,0.0,0,NORMAL (15-25%),ACCELERATING (1.2-1.5),WEAK (1-2x),LOW (<0.3)
2016-12-23,130,29,1.25,0.94,1390,404,57,39.0,9,7,1963,595.0,4963,70.87,2.0,2017,0.04100719424460432,0.15789473684210525,1.412230215827338,0.2906474820143885,1.4615384615384615,EXHAUSTION,0.0,0.0,0.0,0,NORMAL (15-25%),ACCELERATING (1.2-1.5),WEAK (1-2x),LOW (<0.3)
2016-12-27,113,51,1.37,1.1,1411,395,74,36.0,13,8,1931,578.0,4960,72.11,2.0,2016,0.05244507441530829,0.17567567567567569,1.368532955350815,0.2799433026222537,2.0555555555555554,EXHAUSTION,0.0,0.0,0.0,0,NORMAL (15-25%),ACCELERATING (1.2-1.5),MODERATE (2-3x),LOW (<0.3)
2016-12-27,113,51,1.37,1.1,1411,395,74,36.0,13,8,1931,578.0,4960,72.11,2.0,2017,0.05244507441530829,0.17567567567567569,1.368532955350815,0.2799433026222537,2.0555555555555554,EXHAUSTION,0.0,0.0,0.0,0,NORMAL (15-25%),ACCELERATING (1.2-1.5),MODERATE (2-3x),LOW (<0.3)
2016-12-28,44,128,1.0,1.01,1299,426,74,36.0,13,7,1518,635.0,4960,64.94,2.0,2016,0.05696689761354888,0.17567567567567569,1.1685912240184757,0.3279445727482679,2.0555555555555554,EXHAUSTION,0.0,0.0,0.0,1,NORMAL (15-25%),SLIGHT ACCEL (1.0-1.2),MODERATE (2-3x),MODERATE (0.3-0.5)
2016-12-28,44,128,1.0,1.01,1299,426,74,36.0,13,7,1518,635.0,4960,64.94,2.0,2017,0.05696689761354888,0.17567567567567569,1.1685912240184757,0.3279445727482679,2.0555555555555554,EXHAUSTION,0.0,0.0,0.0,1,NORMAL (15-25%),SLIGHT ACCEL (1.0-1.2),MODERATE (2-3x),MODERATE (0.3-0.5)
2016-12-29,93,53,1.08,1.23,1297,418,58,30.0,8,6,1394,620.0,4961,67.43,2.0,2016,0.04471858134155744,0.13793103448275862,1.074787972243639,0.32228218966846567,1.9333333333333333,EXHAUSTION,0.0,0.0,0.0,0,LOW (<15%),SLIGHT ACCEL (1.0-1.2),WEAK (1-2x),MODERATE (0.3-0.5)
2016-12-29,93,53,1.08,1.23,1297,418,58,30.0,8,6,1394,620.0,4961,67.43,2.0,2017,0.04471858134155744,0.13793103448275862,1.074787972243639,0.32228218966846567,1.9333333333333333,EXHAUSTION,0.0,0.0,0.0,0,LOW (<15%),SLIGHT ACCEL (1.0-1.2),WEAK (1-2x),MODERATE (0.3-0.5)
2016-12-30,54,94,1.22,1.14,1254,425,56,21.0,7,4,1125,663.0,4964,64.45,2.0,2016,0.044657097288676235,0.125,0.8971291866028708,0.33891547049441784,2.6666666666666665,EXHAUSTION,0.0,0.0,0.0,0,LOW (<15%),FLAT (0.8-1.0),MODERATE (2-3x),MODERATE (0.3-0.5)
2016-12-30,54,94,1.22,1.14,1254,425,56,21.0,7,4,1125,663.0,4964,64.45,2.0,2017,0.044657097288676235,0.125,0.8971291866028708,0.33891547049441784,2.6666666666666665,EXHAUSTION,0.0,0.0,0.0,0,LOW (<15%),FLAT (0.8-1.0),MODERATE (2-3x),MODERATE (0.3-0.5)
2017-01-03,246,51,1.46,1.35,1335,387,61,22.0,8,5,1160,568.0,4964,70.7,2.0,2017,0.045692883895131084,0.13114754098360656,0.8689138576779026,0.2898876404494382,2.772727272727273,EXHAUSTION,0.0,0.0,0.0,0,LOW (<15%),FLAT (0.8-1.0),MODERATE (2-3x),LOW (<0.3)
2017-01-04,326,25,2.17,1.75,1466,327,56,24.0,9,7,1347,447.0,4961,77.92,2.0,2017,0.03819918144611187,0.16071428571428573,0.9188267394270123,0.22305593451568895,2.3333333333333335,EXHAUSTION,0.0,0.0,0.0,0,NORMAL (15-25%),FLAT (0.8-1.0),MODERATE (2-3x),LOW (<0.3)
2017-01-05,127,106,2.57,1.67,1382,323,41,28.0,7,6,1184,481.0,4963,73.92,2.0,2017,0.029667149059334298,0.17073170731707318,0.8567293777134588,0.2337192474674385,1.4642857142857142,EXHAUSTION,0.0,0.0,0.0,0,NORMAL (15-25%),FLAT (0.8-1.0),WEAK (1-2x),LOW (<0.3)
2017-01-06,89,76,2.39,1.68,1350,328,37,29.0,6,5,1131,492.0,4964,70.79,2.0,2017,0.027407407407407408,0.16216216216216217,0.8377777777777777,0.24296296296296296,1.2758620689655173,EXHAUSTION,0.0,0.0,0.0,0,NORMAL (15-25%),FLAT (0.8-1.0),WEAK (1-2x),LOW (<0.3)
2017-01-09,113,115,2.42,1.83,1282,319,31,39.0,6,6,1003,541.0,4963,63.96,2.0,2017,0.02418096723868955,0.1935483870967742,0.782371294851794,0.24882995319812792,0.7948717948717948,EXHAUSTION,0.0,0.0,0.0,0,NORMAL (15-25%),DECELERATING (<0.8),NEGATIVE (<1x),LOW (<0.3)
2017-01-10,172,53,2.21,1.83,1387,307,37,38.0,6,6,1082,488.0,4964,65.18,2.0,2017,0.026676279740447006,0.16216216216216217,0.7801009372746935,0.2213410237923576,0.9736842105263158,EXHAUSTION,0.0,0.0,0.0,0,NORMAL (15-25%),DECELERATING (<0.8),NEGATIVE (<1x),LOW (<0.3)
2017-01-11,146,123,1.37,1.71,1404,321,42,30.0,4,5,1072,497.0,4943,67.29,2.0,2017,0.029914529914529916,0.09523809523809523,0.7635327635327636,0.22863247863247863,1.4,EXHAUSTION,0.0,0.0,0.0,0,LOW (<15%),DECELERATING (<0.8),WEAK (1-2x),LOW (<0.3)
2017-01-12,79,74,1.36,1.88,1310,320,41,26.0,8,4,958,537.0,4943,62.14,2.0,2017,0.031297709923664124,0.1951219512195122,0.7312977099236642,0.24427480916030533,1.5769230769230769,EXHAUSTION,0.0,0.0,0.0,0,NORMAL (15-25%),DECELERATING (<0.8),WEAK (1-2x),LOW (<0.3)
2017-01-13,127,39,1.58,1.96,1374,294,63,23.0,9,5,1048,512.0,4944,65.06,2.0,2017,0.04585152838427948,0.14285714285714285,0.7627365356622998,0.21397379912663755,2.739130434782609,EXHAUSTION,0.0,0.0,0.0,0,LOW (<15%),DECELERATING (<0.8),MODERATE (2-3x),LOW (<0.3)
2017-01-17,90,191,1.28,1.78,1244,316,55,23.0,5,6,935,592.0,4945,59.13,2.0,2017,0.04421221864951769,0.09090909090909091,0.7516077170418006,0.2540192926045016,2.391304347826087,EXHAUSTION,0.0,0.0,0.0,0,LOW (<15%),DECELERATING (<0.8),MODERATE (2-3x),LOW (<0.3)
2017-01-18,92,60,1.1,1.58,1276,318,57,25.0,8,6,938,572.0,4943,61.45,2.0,2017,0.04467084639498432,0.14035087719298245,0.7351097178683386,0.24921630094043887,2.28,EXHAUSTION,0.0,0.0,0.0,0,LOW (<15%),DECELERATING (<0.8),MODERATE (2-3x),LOW (<0.3)
2017-01-19,74,109,0.98,1.17,1195,355,50,33.0,8,6,796,649.0,4893,55.18,2.0,2017,0.04184100418410042,0.16,0.6661087866108787,0.29707112970711297,1.5151515151515151,EXHAUSTION,0.0,0.0,0.0,0,NORMAL (15-25%),DECELERATING (<0.8),WEAK (1-2x),LOW (<0.3)
2017-01-20,100,44,1.09,1.22,1238,350,52,35.0,9,6,833,635.0,4833,59.36,2.0,2017,0.0420032310177706,0.17307692307692307,0.672859450726979,0.2827140549273021,1.4857142857142858,EXHAUSTION,0.0,0.0,0.0,0,NORMAL (15-25%),DECELERATING (<0.8),WEAK (1-2x),LOW (<0.3)
2017-01-23,90,102,0.88,1.19,1193,361,60,33.0,6,7,778,684.0,4832,56.17,2.0,2017,0.050293378038558254,0.1,0.6521374685666387,0.30259849119865884,1.8181818181818181,EXHAUSTION,0.0,0.0,0.0,0,LOW (<15%),DECELERATING (<0.8),WEAK (1-2x),MODERATE (0.3-0.5)
2017-01-24,247,49,1.66,1.44,1338,349,74,27.0,10,7,826,596.0,4832,65.58,2.0,2017,0.05530642750373692,0.13513513513513514,0.617339312406577,0.2608370702541106,2.740740740740741,EXHAUSTION,0.0,0.0,0.0,1,LOW (<15%),DECELERATING (<0.8),MODERATE (2-3x),LOW (<0.3)
2017-01-25,181,38,2.02,1.48,1432,330,77,28.0,9,8,885,541.0,4832,70.26,2.0,2017,0.05377094972067039,0.11688311688311688,0.6180167597765364,0.23044692737430167,2.75,EXHAUSTION,0.0,0.0,0.0,1,LOW (<15%),DECELERATING (<0.8),MODERATE (2-3x),LOW (<0.3)
2017-01-26,99,88,2.23,1.48,1393,344,59,29.0,8,5,852,593.0,4833,67.3,2.0,2017,0.04235463029432879,0.13559322033898305,0.6116295764536971,0.24694903086862885,2.0344827586206895,EXHAUSTION,0.0,0.0,0.0,0,LOW (<15%),DECELERATING (<0.8),MODERATE (2-3x),LOW (<0.3)
2017-01-27,81,76,1.98,1.48,1376,337,68,27.0,10,6,812,599.0,4839,63.37,2.0,2017,0.04941860465116279,0.14705882352941177,0.5901162790697675,0.2449127906976744,2.5185185185185186,EXHAUSTION,0.0,0.0,0.0,0,LOW (<15%),DECELERATING (<0.8),MODERATE (2-3x),LOW (<0.3)
2017-01-30,45,185,1.5,1.17,1216,367,55,31.0,11,6,693,715.0,4839,53.92,2.0,2017,0.04523026315789474,0.2,0.5699013157894737,0.30180921052631576,1.7741935483870968,EXHAUSTION,0.0,0.0,0.0,0,NORMAL (15-25%),DECELERATING (<0.8),WEAK (1-2x),MODERATE (0.3-0.5)
2017-01-31,175,58,1.31,1.46,1239,336,71,28.0,12,5,746,637.0,4839,56.0,2.0,2017,0.057304277643260695,0.16901408450704225,0.6020984665052461,0.2711864406779661,2.5357142857142856,EXHAUSTION,0.0,0.0,0.0,1,NORMAL (15-25%),DECELERATING (<0.8),MODERATE (2-3x),LOW (<0.3)
2017-02-01,98,72,1.04,1.45,1268,353,66,39.0,13,6,786,640.0,4841,52.31,2.0,2017,0.052050473186119876,0.19696969696969696,0.6198738170347003,0.278391167192429,1.6923076923076923,EXHAUSTION,0.0,0.0,0.0,0,NORMAL (15-25%),DECELERATING (<0.8),WEAK (1-2x),LOW (<0.3)
2017-02-02,120,95,1.07,1.53,1218,348,53,54.0,9,5,788,637.0,4842,53.31,2.0,2017,0.04351395730706076,0.16981132075471697,0.6469622331691297,0.2857142857142857,0.9814814814814815,EXHAUSTION,0.0,0.0,0.0,0,NORMAL (15-25%),DECELERATING (<0.8),NEGATIVE (<1x),LOW (<0.3)
2017-02-03,144,47,1.27,1.58,1346,340,54,49.0,10,6,865,559.0,4842,60.29,2.0,2017,0.04011887072808321,0.18518518518518517,0.6426448736998515,0.2526002971768202,1.1020408163265305,EXHAUSTION,0.0,0.0,0.0,0,NORMAL (15-25%),DECELERATING (<0.8),WEAK (1-2x),LOW (<0.3)
2017-02-06,113,71,1.9,1.67,1256,347,57,47.0,9,7,818,607.0,4844,55.59,2.0,2017,0.04538216560509554,0.15789473684210525,0.6512738853503185,0.2762738853503185,1.2127659574468086,EXHAUSTION,0.0,0.0,0.0,0,NORMAL (15-25%),DECELERATING (<0.8),WEAK (1-2x),LOW (<0.3)
2017-02-07,83,123,1.37,1.34,1199,362,56,50.0,9,6,785,655.0,4844,52.63,2.0,2017,0.04670558798999166,0.16071428571428573,0.6547122602168474,0.3019182652210175,1.12,EXHAUSTION,0.0,0.0,0.0,0,NORMAL (15-25%),DECELERATING (<0.8),WEAK (1-2x),MODERATE (0.3-0.5)
2017-02-08,104,84,1.34,1.18,1141,358,44,52.0,9,8,757,687.0,4844,53.06,2.0,2017,0.03856266432953549,0.20454545454545456,0.663453111305872,0.3137598597721297,0.8461538461538461,EXHAUSTION,0.0,0.0,0.0,0,NORMAL (15-25%),DECELERATING (<0.8),NEGATIVE (<1x),MODERATE (0.3-0.5)
2017-02-09,188,62,1.63,1.32,1111,338,50,42.0,7,6,856,583.0,4843,58.86,2.0,2017,0.045004500450045004,0.14,0.7704770477047704,0.30423042304230424,1.1904761904761905,EXHAUSTION,0.0,0.0,0.0,0,LOW (<15%),DECELERATING (<0.8),WEAK (1-2x),MODERATE (0.3-0.5)
2017-02-10,133,56,1.57,1.41,1113,324,54,36.0,8,6,919,503.0,4846,65.01,2.0,2017,0.04851752021563342,0.14814814814814814,0.825696316262354,0.29110512129380056,1.5,EXHAUSTION,0.0,0.0,0.0,0,LOW (<15%),FLAT (0.8-1.0),WEAK (1-2x),LOW (<0.3)
2017-02-13,104,55,1.61,1.75,967,322,53,36.0,8,6,951,525.0,4846,66.4,2.0,2017,0.05480868665977249,0.1509433962264151,0.983453981385729,0.3329886246122027,1.4722222222222223,EXHAUSTION,0.0,0.0,0.0,1,NORMAL (15-25%),FLAT (0.8-1.0),WEAK (1-2x),MODERATE (0.3-0.5)
2017-02-14,151,54,2.19,1.72,905,307,63,28.0,11,6,1020,501.0,4841,66.55,2.0,2017,0.06961325966850829,0.1746031746031746,1.12707182320442,0.3392265193370166,2.25,EXHAUSTION,0.0,0.0,0.0,2,NORMAL (15-25%),SLIGHT ACCEL (1.0-1.2),MODERATE (2-3x),MODERATE (0.3-0.5)
2017-02-15,143,53,2.57,1.83,864,288,68,26.0,11,5,1107,481.0,4841,67.29,2.0,2017,0.0787037037037037,0.16176470588235295,1.28125,0.3333333333333333,2.6153846153846154,EXHAUSTION,0.0,0.0,0.0,3,NORMAL (15-25%),ACCELERATING (1.2-1.5),MODERATE (2-3x),MODERATE (0.3-0.5)
2017-02-16,99,109,1.93,1.77,796,307,74,20.0,8,3,1054,523.0,4841,65.68,2.0,2017,0.09296482412060302,0.10810810810810811,1.3241206030150754,0.38567839195979897,3.7,EXHAUSTION,0.0,0.0,0.0,4,LOW (<15%),ACCELERATING (1.2-1.5),STRONG (3-5x),MODERATE (0.3-0.5)
2017-02-17,117,68,1.81,1.68,802,299,74,21.0,12,3,1066,520.0,4825,64.47,2.0,2017,0.09226932668329177,0.16216216216216217,1.3291770573566084,0.37281795511221943,3.5238095238095237,EXHAUSTION,0.0,0.0,0.0,4,NORMAL (15-25%),ACCELERATING (1.2-1.5),STRONG (3-5x),MODERATE (0.3-0.5)
2017-02-21,140,88,1.75,1.68,817,311,90,22.0,14,3,1092,519.0,4824,69.28,2.0,2017,0.11015911872705018,0.15555555555555556,1.3365973072215422,0.3806609547123623,4.090909090909091,EXHAUSTION,0.0,0.0,0.0,5,NORMAL (15-25%),ACCELERATING (1.2-1.5),STRONG (3-5x),MODERATE (0.3-0.5)
2017-02-22,64,137,1.24,1.62,754,332,76,33.0,13,4,990,600.0,4823,65.56,2.0,2017,0.10079575596816977,0.17105263157894737,1.312997347480106,0.4403183023872679,2.303030303030303,EXHAUSTION,0.0,0.0,0.0,5,NORMAL (15-25%),ACCELERATING (1.2-1.5),MODERATE (2-3x),MODERATE (0.3-0.5)
2017-02-23,96,179,0.89,1.43,702,355,60,39.0,10,4,902,624.0,4822,62.89,2.0,2017,0.08547008547008547,0.16666666666666666,1.2849002849002849,0.5056980056980057,1.5384615384615385,EXHAUSTION,0.0,0.0,0.0,3,NORMAL (15-25%),ACCELERATING (1.2-1.5),WEAK (1-2x),ELEVATED (0.5-0.7)
2017-02-24,96,84,0.92,1.29,668,358,60,32.0,13,4,890,651.0,4821,61.15,2.0,2017,0.08982035928143713,0.21666666666666667,1.3323353293413174,0.5359281437125748,1.875,EXHAUSTION,0.0,0.0,0.0,4,NORMAL (15-25%),ACCELERATING (1.2-1.5),WEAK (1-2x),ELEVATED (0.5-0.7)
2017-02-27,220,73,1.1,1.37,720,319,71,28.0,16,2,958,581.0,4819,63.46,2.0,2017,0.09861111111111111,0.22535211267605634,1.3305555555555555,0.44305555555555554,2.5357142857142856,EXHAUSTION,0.0,0.0,0.0,4,NORMAL (15-25%),ACCELERATING (1.2-1.5),MODERATE (2-3x),MODERATE (0.3-0.5)
2017-02-28,69,211,0.8,1.13,651,365,90,30.0,16,2,789,710.0,4819,57.17,2.0,2017,0.1382488479262673,0.17777777777777778,1.2119815668202765,0.5606758832565284,3.0,EXHAUSTION,0.0,0.0,0.0,7,NORMAL (15-25%),ACCELERATING (1.2-1.5),MODERATE (2-3x),ELEVATED (0.5-0.7)
2017-03-01,275,50,1.27,1.25,736,316,95,30.0,15,3,980,601.0,4819,64.39,2.0,2017,0.12907608695652173,0.15789473684210525,1.3315217391304348,0.42934782608695654,3.1666666666666665,EXHAUSTION,0.0,0.0,0.0,7,NORMAL (15-25%),ACCELERATING (1.2-1.5),STRONG (3-5x),MODERATE (0.3-0.5)
2017-03-02,78,145,1.31,1.1,676,353,83,32.0,18,3,870,680.0,4820,58.5,2.0,2017,0.1227810650887574,0.21686746987951808,1.28698224852071,0.522189349112426,2.59375,EXHAUSTION,0.0,0.0,0.0,6,NORMAL (15-25%),ACCELERATING (1.2-1.5),MODERATE (2-3x),ELEVATED (0.5-0.7)
2017-03-03,68,75,1.28,1.1,688,370,83,29.0,21,3,854,701.0,4818,57.73,2.0,2017,0.12063953488372094,0.25301204819277107,1.2412790697674418,0.5377906976744186,2.8620689655172415,EXHAUSTION,0.0,0.0,0.0,6,ELEVATED (25-35%),ACCELERATING (1.2-1.5),MODERATE (2-3x),ELEVATED (0.5-0.7)
2017-03-06,65,132,0.91,1.0,614,407,62,37.0,13,3,779,754.0,4819,52.74,2.0,2017,0.10097719869706841,0.20967741935483872,1.268729641693811,0.6628664495114006,1.6756756756756757,EXHAUSTION,0.0,0.0,0.0,5,NORMAL (15-25%),ACCELERATING (1.2-1.5),WEAK (1-2x),ELEVATED (0.5-0.7)
2017-03-07,69,130,1.04,0.9,602,440,65,41.0,12,3,729,830.0,4819,48.92,2.0,2017,0.1079734219269103,0.18461538461538463,1.2109634551495017,0.7308970099667774,1.5853658536585367,EXHAUSTION,0.0,0.0,0.0,5,NORMAL (15-25%),ACCELERATING (1.2-1.5),WEAK (1-2x),HIGH (0.7-1.0)
2017-03-08,94,167,0.58,0.91,586,467,69,43.0,13,3,705,883.0,4818,43.03,2.0,2017,0.11774744027303755,0.18840579710144928,1.2030716723549488,0.7969283276450512,1.6046511627906976,EXHAUSTION,0.0,0.0,0.0,6,NORMAL (15-25%),ACCELERATING (1.2-1.5),WEAK (1-2x),HIGH (0.7-1.0)
2017-03-09,109,110,0.66,0.97,538,487,71,49.0,13,4,703,943.0,4818,39.94,2.0,2017,0.13197026022304834,0.18309859154929578,1.3066914498141264,0.9052044609665427,1.4489795918367347,EXHAUSTION,0.0,0.0,0.0,7,NORMAL (15-25%),ACCELERATING (1.2-1.5),WEAK (1-2x),HIGH (0.7-1.0)
2017-03-10,115,72,0.74,1.0,550,489,59,53.0,13,4,732,915.0,4821,42.05,2.0,2017,0.10727272727272727,0.22033898305084745,1.3309090909090908,0.889090909090909,1.1132075471698113,EXHAUSTION,0.0,0.0,0.0,5,NORMAL (15-25%),ACCELERATING (1.2-1.5),WEAK (1-2x),HIGH (0.7-1.0)
2017-03-13,140,43,1.01,0.95,563,469,63,53.0,14,5,738,871.0,4821,42.3,2.0,2017,0.11190053285968028,0.2222222222222222,1.310834813499112,0.8330373001776199,1.1886792452830188,EXHAUSTION,0.0,0.0,0.0,5,NORMAL (15-25%),ACCELERATING (1.2-1.5),WEAK (1-2x),HIGH (0.7-1.0)
2017-03-14,53,129,0.98,1.01,512,512,60,70.0,11,4,669,945.0,4819,39.98,2.0,2017,0.1171875,0.18333333333333332,1.306640625,1.0,0.8571428571428571,EXHAUSTION,0.0,0.0,0.0,6,NORMAL (15-25%),ACCELERATING (1.2-1.5),NEGATIVE (<1x),HIGH (0.7-1.0)
2017-03-15,242,40,1.67,0.99,568,436,62,50.0,12,3,799,779.0,4818,47.89,2.0,2017,0.10915492957746478,0.1935483870967742,1.4066901408450705,0.7676056338028169,1.24,EXHAUSTION,0.0,0.0,0.0,5,NORMAL (15-25%),ACCELERATING (1.2-1.5),WEAK (1-2x),HIGH (0.7-1.0)
2017-03-16,130,59,1.98,1.13,595,415,55,53.0,9,2,840,769.0,4819,49.52,2.0,2017,0.09243697478991597,0.16363636363636364,1.411764705882353,0.6974789915966386,1.0377358490566038,EXHAUSTION,0.0,0.0,0.0,4,NORMAL (15-25%),ACCELERATING (1.2-1.5),WEAK (1-2x),ELEVATED (0.5-0.7)
2017-03-17,146,109,1.87,1.17,591,420,60,42.0,11,1,858,736.0,4821,50.33,2.0,2017,0.10152284263959391,0.18333333333333332,1.4517766497461928,0.7106598984771574,1.4285714285714286,EXHAUSTION,0.0,0.0,0.0,5,NORMAL (15-25%),ACCELERATING (1.2-1.5),WEAK (1-2x),HIGH (0.7-1.0)
2017-03-20,69,53,1.64,1.28,585,443,58,47.0,11,1,813,766.0,4821,46.46,2.0,2017,0.09914529914529914,0.1896551724137931,1.3897435897435897,0.7572649572649572,1.2340425531914894,EXHAUSTION,0.0,0.0,0.0,4,NORMAL (15-25%),ACCELERATING (1.2-1.5),WEAK (1-2x),HIGH (0.7-1.0)
2017-03-21,33,492,0.82,0.89,488,504,41,66.0,9,2,641,980.0,4821,35.7,2.0,2017,0.08401639344262295,0.21951219512195122,1.3135245901639345,1.0327868852459017,0.6212121212121212,EXHAUSTION,0.0,0.0,0.0,3,NORMAL (15-25%),ACCELERATING (1.2-1.5),NEGATIVE (<1x),EXTREME (>1.0)
2017-03-22,50,88,0.53,0.91,485,514,43,64.0,10,1,595,1012.0,4821,35.27,2.0,2017,0.088659793814433,0.23255813953488372,1.2268041237113403,1.0597938144329897,0.671875,EXHAUSTION,0.0,0.0,0.0,4,NORMAL (15-25%),ACCELERATING (1.2-1.5),NEGATIVE (<1x),EXTREME (>1.0)
2017-03-23,90,59,0.48,0.93,482,485,49,53.0,11,1,604,936.0,4829,37.73,2.0,2017,0.1016597510373444,0.22448979591836735,1.2531120331950207,1.0062240663900415,0.9245283018867925,EXHAUSTION,0.0,0.0,0.0,5,NORMAL (15-25%),ACCELERATING (1.2-1.5),NEGATIVE (<1x),EXTREME (>1.0)
2017-03-24,85,50,0.44,0.93,495,490,52,51.0,12,2,613,921.0,4827,37.41,2.0,2017,0.10505050505050505,0.23076923076923078,1.2383838383838384,0.98989898989899,1.0196078431372548,EXHAUSTION,0.0,0.0,0.0,5,NORMAL (15-25%),ACCELERATING (1.2-1.5),WEAK (1-2x),HIGH (0.7-1.0)
2017-03-27,136,34,0.54,0.93,534,482,44,53.0,10,2,667,891.0,4829,36.77,2.0,2017,0.08239700374531835,0.22727272727272727,1.249063670411985,0.9026217228464419,0.8301886792452831,EXHAUSTION,0.0,0.0,0.0,3,NORMAL (15-25%),ACCELERATING (1.2-1.5),NEGATIVE (<1x),HIGH (0.7-1.0)
2017-03-28,143,60,1.73,1.08,560,456,50,41.0,11,2,694,814.0,4832,41.47,2.0,2017,0.08928571428571429,0.22,1.2392857142857143,0.8142857142857143,1.2195121951219512,EXHAUSTION,0.0,0.0,0.0,4,NORMAL (15-25%),ACCELERATING (1.2-1.5),WEAK (1-2x),HIGH (0.7-1.0)
2017-03-29,183,32,2.71,1.03,582,411,43,41.0,12,2,728,759.0,4832,44.42,2.0,2017,0.07388316151202749,0.27906976744186046,1.2508591065292096,0.7061855670103093,1.048780487804878,EXHAUSTION,0.0,0.0,0.0,2,ELEVATED (25-35%),ACCELERATING (1.2-1.5),WEAK (1-2x),HIGH (0.7-1.0)
2017-03-30,111,47,2.95,1.02,581,419,43,30.0,9,2,721,719.0,4830,47.02,2.0,2017,0.07401032702237521,0.20930232558139536,1.2409638554216869,0.7211703958691911,1.4333333333333333,EXHAUSTION,0.0,0.0,0.0,2,NORMAL (15-25%),ACCELERATING (1.2-1.5),WEAK (1-2x),HIGH (0.7-1.0)
2017-03-31,106,48,3.07,1.04,591,404,47,30.0,11,3,784,689.0,4829,49.82,2.0,2017,0.07952622673434856,0.23404255319148937,1.3265651438240271,0.6835871404399323,1.5666666666666667,EXHAUSTION,0.0,0.0,0.0,3,NORMAL (15-25%),ACCELERATING (1.2-1.5),WEAK (1-2x),ELEVATED (0.5-0.7)
2017-04-03,63,136,1.88,0.96,542,427,47,23.0,7,3,680,764.0,4829,43.45,2.0,2017,0.08671586715867159,0.14893617021276595,1.2546125461254614,0.7878228782287823,2.0434782608695654,EXHAUSTION,0.0,0.0,0.0,3,LOW (<15%),ACCELERATING (1.2-1.5),MODERATE (2-3x),HIGH (0.7-1.0)
2017-04-04,60,107,1.41,1.55,531,430,44,23.0,7,3,652,787.0,4830,43.73,2.0,2017,0.08286252354048965,0.1590909090909091,1.2278719397363465,0.8097928436911488,1.9130434782608696,EXHAUSTION,0.0,0.0,0.0,3,NORMAL (15-25%),ACCELERATING (1.2-1.5),WEAK (1-2x),HIGH (0.7-1.0)
2017-04-05,43,185,0.73,1.35,477,468,42,28.0,7,5,560,874.0,4826,39.7,2.0,2017,0.0880503144654088,0.16666666666666666,1.1740041928721174,0.9811320754716981,1.5,EXHAUSTION,0.0,0.0,0.0,3,NORMAL (15-25%),SLIGHT ACCEL (1.0-1.2),WEAK (1-2x),HIGH (0.7-1.0)
2017-04-06,105,50,0.72,1.38,499,436,48,26.0,7,5,631,790.0,4829,48.1,2.0,2017,0.09619238476953908,0.14583333333333334,1.2645290581162325,0.87374749498998,1.8461538461538463,EXHAUSTION,0.0,0.0,0.0,4,LOW (<15%),ACCELERATING (1.2-1.5),WEAK (1-2x),HIGH (0.7-1.0)
2017-04-07,87,62,0.66,1.36,511,425,47,27.0,8,5,642,788.0,4829,46.88,2.0,2017,0.09197651663405088,0.1702127659574468,1.2563600782778865,0.8317025440313112,1.7407407407407407,EXHAUSTION,0.0,0.0,0.0,4,NORMAL (15-25%),ACCELERATING (1.2-1.5),WEAK (1-2x),HIGH (0.7-1.0)
2017-04-10,117,63,0.88,1.29,515,412,39,33.0,9,7,672,726.0,4830,49.95,2.0,2017,0.07572815533980583,0.23076923076923078,1.3048543689320389,0.8,1.1818181818181819,EXHAUSTION,0.0,0.0,0.0,2,NORMAL (15-25%),ACCELERATING (1.2-1.5),WEAK (1-2x),HIGH (0.7-1.0)
2017-04-11,100,55,1.09,1.24,517,391,49,27.0,11,7,702,661.0,4830,54.78,2.0,2017,0.09477756286266925,0.22448979591836735,1.3578336557059962,0.7562862669245648,1.8148148148148149,EXHAUSTION,0.0,0.0,0.0,4,NORMAL (15-25%),ACCELERATING (1.2-1.5),WEAK (1-2x),HIGH (0.7-1.0)
2017-04-12,55,115,1.34,0.98,488,425,32,32.0,7,9,611,745.0,4830,46.1,2.0,2017,0.06557377049180328,0.21875,1.2520491803278688,0.8709016393442623,1.0,EXHAUSTION,0.0,0.0,0.0,1,NORMAL (15-25%),ACCELERATING (1.2-1.5),NEGATIVE (<1x),HIGH (0.7-1.0)
2017-04-13,68,101,1.08,0.87,459,445,32,35.0,4,10,555,847.0,4835,38.19,2.0,2017,0.06971677559912855,0.125,1.2091503267973855,0.9694989106753813,0.9142857142857143,EXHAUSTION,0.0,0.0,0.0,2,LOW (<15%),ACCELERATING (1.2-1.5),NEGATIVE (<1x),HIGH (0.7-1.0)
2017-04-17,71,52,1.06,0.83,490,427,37,34.0,9,9,585,739.0,4829,46.58,2.0,2017,0.07551020408163266,0.24324324324324326,1.1938775510204083,0.8714285714285714,1.088235294117647,EXHAUSTION,0.0,0.0,0.0,2,NORMAL (15-25%),SLIGHT ACCEL (1.0-1.2),WEAK (1-2x),HIGH (0.7-1.0)
2017-04-18,54,93,0.84,0.86,476,426,36,35.0,9,8,560,747.0,4829,47.0,2.0,2017,0.07563025210084033,0.25,1.1764705882352942,0.8949579831932774,1.0285714285714285,EXHAUSTION,0.0,0.0,0.0,2,NORMAL (15-25%),SLIGHT ACCEL (1.0-1.2),WEAK (1-2x),HIGH (0.7-1.0)
2017-04-19,74,107,0.69,0.88,480,431,45,16.0,10,6,571,679.0,4826,47.2,2.0,2017,0.09375,0.2222222222222222,1.1895833333333334,0.8979166666666667,2.8125,EXHAUSTION,0.0,0.0,0.0,4,NORMAL (15-25%),SLIGHT ACCEL (1.0-1.2),MODERATE (2-3x),HIGH (0.7-1.0)
2017-04-20,123,55,0.96,1.13,487,398,45,16.0,10,6,656,595.0,4826,55.85,2.0,2017,0.09240246406570841,0.2222222222222222,1.3470225872689938,0.8172484599589322,2.8125,EXHAUSTION,0.0,0.0,0.0,4,NORMAL (15-25%),ACCELERATING (1.2-1.5),MODERATE (2-3x),HIGH (0.7-1.0)
2017-04-21,69,83,1.0,1.04,472,417,42,15.0,7,6,626,588.0,4827,53.3,2.0,2017,0.08898305084745763,0.16666666666666666,1.326271186440678,0.8834745762711864,2.8,EXHAUSTION,0.0,0.0,0.0,4,NORMAL (15-25%),ACCELERATING (1.2-1.5),MODERATE (2-3x),HIGH (0.7-1.0)
2017-04-24,131,55,1.15,1.11,501,403,46,22.0,7,5,735,524.0,4826,61.0,2.0,2017,0.09181636726546906,0.15217391304347827,1.467065868263473,0.8043912175648703,2.090909090909091,EXHAUSTION,0.0,0.0,0.0,4,NORMAL (15-25%),ACCELERATING (1.2-1.5),MODERATE (2-3x),HIGH (0.7-1.0)
2017-04-25,155,75,1.47,1.14,550,382,50,23.0,6,4,835,485.0,4824,67.2,2.0,2017,0.09090909090909091,0.12,1.518181818181818,0.6945454545454546,2.1739130434782608,EXHAUSTION,0.0,0.0,0.0,4,LOW (<15%),STRONG ACCEL (>1.5),MODERATE (2-3x),ELEVATED (0.5-0.7)
2017-04-26,150,61,1.91,1.19,577,383,53,27.0,6,7,944,472.0,4825,68.08,2.0,2017,0.09185441941074524,0.11320754716981132,1.6360485268630849,0.6637781629116117,1.962962962962963,EXHAUSTION,0.0,0.0,0.0,4,LOW (<15%),STRONG ACCEL (>1.5),WEAK (1-2x),ELEVATED (0.5-0.7)
2017-04-27,129,120,1.61,1.28,575,397,46,28.0,6,8,911,504.0,4827,65.27,2.0,2017,0.08,0.13043478260869565,1.5843478260869566,0.6904347826086956,1.6428571428571428,EXHAUSTION,0.0,0.0,0.0,3,LOW (<15%),STRONG ACCEL (>1.5),WEAK (1-2x),ELEVATED (0.5-0.7)
2017-04-28,80,139,1.43,1.23,550,409,45,34.0,4,6,803,550.0,4841,58.0,2.0,2017,0.08181818181818182,0.08888888888888889,1.46,0.7436363636363637,1.3235294117647058,EXHAUSTION,0.0,0.0,0.0,3,LOW (<15%),ACCELERATING (1.2-1.5),WEAK (1-2x),HIGH (0.7-1.0)
2017-05-01,96,63,1.33,1.25,579,416,42,34.0,4,4,862,554.0,4835,59.36,2.0,2017,0.07253886010362694,0.09523809523809523,1.4887737478411054,0.7184801381692574,1.2352941176470589,EXHAUSTION,0.0,0.0,0.0,2,LOW (<15%),ACCELERATING (1.2-1.5),WEAK (1-2x),HIGH (0.7-1.0)
2017-05-02,83,145,1.02,1.21,567,420,56,37.0,6,6,814,581.0,4836,58.31,2.0,2017,0.09876543209876543,0.10714285714285714,1.435626102292769,0.7407407407407407,1.5135135135135136,EXHAUSTION,0.0,0.0,0.0,4,LOW (<15%),ACCELERATING (1.2-1.5),WEAK (1-2x),HIGH (0.7-1.0)
2017-05-03,102,191,0.74,1.13,522,436,51,43.0,4,5,747,632.0,4836,52.95,2.0,2017,0.09770114942528736,0.0784313725490196,1.4310344827586208,0.8352490421455939,1.186046511627907,EXHAUSTION,0.0,0.0,0.0,4,LOW (<15%),ACCELERATING (1.2-1.5),WEAK (1-2x),HIGH (0.7-1.0)
2017-05-04,129,285,0.6,0.92,512,466,63,52.0,5,7,765,718.0,4841,50.38,2.0,2017,0.123046875,0.07936507936507936,1.494140625,0.91015625,1.2115384615384615,EXHAUSTION,0.0,0.0,0.0,6,LOW (<15%),ACCELERATING (1.2-1.5),WEAK (1-2x),HIGH (0.7-1.0)
2017-05-05,172,85,0.76,1.01,539,447,64,53.0,7,8,826,645.0,4823,54.39,2.0,2017,0.11873840445269017,0.109375,1.5324675324675325,0.8293135435992579,1.2075471698113207,EXHAUSTION,0.0,0.0,0.0,6,LOW (<15%),STRONG ACCEL (>1.5),WEAK (1-2x),HIGH (0.7-1.0)
2017-05-08,108,90,0.75,0.96,528,447,64,58.0,7,9,829,648.0,4820,53.03,2.0,2017,0.12121212121212122,0.109375,1.5700757575757576,0.8465909090909091,1.103448275862069,EXHAUSTION,0.0,0.0,0.0,6,LOW (<15%),STRONG ACCEL (>1.5),WEAK (1-2x),HIGH (0.7-1.0)
2017-05-09,157,125,0.86,0.92,559,451,72,63.0,11,7,855,669.0,4822,49.55,2.0,2017,0.12880143112701253,0.1527777777777778,1.5295169946332736,0.8067978533094812,1.1428571428571428,EXHAUSTION,0.0,0.0,0.0,6,NORMAL (15-25%),STRONG ACCEL (>1.5),WEAK (1-2x),HIGH (0.7-1.0)
2017-05-10,190,105,1.1,0.92,595,447,80,59.0,9,5,917,642.0,4823,53.96,2.0,2017,0.13445378151260504,0.1125,1.5411764705882354,0.7512605042016807,1.3559322033898304,EXHAUSTION,0.0,0.0,0.0,7,LOW (<15%),STRONG ACCEL (>1.5),WEAK (1-2x),HIGH (0.7-1.0)
2017-05-11,106,128,1.38,0.9,583,469,95,55.0,7,6,858,690.0,4824,49.1,2.0,2017,0.16295025728987994,0.07368421052631578,1.471698113207547,0.8044596912521441,1.7272727272727273,NEUTRAL,0.0,0.0,0.0,8,LOW (<15%),ACCELERATING (1.2-1.5),WEAK (1-2x),HIGH (0.7-1.0)
2017-05-12,91,109,1.17,0.93,554,481,108,54.0,8,5,835,730.0,4826,46.05,2.0,2017,0.19494584837545126,0.07407407407407407,1.5072202166064983,0.868231046931408,2.0,NEUTRAL,0.0,0.0,0.0,9,LOW (<15%),STRONG ACCEL (>1.5),WEAK (1-2x),HIGH (0.7-1.0)
2017-05-15,147,68,1.29,0.97,582,462,105,55.0,8,6,878,698.0,4827,50.4,2.0,2017,0.18041237113402062,0.0761904761904762,1.5085910652920962,0.7938144329896907,1.9090909090909092,NEUTRAL,0.0,0.0,0.0,8,LOW (<15%),STRONG ACCEL (>1.5),WEAK (1-2x),HIGH (0.7-1.0)
2017-05-16,78,107,1.18,0.99,578,472,112,59.0,10,6,873,734.0,4799,48.24,2.0,2017,0.19377162629757785,0.08928571428571429,1.5103806228373702,0.8166089965397924,1.8983050847457628,NEUTRAL,0.0,0.0,0.0,9,LOW (<15%),STRONG ACCEL (>1.5),WEAK (1-2x),HIGH (0.7-1.0)
2017-05-17,34,505,0.5,0.75,478,528,72,64.0,7,6,680,907.0,4800,36.53,2.0,2017,0.1506276150627615,0.09722222222222222,1.4225941422594142,1.104602510460251,1.125,NEUTRAL,0.0,0.0,0.0,8,LOW (<15%),ACCELERATING (1.2-1.5),WEAK (1-2x),EXTREME (>1.0)
2017-05-18,86,86,0.5,0.83,479,516,61,68.0,8,4,687,874.0,4804,36.8,2.0,2017,0.12734864300626306,0.13114754098360656,1.4342379958246347,1.0772442588726514,0.8970588235294118,EXHAUSTION,0.0,0.0,0.0,6,LOW (<15%),ACCELERATING (1.2-1.5),NEGATIVE (<1x),EXTREME (>1.0)
2017-05-19,150,47,0.61,0.84,499,482,75,61.0,8,5,768,808.0,4800,42.76,2.0,2017,0.15030060120240482,0.10666666666666667,1.5390781563126252,0.9659318637274549,1.2295081967213115,NEUTRAL,0.0,0.0,0.0,8,LOW (<15%),STRONG ACCEL (>1.5),WEAK (1-2x),HIGH (0.7-1.0)
2017-05-22,109,56,0.57,0.86,531,479,78,61.0,7,6,806,772.0,4800,46.98,2.0,2017,0.14689265536723164,0.08974358974358974,1.5178907721280603,0.9020715630885122,1.278688524590164,EXHAUSTION,0.0,0.0,0.0,7,LOW (<15%),STRONG ACCEL (>1.5),WEAK (1-2x),HIGH (0.7-1.0)
2017-05-23,82,84,0.59,0.83,530,471,72,67.0,6,6,812,769.0,4801,48.44,2.0,2017,0.13584905660377358,0.08333333333333333,1.5320754716981133,0.8886792452830189,1.0746268656716418,EXHAUSTION,0.0,0.0,0.0,7,LOW (<15%),STRONG ACCEL (>1.5),WEAK (1-2x),HIGH (0.7-1.0)
2017-05-24,74,65,1.48,0.76,546,468,65,74.0,7,6,800,772.0,4802,48.44,2.0,2017,0.11904761904761904,0.1076923076923077,1.465201465201465,0.8571428571428571,0.8783783783783784,EXHAUSTION,0.0,0.0,0.0,6,LOW (<15%),ACCELERATING (1.2-1.5),NEGATIVE (<1x),HIGH (0.7-1.0)
2017-05-25,81,132,1.29,0.74,538,478,70,71.0,6,6,802,814.0,4803,47.97,2.0,2017,0.13011152416356878,0.08571428571428572,1.4907063197026023,0.8884758364312267,0.9859154929577465,EXHAUSTION,0.0,0.0,0.0,7,LOW (<15%),ACCELERATING (1.2-1.5),NEGATIVE (<1x),HIGH (0.7-1.0)
2017-05-26,73,49,1.09,0.76,547,472,80,64.0,7,5,803,814.0,4803,47.46,2.0,2017,0.14625228519195613,0.0875,1.4680073126142597,0.8628884826325411,1.25,EXHAUSTION,0.0,0.0,0.0,7,LOW (<15%),ACCELERATING (1.2-1.5),WEAK (1-2x),HIGH (0.7-1.0)
2017-05-30,71,179,0.75,0.64,524,505,65,85.0,6,4,738,909.0,4803,43.42,2.0,2017,0.12404580152671756,0.09230769230769231,1.4083969465648856,0.9637404580152672,0.7647058823529411,EXHAUSTION,0.0,0.0,0.0,6,LOW (<15%),ACCELERATING (1.2-1.5),NEGATIVE (<1x),HIGH (0.7-1.0)
2017-05-31,73,96,0.71,0.64,519,500,71,76.0,5,5,740,915.0,4803,43.75,2.0,2017,0.13680154142581888,0.07042253521126761,1.4258188824662814,0.9633911368015414,0.9342105263157895,EXHAUSTION,0.0,0.0,0.0,7,LOW (<15%),ACCELERATING (1.2-1.5),NEGATIVE (<1x),HIGH (0.7-1.0)
2017-06-01,221,29,1.07,1.24,590,435,88,49.0,9,4,894,763.0,4799,53.49,2.0,2017,0.14915254237288136,0.10227272727272728,1.5152542372881357,0.7372881355932204,1.7959183673469388,EXHAUSTION,0.0,0.0,0.0,7,LOW (<15%),STRONG ACCEL (>1.5),WEAK (1-2x),HIGH (0.7-1.0)
2017-06-02,118,52,1.37,1.33,615,422,93,44.0,10,3,927,743.0,4789,55.28,2.0,2017,0.15121951219512195,0.10752688172043011,1.5073170731707317,0.6861788617886179,2.1136363636363638,NEUTRAL,0.0,0.0,0.0,8,LOW (<15%),STRONG ACCEL (>1.5),MODERATE (2-3x),ELEVATED (0.5-0.7)
2017-06-05,69,94,1.23,1.16,596,432,73,43.0,4,3,860,789.0,4797,51.59,2.0,2017,0.12248322147651007,0.0547945205479452,1.4429530201342282,0.7248322147651006,1.697674418604651,EXHAUSTION,0.0,0.0,0.0,6,LOW (<15%),ACCELERATING (1.2-1.5),WEAK (1-2x),HIGH (0.7-1.0)
2017-06-06,142,89,1.73,1.16,591,419,68,45.0,7,3,820,799.0,4797,49.12,2.0,2017,0.11505922165820642,0.10294117647058823,1.3874788494077834,0.7089678510998308,1.511111111111111,EXHAUSTION,0.0,0.0,0.0,6,LOW (<15%),ACCELERATING (1.2-1.5),WEAK (1-2x),HIGH (0.7-1.0)
2017-06-07,76,161,1.47,1.05,586,450,52,53.0,6,3,783,825.0,4798,46.96,2.0,2017,0.08873720136518772,0.11538461538461539,1.3361774744027304,0.7679180887372014,0.9811320754716981,EXHAUSTION,0.0,0.0,0.0,4,LOW (<15%),ACCELERATING (1.2-1.5),NEGATIVE (<1x),HIGH (0.7-1.0)
2017-06-08,169,54,1.28,1.17,601,422,44,51.0,8,4,868,761.0,4799,52.11,2.0,2017,0.07321131447587355,0.18181818181818182,1.4442595673876872,0.7021630615640599,0.8627450980392157,EXHAUSTION,0.0,0.0,0.0,2,NORMAL (15-25%),ACCELERATING (1.2-1.5),NEGATIVE (<1x),HIGH (0.7-1.0)
2017-06-09,182,174,1.12,1.22,579,398,43,33.0,9,5,820,720.0,4798,58.64,2.0,2017,0.07426597582037997,0.20930232558139536,1.4162348877374784,0.687392055267703,1.303030303030303,EXHAUSTION,0.0,0.0,0.0,2,NORMAL (15-25%),ACCELERATING (1.2-1.5),WEAK (1-2x),ELEVATED (0.5-0.7)
2017-06-12,93,97,1.15,1.18,560,401,37,35.0,9,4,778,705.0,4799,61.51,2.0,2017,0.06607142857142857,0.24324324324324326,1.3892857142857142,0.7160714285714286,1.0571428571428572,EXHAUSTION,0.0,0.0,0.0,2,NORMAL (15-25%),ACCELERATING (1.2-1.5),WEAK (1-2x),HIGH (0.7-1.0)
2017-06-13,119,39,1.22,1.43,586,372,33,28.0,7,3,852,650.0,4798,64.23,2.0,2017,0.05631399317406143,0.21212121212121213,1.453924914675768,0.6348122866894198,1.1785714285714286,EXHAUSTION,0.0,0.0,0.0,1,NORMAL (15-25%),ACCELERATING (1.2-1.5),WEAK (1-2x),ELEVATED (0.5-0.7)
2017-06-14,60,181,1.14,1.29,535,391,28,31.0,6,2,774,686.0,4801,60.5,2.0,2017,0.052336448598130844,0.21428571428571427,1.4467289719626168,0.7308411214953271,0.9032258064516129,EXHAUSTION,0.0,0.0,0.0,0,NORMAL (15-25%),ACCELERATING (1.2-1.5),NEGATIVE (<1x),HIGH (0.7-1.0)
2017-06-15,38,118,0.81,1.01,501,425,43,34.0,8,1,733,733.0,4800,57.48,2.0,2017,0.08582834331337326,0.18604651162790697,1.4630738522954092,0.8483033932135728,1.2647058823529411,EXHAUSTION,0.0,0.0,0.0,3,NORMAL (15-25%),ACCELERATING (1.2-1.5),WEAK (1-2x),HIGH (0.7-1.0)
2017-06-16,122,126,0.77,0.94,517,417,33,35.0,7,2,735,741.0,4800,56.73,2.0,2017,0.06382978723404255,0.21212121212121213,1.4216634429400388,0.8065764023210832,0.9428571428571428,EXHAUSTION,0.0,0.0,0.0,1,NORMAL (15-25%),ACCELERATING (1.2-1.5),NEGATIVE (<1x),HIGH (0.7-1.0)
2017-06-19,113,37,0.9,1.04,549,395,45,38.0,10,2,811,655.0,4801,59.7,2.0,2017,0.08196721311475409,0.2222222222222222,1.477231329690346,0.7194899817850637,1.1842105263157894,EXHAUSTION,0.0,0.0,0.0,3,NORMAL (15-25%),ACCELERATING (1.2-1.5),WEAK (1-2x),HIGH (0.7-1.0)
2017-06-20,77,119,0.71,0.95,508,419,29,44.0,11,3,719,689.0,4801,52.77,2.0,2017,0.05708661417322835,0.3793103448275862,1.4153543307086613,0.8248031496062992,0.6590909090909091,EXHAUSTION,0.0,0.0,0.0,1,HIGH (35-50%),ACCELERATING (1.2-1.5),NEGATIVE (<1x),HIGH (0.7-1.0)
2017-06-21,146,159,0.89,1.01,537,426,36,57.0,11,3,713,700.0,4802,47.13,2.0,2017,0.0670391061452514,0.3055555555555556,1.3277467411545625,0.7932960893854749,0.631578947368421,EXHAUSTION,0.0,0.0,0.0,2,ELEVATED (25-35%),ACCELERATING (1.2-1.5),NEGATIVE (<1x),HIGH (0.7-1.0)
2017-06-22,149,46,1.25,1.0,570,406,44,42.0,12,2,745,651.0,4803,49.9,2.0,2017,0.07719298245614035,0.2727272727272727,1.3070175438596492,0.712280701754386,1.0476190476190477,EXHAUSTION,0.0,0.0,0.0,2,ELEVATED (25-35%),ACCELERATING (1.2-1.5),WEAK (1-2x),HIGH (0.7-1.0)
2017-06-23,228,83,1.61,1.14,619,393,57,28.0,11,3,844,577.0,4803,54.15,2.0,2017,0.09208400646203554,0.19298245614035087,1.3634894991922455,0.6348949919224556,2.0357142857142856,EXHAUSTION,0.0,0.0,0.0,4,NORMAL (15-25%),ACCELERATING (1.2-1.5),MODERATE (2-3x),ELEVATED (0.5-0.7)
2017-06-26,77,25,1.57,1.21,632,366,67,25.0,14,2,869,537.0,4803,57.9,2.0,2017,0.1060126582278481,0.208955223880597,1.375,0.5791139240506329,2.68,EXHAUSTION,0.0,0.0,0.0,5,NORMAL (15-25%),ACCELERATING (1.2-1.5),MODERATE (2-3x),ELEVATED (0.5-0.7)
2017-06-27,77,115,1.58,1.08,567,391,65,22.0,11,2,779,590.0,4803,53.7,2.0,2017,0.1146384479717813,0.16923076923076924,1.3738977072310405,0.689594356261023,2.9545454545454546,EXHAUSTION,0.0,0.0,0.0,6,NORMAL (15-25%),ACCELERATING (1.2-1.5),MODERATE (2-3x),ELEVATED (0.5-0.7)
2017-06-28,161,37,2.26,1.37,628,361,80,14.0,12,1,907,482.0,4809,60.4,2.0,2017,0.12738853503184713,0.15,1.444267515923567,0.5748407643312102,5.714285714285714,EXHAUSTION,0.0,0.0,0.0,6,LOW (<15%),ACCELERATING (1.2-1.5),VERY STRONG (>5x),ELEVATED (0.5-0.7)
2017-06-29,100,84,1.87,1.5,592,367,60,21.0,8,2,877,509.0,4810,56.22,2.0,2017,0.10135135135135136,0.13333333333333333,1.4814189189189189,0.6199324324324325,2.857142857142857,EXHAUSTION,0.0,0.0,0.0,5,LOW (<15%),ACCELERATING (1.2-1.5),MODERATE (2-3x),ELEVATED (0.5-0.7)
2017-06-30,65,54,1.52,1.57,584,372,51,17.0,9,2,860,520.0,4814,57.15,2.0,2017,0.08732876712328767,0.17647058823529413,1.4726027397260273,0.636986301369863,3.0,EXHAUSTION,0.0,0.0,0.0,3,NORMAL (15-25%),ACCELERATING (1.2-1.5),MODERATE (2-3x),ELEVATED (0.5-0.7)
2017-07-03,50,23,1.45,1.52,604,350,74,14.0,6,1,952,470.0,4813,65.03,2.0,2017,0.12251655629139073,0.08108108108108109,1.576158940397351,0.5794701986754967,5.285714285714286,EXHAUSTION,0.0,0.0,0.0,6,LOW (<15%),STRONG ACCEL (>1.5),VERY STRONG (>5x),ELEVATED (0.5-0.7)
2017-07-05,77,183,1.19,1.4,582,372,75,16.0,7,2,876,481.0,4809,58.94,2.0,2017,0.12886597938144329,0.09333333333333334,1.5051546391752577,0.6391752577319587,4.6875,EXHAUSTION,0.0,0.0,0.0,6,LOW (<15%),STRONG ACCEL (>1.5),STRONG (3-5x),ELEVATED (0.5-0.7)
2017-07-06,53,135,0.72,1.32,529,400,63,16.0,6,1,714,562.0,4811,48.07,2.0,2017,0.11909262759924386,0.09523809523809523,1.3497164461247637,0.7561436672967864,3.9375,EXHAUSTION,0.0,0.0,0.0,6,LOW (<15%),ACCELERATING (1.2-1.5),STRONG (3-5x),HIGH (0.7-1.0)
2017-07-07,105,63,0.76,1.24,574,390,58,18.0,6,1,758,529.0,4808,54.59,2.0,2017,0.10104529616724739,0.10344827586206896,1.3205574912891986,0.6794425087108014,3.2222222222222223,EXHAUSTION,0.0,0.0,0.0,5,LOW (<15%),ACCELERATING (1.2-1.5),STRONG (3-5x),ELEVATED (0.5-0.7)
2017-07-10,95,93,0.76,1.06,551,388,55,16.0,7,1,729,537.0,4808,52.66,2.0,2017,0.0998185117967332,0.12727272727272726,1.323049001814882,0.7041742286751361,3.4375,EXHAUSTION,0.0,0.0,0.0,5,LOW (<15%),ACCELERATING (1.2-1.5),STRONG (3-5x),HIGH (0.7-1.0)
2017-07-11,89,71,0.77,1.02,566,391,57,16.0,10,1,733,513.0,4808,53.21,2.0,2017,0.10070671378091872,0.17543859649122806,1.295053003533569,0.6908127208480566,3.5625,EXHAUSTION,0.0,0.0,0.0,5,NORMAL (15-25%),ACCELERATING (1.2-1.5),STRONG (3-5x),ELEVATED (0.5-0.7)
2017-07-12,121,49,1.13,1.16,609,366,56,15.0,9,1,811,480.0,4806,59.19,2.0,2017,0.09195402298850575,0.16071428571428573,1.3316912972085386,0.6009852216748769,3.7333333333333334,EXHAUSTION,0.0,0.0,0.0,4,NORMAL (15-25%),ACCELERATING (1.2-1.5),STRONG (3-5x),ELEVATED (0.5-0.7)
2017-07-13,116,43,1.65,1.09,627,359,62,12.0,6,1,858,438.0,4805,59.32,2.0,2017,0.09888357256778309,0.0967741935483871,1.368421052631579,0.5725677830940988,5.166666666666667,EXHAUSTION,0.0,0.0,0.0,4,LOW (<15%),ACCELERATING (1.2-1.5),VERY STRONG (>5x),ELEVATED (0.5-0.7)
2017-07-14,93,32,1.78,1.16,647,343,74,14.0,9,1,878,427.0,4805,63.23,2.0,2017,0.1143740340030912,0.12162162162162163,1.357032457496136,0.5301391035548686,5.285714285714286,EXHAUSTION,0.0,0.0,0.0,6,LOW (<15%),ACCELERATING (1.2-1.5),VERY STRONG (>5x),ELEVATED (0.5-0.7)
2017-07-17,101,52,2.11,1.21,659,320,70,16.0,9,1,896,403.0,4807,65.44,2.0,2017,0.1062215477996965,0.12857142857142856,1.3596358118361154,0.48558421851289835,4.375,EXHAUSTION,0.0,0.0,0.0,5,LOW (<15%),ACCELERATING (1.2-1.5),STRONG (3-5x),MODERATE (0.3-0.5)
2017-07-18,62,70,2.0,1.15,624,341,56,16.0,9,1,858,435.0,4810,61.9,2.0,2017,0.08974358974358974,0.16071428571428573,1.375,0.5464743589743589,3.5,EXHAUSTION,0.0,0.0,0.0,4,NORMAL (15-25%),ACCELERATING (1.2-1.5),STRONG (3-5x),ELEVATED (0.5-0.7)
2017-07-19,171,49,2.21,1.53,671,311,66,15.0,11,1,901,402.0,4810,68.15,2.0,2017,0.09836065573770492,0.16666666666666666,1.3427719821162445,0.46348733233979134,4.4,EXHAUSTION,0.0,0.0,0.0,4,NORMAL (15-25%),ACCELERATING (1.2-1.5),STRONG (3-5x),MODERATE (0.3-0.5)
2017-07-20,86,75,1.85,1.74,648,313,70,18.0,9,0,906,394.0,4817,66.27,2.0,2017,0.10802469135802469,0.12857142857142856,1.3981481481481481,0.48302469135802467,3.888888888888889,EXHAUSTION,0.0,0.0,0.0,5,LOW (<15%),ACCELERATING (1.2-1.5),STRONG (3-5x),MODERATE (0.3-0.5)
2017-07-21,62,101,1.39,1.57,607,331,50,17.0,8,1,830,435.0,4819,63.99,2.0,2017,0.08237232289950576,0.16,1.3673805601317957,0.5453047775947282,2.9411764705882355,EXHAUSTION,0.0,0.0,0.0,3,NORMAL (15-25%),ACCELERATING (1.2-1.5),MODERATE (2-3x),ELEVATED (0.5-0.7)
2017-07-24,93,86,1.24,1.58,632,333,41,18.0,8,1,835,448.0,4820,61.89,2.0,2017,0.06487341772151899,0.1951219512195122,1.3212025316455696,0.5268987341772152,2.2777777777777777,EXHAUSTION,0.0,0.0,0.0,1,NORMAL (15-25%),ACCELERATING (1.2-1.5),MODERATE (2-3x),ELEVATED (0.5-0.7)
2017-07-25,169,70,1.52,1.71,646,305,41,23.0,6,2,907,418.0,4820,66.8,2.0,2017,0.06346749226006192,0.14634146341463414,1.4040247678018576,0.47213622291021673,1.7826086956521738,EXHAUSTION,0.0,0.0,0.0,1,LOW (<15%),ACCELERATING (1.2-1.5),WEAK (1-2x),MODERATE (0.3-0.5)
2017-07-26,100,103,1.17,1.55,625,314,52,21.0,7,2,874,429.0,4821,63.59,2.0,2017,0.0832,0.1346153846153846,1.3984,0.5024,2.4761904761904763,EXHAUSTION,0.0,0.0,0.0,3,LOW (<15%),ACCELERATING (1.2-1.5),MODERATE (2-3x),ELEVATED (0.5-0.7)
2017-07-27,99,209,0.92,1.22,579,333,39,30.0,5,4,782,494.0,4822,60.16,2.0,2017,0.06735751295336788,0.1282051282051282,1.3506044905008636,0.5751295336787565,1.3,EXHAUSTION,0.0,0.0,0.0,2,LOW (<15%),ACCELERATING (1.2-1.5),WEAK (1-2x),ELEVATED (0.5-0.7)
2017-07-28,74,110,0.93,1.1,562,326,38,34.0,5,4,808,529.0,4823,58.66,2.0,2017,0.06761565836298933,0.13157894736842105,1.4377224199288257,0.5800711743772242,1.1176470588235294,EXHAUSTION,0.0,0.0,0.0,2,LOW (<15%),ACCELERATING (1.2-1.5),WEAK (1-2x),ELEVATED (0.5-0.7)
2017-07-31,66,116,0.84,0.99,543,330,38,30.0,4,4,751,559.0,4823,58.18,2.0,2017,0.06998158379373849,0.10526315789473684,1.3830570902394106,0.6077348066298343,1.2666666666666666,EXHAUSTION,0.0,0.0,0.0,2,LOW (<15%),ACCELERATING (1.2-1.5),WEAK (1-2x),ELEVATED (0.5-0.7)
2017-08-01,83,117,0.64,0.97,549,345,34,35.0,4,4,762,582.0,4822,59.59,2.0,2017,0.061930783242258654,0.11764705882352941,1.3879781420765027,0.6284153005464481,0.9714285714285714,EXHAUSTION,0.0,0.0,0.0,1,LOW (<15%),ACCELERATING (1.2-1.5),NEGATIVE (<1x),ELEVATED (0.5-0.7)
2017-08-02,71,195,0.53,0.76,496,379,35,48.0,3,7,692,667.0,4823,54.15,2.0,2017,0.07056451612903226,0.08571428571428572,1.3951612903225807,0.7641129032258065,0.7291666666666666,EXHAUSTION,0.0,0.0,0.0,2,LOW (<15%),ACCELERATING (1.2-1.5),NEGATIVE (<1x),HIGH (0.7-1.0)
2017-08-03,134,210,0.57,0.72,471,402,40,45.0,4,7,655,747.0,4820,49.47,2.0,2017,0.08492569002123142,0.1,1.3906581740976645,0.8535031847133758,0.8888888888888888,EXHAUSTION,0.0,0.0,0.0,3,LOW (<15%),ACCELERATING (1.2-1.5),NEGATIVE (<1x),HIGH (0.7-1.0)
2017-08-04,141,124,0.65,0.77,504,387,47,55.0,4,9,689,732.0,4820,51.78,2.0,2017,0.09325396825396826,0.0851063829787234,1.367063492063492,0.7678571428571429,0.8545454545454545,EXHAUSTION,0.0,0.0,0.0,4,LOW (<15%),ACCELERATING (1.2-1.5),NEGATIVE (<1x),HIGH (0.7-1.0)
2017-08-07,100,92,0.72,0.77,492,389,52,49.0,5,9,691,735.0,4819,51.61,2.0,2017,0.10569105691056911,0.09615384615384616,1.4044715447154472,0.790650406504065,1.0612244897959184,EXHAUSTION,0.0,0.0,0.0,5,LOW (<15%),ACCELERATING (1.2-1.5),WEAK (1-2x),HIGH (0.7-1.0)
2017-08-08,95,149,0.7,0.68,479,413,47,55.0,3,10,660,777.0,4819,48.97,2.0,2017,0.09812108559498957,0.06382978723404255,1.3778705636743216,0.8622129436325678,0.8545454545454545,EXHAUSTION,0.0,0.0,0.0,4,LOW (<15%),ACCELERATING (1.2-1.5),NEGATIVE (<1x),HIGH (0.7-1.0)
2017-08-09,102,196,0.74,0.64,432,456,44,78.0,4,10,609,847.0,4822,45.52,2.0,2017,0.10185185185185185,0.09090909090909091,1.4097222222222223,1.0555555555555556,0.5641025641025641,EXHAUSTION,0.0,0.0,0.0,5,LOW (<15%),ACCELERATING (1.2-1.5),NEGATIVE (<1x),EXTREME (>1.0)
2017-08-10,58,309,0.57,0.57,375,525,37,111.0,3,10,467,1034.0,4875,35.03,2.0,2017,0.09866666666666667,0.08108108108108109,1.2453333333333334,1.4,0.3333333333333333,EXHAUSTION,0.0,0.0,0.0,4,LOW (<15%),ACCELERATING (1.2-1.5),NEGATIVE (<1x),EXTREME (>1.0)
2017-08-11,95,70,0.55,0.6,384,507,35,118.0,3,9,474,996.0,4876,34.5,2.0,2017,0.09114583333333333,0.08571428571428572,1.234375,1.3203125,0.2966101694915254,EXHAUSTION,0.0,0.0,0.0,4,LOW (<15%),ACCELERATING (1.2-1.5),NEGATIVE (<1x),EXTREME (>1.0)
2017-08-14,183,55,0.68,0.7,418,460,45,100.0,4,8,556,884.0,4876,42.48,2.0,2017,0.1076555023923445,0.08888888888888889,1.3301435406698565,1.1004784688995215,0.45,EXHAUSTION,0.0,0.0,0.0,5,LOW (<15%),ACCELERATING (1.2-1.5),NEGATIVE (<1x),EXTREME (>1.0)
2017-08-15,53,161,0.62,0.66,397,488,42,109.0,5,10,493,996.0,4875,39.55,2.0,2017,0.10579345088161209,0.11904761904761904,1.2418136020151134,1.2292191435768263,0.3853211009174312,EXHAUSTION,0.0,0.0,0.0,5,LOW (<15%),ACCELERATING (1.2-1.5),NEGATIVE (<1x),EXTREME (>1.0)
2017-08-16,93,65,0.73,0.74,405,487,36,123.0,3,8,511,981.0,4875,40.96,2.0,2017,0.08888888888888889,0.08333333333333333,1.2617283950617284,1.202469135802469,0.2926829268292683,EXHAUSTION,0.0,0.0,0.0,4,LOW (<15%),ACCELERATING (1.2-1.5),NEGATIVE (<1x),EXTREME (>1.0)
2017-08-17,55,151,0.95,0.71,370,527,26,140.0,4,8,435,1107.0,4874,31.84,2.0,2017,0.07027027027027027,0.15384615384615385,1.1756756756756757,1.4243243243243244,0.18571428571428572,EXHAUSTION,0.0,0.0,0.0,2,NORMAL (15-25%),SLIGHT ACCEL (1.0-1.2),NEGATIVE (<1x),EXTREME (>1.0)
2017-08-18,78,68,0.92,0.69,370,526,34,134.0,4,9,437,1106.0,4875,31.0,2.0,2017,0.0918918918918919,0.11764705882352941,1.181081081081081,1.4216216216216215,0.2537313432835821,EXHAUSTION,0.0,0.0,0.0,4,LOW (<15%),SLIGHT ACCEL (1.0-1.2),NEGATIVE (<1x),EXTREME (>1.0)
2017-08-21,63,84,0.65,0.67,364,547,38,136.0,3,10,441,1122.0,4869,31.44,2.0,2017,0.1043956043956044,0.07894736842105263,1.2115384615384615,1.5027472527472527,0.27941176470588236,EXHAUSTION,0.0,0.0,0.0,5,LOW (<15%),ACCELERATING (1.2-1.5),NEGATIVE (<1x),EXTREME (>1.0)
2017-08-22,116,54,0.96,0.74,375,510,36,130.0,4,8,505,1017.0,4870,35.78,2.0,2017,0.096,0.1111111111111111,1.3466666666666667,1.36,0.27692307692307694,EXHAUSTION,0.0,0.0,0.0,4,LOW (<15%),ACCELERATING (1.2-1.5),NEGATIVE (<1x),EXTREME (>1.0)
2017-08-23,103,48,1.02,0.84,386,501,37,125.0,4,9,502,1022.0,4869,36.22,2.0,2017,0.09585492227979274,0.10810810810810811,1.3005181347150259,1.2979274611398963,0.296,EXHAUSTION,0.0,0.0,0.0,4,LOW (<15%),ACCELERATING (1.2-1.5),NEGATIVE (<1x),EXTREME (>1.0)
2017-08-24,136,41,1.68,1.22,405,481,48,113.0,4,11,547,973.0,4869,36.22,2.0,2017,0.11851851851851852,0.08333333333333333,1.3506172839506172,1.1876543209876542,0.4247787610619469,EXHAUSTION,0.0,0.0,0.0,6,LOW (<15%),ACCELERATING (1.2-1.5),NEGATIVE (<1x),EXTREME (>1.0)
2017-08-25,116,40,2.0,1.3,428,463,47,97.0,5,8,552,937.0,4868,38.62,2.0,2017,0.10981308411214953,0.10638297872340426,1.2897196261682242,1.0817757009345794,0.4845360824742268,EXHAUSTION,0.0,0.0,0.0,5,LOW (<15%),ACCELERATING (1.2-1.5),NEGATIVE (<1x),EXTREME (>1.0)
2017-08-28,168,60,2.63,1.27,447,450,55,80.0,7,10,601,921.0,4868,38.13,2.0,2017,0.12304250559284116,0.12727272727272726,1.3445190156599554,1.0067114093959733,0.6875,EXHAUSTION,0.0,0.0,0.0,6,LOW (<15%),ACCELERATING (1.2-1.5),NEGATIVE (<1x),EXTREME (>1.0)
2017-08-29,86,50,2.55,1.53,462,430,54,78.0,9,10,628,907.0,4869,37.06,2.0,2017,0.11688311688311688,0.16666666666666666,1.3593073593073592,0.9307359307359307,0.6923076923076923,EXHAUSTION,0.0,0.0,0.0,6,NORMAL (15-25%),ACCELERATING (1.2-1.5),NEGATIVE (<1x),HIGH (0.7-1.0)
2017-08-30,145,54,2.66,1.64,470,430,66,62.0,15,10,650,870.0,4869,39.87,2.0,2017,0.14042553191489363,0.22727272727272727,1.3829787234042554,0.9148936170212766,1.064516129032258,EXHAUSTION,0.0,0.0,0.0,7,NORMAL (15-25%),ACCELERATING (1.2-1.5),WEAK (1-2x),HIGH (0.7-1.0)
2017-08-31,160,45,2.71,2.15,493,397,75,55.0,21,7,760,782.0,4868,46.38,2.0,2017,0.15212981744421908,0.28,1.54158215010142,0.8052738336713996,1.3636363636363635,NEUTRAL,0.0,0.0,0.0,8,ELEVATED (25-35%),STRONG ACCEL (>1.5),WEAK (1-2x),HIGH (0.7-1.0)
2017-09-01,119,20,2.96,2.44,522,381,68,47.0,20,6,829,724.0,4869,49.48,2.0,2017,0.13026819923371646,0.29411764705882354,1.5881226053639848,0.7298850574712644,1.446808510638298,EXHAUSTION,0.0,0.0,0.0,7,ELEVATED (25-35%),STRONG ACCEL (>1.5),WEAK (1-2x),HIGH (0.7-1.0)
2017-09-05,100,141,1.97,2.26,526,378,66,44.0,18,5,771,796.0,4867,44.06,2.0,2017,0.12547528517110265,0.2727272727272727,1.4657794676806084,0.7186311787072244,1.5,EXHAUSTION,0.0,0.0,0.0,6,ELEVATED (25-35%),ACCELERATING (1.2-1.5),WEAK (1-2x),HIGH (0.7-1.0)
2017-09-06,131,62,2.03,2.25,525,367,68,36.0,16,4,822,737.0,4869,45.49,2.0,2017,0.1295238095238095,0.23529411764705882,1.5657142857142856,0.699047619047619,1.8888888888888888,EXHAUSTION,0.0,0.0,0.0,7,NORMAL (15-25%),STRONG ACCEL (>1.5),WEAK (1-2x),ELEVATED (0.5-0.7)
2017-09-07,169,88,1.91,2.21,556,372,79,24.0,17,5,855,774.0,4874,44.85,2.0,2017,0.1420863309352518,0.21518987341772153,1.5377697841726619,0.6690647482014388,3.2916666666666665,EXHAUSTION,0.0,0.0,0.0,7,NORMAL (15-25%),STRONG ACCEL (>1.5),STRONG (3-5x),ELEVATED (0.5-0.7)
2017-09-08,77,111,1.41,1.89,526,382,97,15.0,20,2,814,772.0,4875,44.9,2.0,2017,0.1844106463878327,0.20618556701030927,1.5475285171102662,0.7262357414448669,6.466666666666667,NEUTRAL,0.0,0.0,0.0,8,NORMAL (15-25%),STRONG ACCEL (>1.5),VERY STRONG (>5x),HIGH (0.7-1.0)
2017-09-11,148,60,1.35,1.89,553,339,95,15.0,21,1,860,667.0,4874,53.01,2.0,2017,0.1717902350813743,0.22105263157894736,1.5551537070524413,0.6130198915009042,6.333333333333333,NEUTRAL,0.0,0.0,0.0,8,NORMAL (15-25%),STRONG ACCEL (>1.5),VERY STRONG (>5x),ELEVATED (0.5-0.7)
2017-09-12,143,58,1.76,1.85,578,314,85,14.0,20,1,938,592.0,4874,55.85,2.0,2017,0.14705882352941177,0.23529411764705882,1.6228373702422145,0.5432525951557093,6.071428571428571,EXHAUSTION,0.0,0.0,0.0,7,NORMAL (15-25%),STRONG ACCEL (>1.5),VERY STRONG (>5x),ELEVATED (0.5-0.7)
2017-09-13,180,60,1.9,1.96,605,297,85,9.0,22,2,998,528.0,4874,56.27,2.0,2017,0.14049586776859505,0.25882352941176473,1.649586776859504,0.4909090909090909,9.444444444444445,EXHAUSTION,0.0,0.0,0.0,7,ELEVATED (25-35%),STRONG ACCEL (>1.5),VERY STRONG (>5x),MODERATE (0.3-0.5)
2017-09-14,98,62,1.84,1.87,616,301,99,10.0,20,1,996,517.0,4873,58.0,2.0,2017,0.16071428571428573,0.20202020202020202,1.6168831168831168,0.48863636363636365,9.9,NEUTRAL,0.0,0.0,0.0,8,NORMAL (15-25%),STRONG ACCEL (>1.5),VERY STRONG (>5x),MODERATE (0.3-0.5)
2017-09-15,152,110,2.06,1.71,627,283,121,11.0,26,2,1049,495.0,4871,60.35,2.0,2017,0.19298245614035087,0.21487603305785125,1.6730462519936204,0.4513556618819777,11.0,NEUTRAL,0.0,0.0,0.0,9,NORMAL (15-25%),STRONG ACCEL (>1.5),VERY STRONG (>5x),MODERATE (0.3-0.5)
2017-09-18,101,55,1.95,1.61,678,288,129,9.0,24,1,1105,468.0,4867,62.06,2.0,2017,0.1902654867256637,0.18604651162790697,1.6297935103244838,0.4247787610619469,14.333333333333334,NEUTRAL,0.0,0.0,0.0,9,NORMAL (15-25%),STRONG ACCEL (>1.5),VERY STRONG (>5x),MODERATE (0.3-0.5)
2017-09-19,70,69,1.69,1.73,656,299,152,10.0,25,1,1094,446.0,4867,61.46,2.0,2017,0.23170731707317074,0.16447368421052633,1.6676829268292683,0.4557926829268293,15.2,NEUTRAL,0.0,0.0,0.0,9,NORMAL (15-25%),STRONG ACCEL (>1.5),VERY STRONG (>5x),MODERATE (0.3-0.5)
2017-09-20,132,53,1.58,1.75,703,302,127,12.0,24,2,1136,416.0,4872,63.29,2.0,2017,0.1806543385490754,0.1889763779527559,1.6159317211948792,0.4295874822190612,10.583333333333334,NEUTRAL,0.0,0.0,0.0,8,NORMAL (15-25%),STRONG ACCEL (>1.5),VERY STRONG (>5x),MODERATE (0.3-0.5)
2017-09-21,71,52,1.55,1.7,675,298,111,12.0,20,1,1102,406.0,4873,62.2,2.0,2017,0.16444444444444445,0.18018018018018017,1.6325925925925926,0.4414814814814815,9.25,NEUTRAL,0.0,0.0,0.0,8,NORMAL (15-25%),STRONG ACCEL (>1.5),VERY STRONG (>5x),MODERATE (0.3-0.5)
2017-09-22,111,44,1.78,1.94,712,281,114,13.0,24,2,1187,380.0,4874,63.59,2.0,2017,0.1601123595505618,0.21052631578947367,1.6671348314606742,0.3946629213483146,8.76923076923077,NEUTRAL,0.0,0.0,0.0,8,NORMAL (15-25%),STRONG ACCEL (>1.5),VERY STRONG (>5x),MODERATE (0.3-0.5)
2017-09-25,139,97,1.66,1.81,717,293,121,12.0,20,3,1206,357.0,4875,66.16,2.0,2017,0.16875871687587168,0.1652892561983471,1.6820083682008369,0.4086471408647141,10.083333333333334,NEUTRAL,0.0,0.0,0.0,8,NORMAL (15-25%),STRONG ACCEL (>1.5),VERY STRONG (>5x),MODERATE (0.3-0.5)
2017-09-26,107,73,1.76,1.72,719,293,113,12.0,16,4,1290,352.0,4873,68.15,2.0,2017,0.1571627260083449,0.1415929203539823,1.7941585535465925,0.40751043115438107,9.416666666666666,NEUTRAL,0.0,0.0,0.0,8,LOW (<15%),STRONG ACCEL (>1.5),VERY STRONG (>5x),MODERATE (0.3-0.5)
2017-09-27,244,64,2.04,1.8,803,265,130,13.0,17,4,1578,299.0,4873,69.91,2.0,2017,0.16189290161892902,0.13076923076923078,1.9651307596513077,0.3300124533001245,10.0,NEUTRAL,0.0,0.0,0.0,8,LOW (<15%),STRONG ACCEL (>1.5),VERY STRONG (>5x),MODERATE (0.3-0.5)
2017-09-28,101,52,2.13,1.84,796,261,121,13.0,18,4,1590,296.0,4873,70.14,2.0,2017,0.15201005025125627,0.1487603305785124,1.9974874371859297,0.3278894472361809,9.307692307692308,NEUTRAL,0.0,0.0,0.0,8,LOW (<15%),STRONG ACCEL (>1.5),VERY STRONG (>5x),MODERATE (0.3-0.5)
2017-09-29,111,43,2.13,1.97,796,262,114,13.0,16,5,1557,292.0,4873,71.25,2.0,2017,0.14321608040201006,0.14035087719298245,1.9560301507537687,0.32914572864321606,8.76923076923077,EXHAUSTION,0.0,0.0,0.0,7,LOW (<15%),STRONG ACCEL (>1.5),VERY STRONG (>5x),MODERATE (0.3-0.5)
2017-10-02,179,54,2.59,2.1,887,255,109,16.0,17,5,1733,259.0,4873,73.29,2.0,2017,0.12288613303269448,0.1559633027522936,1.9537767756482525,0.2874859075535513,6.8125,EXHAUSTION,0.0,0.0,0.0,6,NORMAL (15-25%),STRONG ACCEL (>1.5),VERY STRONG (>5x),LOW (<0.3)
2017-10-03,114,54,2.81,2.23,891,250,112,14.0,18,5,1765,255.0,4874,74.93,2.0,2017,0.12570145903479238,0.16071428571428573,1.9809203142536476,0.28058361391694725,8.0,EXHAUSTION,0.0,0.0,0.0,6,NORMAL (15-25%),STRONG ACCEL (>1.5),VERY STRONG (>5x),LOW (<0.3)
2017-10-04,98,80,2.13,2.08,883,266,93,14.0,15,5,1743,263.0,4875,75.38,2.0,2017,0.10532276330690826,0.16129032258064516,1.9739524348810873,0.3012457531143828,6.642857142857143,EXHAUSTION,0.0,0.0,0.0,5,NORMAL (15-25%),STRONG ACCEL (>1.5),VERY STRONG (>5x),MODERATE (0.3-0.5)
2017-10-05,106,39,2.25,2.18,927,261,95,18.0,16,5,1799,260.0,4877,76.87,2.0,2017,0.10248112189859762,0.16842105263157894,1.9406688241639698,0.2815533980582524,5.277777777777778,EXHAUSTION,0.0,0.0,0.0,5,NORMAL (15-25%),STRONG ACCEL (>1.5),VERY STRONG (>5x),LOW (<0.3)
2017-10-06,86,81,1.89,2.02,882,265,94,15.0,14,4,1753,275.0,4878,73.78,2.0,2017,0.10657596371882086,0.14893617021276595,1.9875283446712018,0.30045351473922904,6.266666666666667,EXHAUSTION,0.0,0.0,0.0,5,LOW (<15%),STRONG ACCEL (>1.5),VERY STRONG (>5x),MODERATE (0.3-0.5)
2017-10-09,87,100,1.39,1.93,871,284,74,16.0,12,4,1626,305.0,4880,71.41,2.0,2017,0.08495981630309989,0.16216216216216217,1.8668197474167623,0.32606199770378874,4.625,EXHAUSTION,0.0,0.0,0.0,3,NORMAL (15-25%),STRONG ACCEL (>1.5),STRONG (3-5x),MODERATE (0.3-0.5)
2017-10-10,84,60,1.28,1.93,871,280,69,15.0,11,4,1656,314.0,4878,72.59,2.0,2017,0.07921928817451206,0.15942028985507245,1.9012629161882892,0.3214695752009185,4.6,EXHAUSTION,0.0,0.0,0.0,3,NORMAL (15-25%),STRONG ACCEL (>1.5),STRONG (3-5x),MODERATE (0.3-0.5)
2017-10-11,90,62,1.32,1.69,854,279,64,18.0,17,4,1624,331.0,4877,72.59,2.0,2017,0.07494145199063232,0.265625,1.901639344262295,0.32669789227166274,3.5555555555555554,EXHAUSTION,0.0,0.0,0.0,2,ELEVATED (25-35%),STRONG ACCEL (>1.5),STRONG (3-5x),MODERATE (0.3-0.5)
2017-10-12,73,94,1.06,1.54,835,302,62,20.0,14,5,1535,395.0,4880,72.75,2.0,2017,0.07425149700598803,0.22580645161290322,1.8383233532934131,0.36167664670658684,3.1,EXHAUSTION,0.0,0.0,0.0,2,NORMAL (15-25%),STRONG ACCEL (>1.5),STRONG (3-5x),MODERATE (0.3-0.5)
2017-10-13,61,101,0.95,1.35,811,316,53,21.0,15,6,1456,430.0,4882,72.01,2.0,2017,0.06535141800246609,0.2830188679245283,1.7953144266337855,0.38964241676942046,2.5238095238095237,EXHAUSTION,0.0,0.0,0.0,1,ELEVATED (25-35%),STRONG ACCEL (>1.5),MODERATE (2-3x),MODERATE (0.3-0.5)
2017-10-16,63,114,0.86,1.1,814,329,49,20.0,12,6,1431,484.0,4884,69.86,2.0,2017,0.060196560196560195,0.24489795918367346,1.757985257985258,0.40417690417690416,2.45,EXHAUSTION,0.0,0.0,0.0,1,NORMAL (15-25%),STRONG ACCEL (>1.5),MODERATE (2-3x),MODERATE (0.3-0.5)
2017-10-17,67,78,0.79,1.01,781,335,48,21.0,12,6,1298,496.0,4882,68.4,2.0,2017,0.06145966709346991,0.25,1.6619718309859155,0.42893725992317544,2.2857142857142856,EXHAUSTION,0.0,0.0,0.0,1,NORMAL (15-25%),STRONG ACCEL (>1.5),MODERATE (2-3x),MODERATE (0.3-0.5)
2017-10-18,83,66,0.77,1.01,793,340,49,21.0,13,6,1299,535.0,4884,67.63,2.0,2017,0.0617906683480454,0.2653061224489796,1.6380832282471627,0.4287515762925599,2.3333333333333335,EXHAUSTION,0.0,0.0,0.0,1,ELEVATED (25-35%),STRONG ACCEL (>1.5),MODERATE (2-3x),MODERATE (0.3-0.5)
2017-10-19,69,62,0.81,0.93,776,351,53,24.0,15,6,1270,547.0,4886,66.52,2.0,2017,0.06829896907216494,0.2830188679245283,1.6365979381443299,0.452319587628866,2.2083333333333335,EXHAUSTION,0.0,0.0,0.0,2,ELEVATED (25-35%),STRONG ACCEL (>1.5),MODERATE (2-3x),MODERATE (0.3-0.5)
2017-10-20,122,49,1.09,1.02,812,335,52,24.0,16,5,1320,540.0,4888,67.12,2.0,2017,0.06403940886699508,0.3076923076923077,1.625615763546798,0.4125615763546798,2.1666666666666665,EXHAUSTION,0.0,0.0,0.0,1,ELEVATED (25-35%),STRONG ACCEL (>1.5),MODERATE (2-3x),MODERATE (0.3-0.5)
2017-10-23,49,123,1.03,0.94,776,369,56,25.0,14,3,1187,608.0,4886,63.52,2.0,2017,0.07216494845360824,0.25,1.5296391752577319,0.47551546391752575,2.24,EXHAUSTION,0.0,0.0,0.0,2,NORMAL (15-25%),STRONG ACCEL (>1.5),MODERATE (2-3x),MODERATE (0.3-0.5)
2017-10-24,92,97,1.05,0.91,783,369,54,31.0,14,2,1205,632.0,4885,62.79,2.0,2017,0.06896551724137931,0.25925925925925924,1.5389527458492975,0.47126436781609193,1.7419354838709677,EXHAUSTION,0.0,0.0,0.0,2,ELEVATED (25-35%),STRONG ACCEL (>1.5),WEAK (1-2x),MODERATE (0.3-0.5)
2017-10-25,80,149,0.86,0.81,744,392,44,35.0,9,3,1068,681.0,4885,57.17,2.0,2017,0.05913978494623656,0.20454545454545456,1.435483870967742,0.5268817204301075,1.2571428571428571,EXHAUSTION,0.0,0.0,0.0,1,NORMAL (15-25%),ACCELERATING (1.2-1.5),WEAK (1-2x),ELEVATED (0.5-0.7)
2017-10-26,125,143,0.83,0.83,779,414,36,42.0,9,3,996,725.0,4892,56.13,2.0,2017,0.04621309370988447,0.25,1.2785622593068036,0.5314505776636713,0.8571428571428571,EXHAUSTION,0.0,0.0,0.0,0,NORMAL (15-25%),ACCELERATING (1.2-1.5),NEGATIVE (<1x),ELEVATED (0.5-0.7)
2017-10-27,175,112,0.83,0.93,834,398,34,41.0,7,3,994,685.0,4887,59.27,2.0,2017,0.0407673860911271,0.20588235294117646,1.1918465227817745,0.47721822541966424,0.8292682926829268,EXHAUSTION,0.0,0.0,0.0,0,NORMAL (15-25%),SLIGHT ACCEL (1.0-1.2),NEGATIVE (<1x),MODERATE (0.3-0.5)
2017-10-30,76,108,0.9,0.95,763,389,30,41.0,5,5,830,715.0,4886,53.0,2.0,2017,0.039318479685452164,0.16666666666666666,1.0878112712975099,0.509829619921363,0.7317073170731707,EXHAUSTION,0.0,0.0,0.0,0,NORMAL (15-25%),SLIGHT ACCEL (1.0-1.2),NEGATIVE (<1x),ELEVATED (0.5-0.7)
2017-10-31,171,91,1.04,1.04,811,369,32,39.0,5,6,908,692.0,4876,56.75,2.0,2017,0.03945745992601726,0.15625,1.11960542540074,0.45499383477188654,0.8205128205128205,EXHAUSTION,0.0,0.0,0.0,0,NORMAL (15-25%),SLIGHT ACCEL (1.0-1.2),NEGATIVE (<1x),MODERATE (0.3-0.5)
2017-11-01,122,156,1.1,0.99,769,379,31,49.0,5,5,840,734.0,4877,55.05,2.0,2017,0.04031209362808843,0.16129032258064516,1.092327698309493,0.4928478543563069,0.6326530612244898,EXHAUSTION,0.0,0.0,0.0,0,NORMAL (15-25%),SLIGHT ACCEL (1.0-1.2),NEGATIVE (<1x),MODERATE (0.3-0.5)
2017-11-02,174,190,1.09,0.97,802,379,34,68.0,6,5,844,754.0,4879,54.14,2.0,2017,0.04239401496259352,0.17647058823529413,1.0523690773067331,0.47256857855361595,0.5,EXHAUSTION,0.0,0.0,0.0,0,NORMAL (15-25%),SLIGHT ACCEL (1.0-1.2),NEGATIVE (<1x),MODERATE (0.3-0.5)
2017-11-03,163,127,1.05,0.95,802,377,36,73.0,8,8,847,755.0,4883,52.93,2.0,2017,0.04488778054862843,0.2222222222222222,1.0561097256857854,0.470074812967581,0.4931506849315068,EXHAUSTION,0.0,0.0,0.0,0,NORMAL (15-25%),SLIGHT ACCEL (1.0-1.2),NEGATIVE (<1x),MODERATE (0.3-0.5)
2017-11-06,226,87,1.31,1.11,837,367,47,65.0,9,6,916,749.0,4883,54.48,2.0,2017,0.056152927120669056,0.19148936170212766,1.0943847072879331,0.43847072879330945,0.7230769230769231,EXHAUSTION,0.0,0.0,0.0,1,NORMAL (15-25%),SLIGHT ACCEL (1.0-1.2),NEGATIVE (<1x),MODERATE (0.3-0.5)
2017-11-07,111,210,1.03,1.04,778,406,44,90.0,8,11,816,835.0,4883,51.13,2.0,2017,0.056555269922879174,0.18181818181818182,1.0488431876606683,0.5218508997429306,0.4888888888888889,EXHAUSTION,0.0,0.0,0.0,1,NORMAL (15-25%),SLIGHT ACCEL (1.0-1.2),NEGATIVE (<1x),ELEVATED (0.5-0.7)
2017-11-08,167,175,1.07,1.08,785,417,47,100.0,5,10,825,883.0,4883,50.42,2.0,2017,0.05987261146496815,0.10638297872340426,1.0509554140127388,0.5312101910828025,0.47,EXHAUSTION,0.0,0.0,0.0,1,LOW (<15%),SLIGHT ACCEL (1.0-1.2),NEGATIVE (<1x),ELEVATED (0.5-0.7)
2017-11-09,179,136,1.15,1.12,788,415,56,104.0,8,7,801,939.0,4883,48.52,2.0,2017,0.07106598984771574,0.14285714285714285,1.016497461928934,0.5266497461928934,0.5384615384615384,EXHAUSTION,0.0,0.0,0.0,2,LOW (<15%),SLIGHT ACCEL (1.0-1.2),NEGATIVE (<1x),ELEVATED (0.5-0.7)
2017-11-10,140,77,1.2,1.13,793,416,67,98.0,9,4,812,928.0,4889,48.06,2.0,2017,0.08448928121059268,0.13432835820895522,1.0239596469104666,0.5245901639344263,0.6836734693877551,EXHAUSTION,0.0,0.0,0.0,3,LOW (<15%),SLIGHT ACCEL (1.0-1.2),NEGATIVE (<1x),ELEVATED (0.5-0.7)
2017-11-13,106,120,0.98,1.14,756,434,69,101.0,15,4,741,961.0,4889,47.79,2.0,2017,0.09126984126984126,0.21739130434782608,0.9801587301587301,0.5740740740740741,0.6831683168316832,EXHAUSTION,0.0,0.0,0.0,4,NORMAL (15-25%),FLAT (0.8-1.0),NEGATIVE (<1x),ELEVATED (0.5-0.7)
2017-11-14,99,237,0.93,0.98,711,466,72,108.0,9,2,690,1039.0,4888,44.93,2.0,2017,0.10126582278481013,0.125,0.9704641350210971,0.6554149085794655,0.6666666666666666,EXHAUSTION,0.0,0.0,0.0,5,LOW (<15%),FLAT (0.8-1.0),NEGATIVE (<1x),ELEVATED (0.5-0.7)
2017-11-15,100,114,0.91,0.99,677,475,58,117.0,10,3,656,1064.0,4887,41.07,2.0,2017,0.08567208271787297,0.1724137931034483,0.9689807976366323,0.7016248153618907,0.49572649572649574,EXHAUSTION,0.0,0.0,0.0,3,NORMAL (15-25%),FLAT (0.8-1.0),NEGATIVE (<1x),HIGH (0.7-1.0)
2017-11-16,243,44,1.16,1.16,775,438,78,98.0,12,3,755,945.0,4890,45.79,2.0,2017,0.10064516129032258,0.15384615384615385,0.9741935483870968,0.5651612903225807,0.7959183673469388,EXHAUSTION,0.0,0.0,0.0,5,NORMAL (15-25%),FLAT (0.8-1.0),NEGATIVE (<1x),ELEVATED (0.5-0.7)
2017-11-17,170,39,1.3,1.24,805,424,76,99.0,12,4,833,887.0,4895,47.86,2.0,2017,0.09440993788819876,0.15789473684210525,1.0347826086956522,0.5267080745341615,0.7676767676767676,EXHAUSTION,0.0,0.0,0.0,4,NORMAL (15-25%),SLIGHT ACCEL (1.0-1.2),NEGATIVE (<1x),ELEVATED (0.5-0.7)
2017-11-20,146,72,1.5,1.19,841,419,94,85.0,17,4,893,862.0,4900,49.78,2.0,2017,0.1117717003567182,0.18085106382978725,1.0618311533888227,0.4982164090368609,1.1058823529411765,EXHAUSTION,0.0,0.0,0.0,5,NORMAL (15-25%),SLIGHT ACCEL (1.0-1.2),WEAK (1-2x),MODERATE (0.3-0.5)
2017-11-21,140,77,2.31,1.37,856,405,101,76.0,15,4,965,835.0,4899,53.21,2.0,2017,0.11799065420560748,0.1485148514851485,1.1273364485981308,0.47313084112149534,1.3289473684210527,EXHAUSTION,0.0,0.0,0.0,6,LOW (<15%),SLIGHT ACCEL (1.0-1.2),WEAK (1-2x),MODERATE (0.3-0.5)
2017-11-22,131,34,3.12,1.53,864,395,122,70.0,20,3,984,783.0,4899,53.28,2.0,2017,0.1412037037037037,0.16393442622950818,1.1388888888888888,0.45717592592592593,1.7428571428571429,EXHAUSTION,0.0,0.0,0.0,7,NORMAL (15-25%),SLIGHT ACCEL (1.0-1.2),WEAK (1-2x),MODERATE (0.3-0.5)
2017-11-24,70,21,2.7,1.61,861,386,114,60.0,23,3,1009,741.0,4898,53.33,2.0,2017,0.13240418118466898,0.20175438596491227,1.1718931475029035,0.44831591173054586,1.9,EXHAUSTION,0.0,0.0,0.0,7,NORMAL (15-25%),SLIGHT ACCEL (1.0-1.2),WEAK (1-2x),MODERATE (0.3-0.5)
2017-11-27,114,180,1.57,1.41,816,401,91,65.0,21,1,973,790.0,4895,51.52,2.0,2017,0.11151960784313726,0.23076923076923078,1.1924019607843137,0.49142156862745096,1.4,EXHAUSTION,0.0,0.0,0.0,5,NORMAL (15-25%),SLIGHT ACCEL (1.0-1.2),WEAK (1-2x),MODERATE (0.3-0.5)
2017-11-28,186,70,1.68,1.58,898,405,112,58.0,19,1,1073,743.0,4895,58.24,2.0,2017,0.12472160356347439,0.16964285714285715,1.1948775055679288,0.4510022271714922,1.9310344827586208,EXHAUSTION,0.0,0.0,0.0,6,NORMAL (15-25%),SLIGHT ACCEL (1.0-1.2),WEAK (1-2x),MODERATE (0.3-0.5)
2017-11-29,177,174,1.42,1.79,904,399,91,59.0,15,2,1129,733.0,4895,59.75,2.0,2017,0.1006637168141593,0.16483516483516483,1.2488938053097345,0.4413716814159292,1.5423728813559323,EXHAUSTION,0.0,0.0,0.0,5,NORMAL (15-25%),ACCELERATING (1.2-1.5),WEAK (1-2x),MODERATE (0.3-0.5)
2017-11-30,187,99,1.35,1.93,880,394,115,44.0,20,1,1144,684.0,4898,60.48,2.0,2017,0.13068181818181818,0.17391304347826086,1.3,0.44772727272727275,2.6136363636363638,EXHAUSTION,0.0,0.0,0.0,7,NORMAL (15-25%),ACCELERATING (1.2-1.5),MODERATE (2-3x),MODERATE (0.3-0.5)
2017-12-01,109,71,1.3,1.71,849,411,93,42.0,16,3,1122,683.0,4906,60.63,2.0,2017,0.10954063604240283,0.17204301075268819,1.3215547703180213,0.4840989399293286,2.2142857142857144,EXHAUSTION,0.0,0.0,0.0,5,NORMAL (15-25%),ACCELERATING (1.2-1.5),MODERATE (2-3x),MODERATE (0.3-0.5)
2017-12-04,141,215,1.27,1.38,843,445,97,45.0,17,4,1127,772.0,4906,60.69,2.0,2017,0.11506524317912219,0.17525773195876287,1.3368920521945433,0.527876631079478,2.1555555555555554,EXHAUSTION,0.0,0.0,0.0,6,NORMAL (15-25%),ACCELERATING (1.2-1.5),MODERATE (2-3x),ELEVATED (0.5-0.7)
2017-12-05,67,111,1.02,1.26,783,459,78,54.0,14,5,1001,803.0,4810,56.48,2.0,2017,0.09961685823754789,0.1794871794871795,1.2784163473818646,0.5862068965517241,1.4444444444444444,EXHAUSTION,0.0,0.0,0.0,5,NORMAL (15-25%),ACCELERATING (1.2-1.5),WEAK (1-2x),ELEVATED (0.5-0.7)
2017-12-06,63,193,0.82,1.07,726,496,81,44.0,16,5,924,885.0,4811,52.9,2.0,2017,0.1115702479338843,0.19753086419753085,1.2727272727272727,0.6831955922865014,1.8409090909090908,EXHAUSTION,0.0,0.0,0.0,5,NORMAL (15-25%),ACCELERATING (1.2-1.5),WEAK (1-2x),ELEVATED (0.5-0.7)
2017-12-07,131,65,0.78,1.04,772,470,81,39.0,22,4,1007,808.0,4808,55.46,2.0,2017,0.10492227979274611,0.2716049382716049,1.3044041450777202,0.6088082901554405,2.076923076923077,EXHAUSTION,0.0,0.0,0.0,5,ELEVATED (25-35%),ACCELERATING (1.2-1.5),MODERATE (2-3x),ELEVATED (0.5-0.7)
2017-12-08,119,40,0.83,1.06,777,442,81,31.0,19,4,1050,769.0,4812,57.89,2.0,2017,0.10424710424710425,0.2345679012345679,1.3513513513513513,0.5688545688545689,2.6129032258064515,EXHAUSTION,0.0,0.0,0.0,5,NORMAL (15-25%),ACCELERATING (1.2-1.5),MODERATE (2-3x),ELEVATED (0.5-0.7)
2017-12-11,163,110,1.05,1.17,725,428,75,35.0,16,4,1056,739.0,4812,59.73,2.0,2017,0.10344827586206896,0.21333333333333335,1.456551724137931,0.5903448275862069,2.142857142857143,EXHAUSTION,0.0,0.0,0.0,5,NORMAL (15-25%),ACCELERATING (1.2-1.5),MODERATE (2-3x),ELEVATED (0.5-0.7)
2017-12-12,106,111,1.12,1.06,710,448,71,31.0,16,4,1035,760.0,4812,58.13,2.0,2017,0.1,0.22535211267605634,1.4577464788732395,0.6309859154929578,2.2903225806451615,EXHAUSTION,0.0,0.0,0.0,5,NORMAL (15-25%),ACCELERATING (1.2-1.5),MODERATE (2-3x),ELEVATED (0.5-0.7)
2017-12-13,180,63,1.8,1.17,709,421,87,21.0,16,4,1061,727.0,4822,56.98,2.0,2017,0.1227080394922426,0.1839080459770115,1.4964739069111423,0.5937940761636107,4.142857142857143,EXHAUSTION,0.0,0.0,0.0,6,NORMAL (15-25%),ACCELERATING (1.2-1.5),STRONG (3-5x),ELEVATED (0.5-0.7)
2017-12-14,79,120,1.46,1.05,648,445,78,25.0,8,3,955,788.0,4824,51.15,2.0,2017,0.12037037037037036,0.10256410256410256,1.4737654320987654,0.6867283950617284,3.12,EXHAUSTION,0.0,0.0,1346.895,6,LOW (<15%),ACCELERATING (1.2-1.5),STRONG (3-5x),ELEVATED (0.5-0.7)
2017-12-15,214,95,1.49,1.12,702,430,82,26.0,11,2,1061,710.0,4824,59.46,2.0,2017,0.1168091168091168,0.13414634146341464,1.5113960113960114,0.6125356125356125,3.1538461538461537,EXHAUSTION,0.0,0.0,0.0,6,LOW (<15%),STRONG ACCEL (>1.5),STRONG (3-5x),ELEVATED (0.5-0.7)
2017-12-18,124,44,2.82,2.82,749,417,85,27.0,15,3,1163,635.0,4816,65.29,2.0,2018,0.11348464619492657,0.17647058823529413,1.5527369826435247,0.5567423230974633,3.1481481481481484,EXHAUSTION,0.0,0.0,0.0,6,NORMAL (15-25%),STRONG ACCEL (>1.5),STRONG (3-5x),ELEVATED (0.5-0.7)
2017-12-18,124,44,1.62,1.31,749,417,85,27.0,15,3,1163,635.0,4816,65.29,2.0,2017,0.11348464619492657,0.17647058823529413,1.5527369826435247,0.5567423230974633,3.1481481481481484,EXHAUSTION,0.0,0.0,0.0,6,NORMAL (15-25%),STRONG ACCEL (>1.5),STRONG (3-5x),ELEVATED (0.5-0.7)
2017-12-19,90,86,1.65,1.65,708,427,76,32.0,13,4,1098,658.0,4815,60.33,2.0,2018,0.10734463276836158,0.17105263157894737,1.5508474576271187,0.6031073446327684,2.375,EXHAUSTION,0.0,0.0,0.0,5,NORMAL (15-25%),STRONG ACCEL (>1.5),MODERATE (2-3x),ELEVATED (0.5-0.7)
2017-12-19,90,86,1.68,1.37,708,427,76,32.0,13,4,1098,658.0,4815,60.33,2.0,2017,0.10734463276836158,0.17105263157894737,1.5508474576271187,0.6031073446327684,2.375,EXHAUSTION,0.0,0.0,0.0,5,NORMAL (15-25%),STRONG ACCEL (>1.5),MODERATE (2-3x),ELEVATED (0.5-0.7)
2017-12-20,139,50,1.96,1.96,727,401,75,23.0,13,3,1143,601.0,4816,61.25,2.0,2018,0.1031636863823934,0.17333333333333334,1.5722145804676755,0.5515818431911967,3.260869565217391,EXHAUSTION,0.0,0.0,0.0,5,NORMAL (15-25%),STRONG ACCEL (>1.5),STRONG (3-5x),ELEVATED (0.5-0.7)
2017-12-20,139,50,1.64,1.72,727,401,75,23.0,13,3,1143,601.0,4816,61.25,2.0,2017,0.1031636863823934,0.17333333333333334,1.5722145804676755,0.5515818431911967,3.260869565217391,EXHAUSTION,0.0,0.0,0.0,5,NORMAL (15-25%),STRONG ACCEL (>1.5),STRONG (3-5x),ELEVATED (0.5-0.7)
2017-12-21,173,37,2.37,1.83,780,397,80,23.0,12,2,1210,539.0,4818,63.46,2.0,2017,0.10256410256410256,0.15,1.5512820512820513,0.5089743589743589,3.4782608695652173,EXHAUSTION,0.0,0.0,0.0,5,LOW (<15%),STRONG ACCEL (>1.5),STRONG (3-5x),ELEVATED (0.5-0.7)
2017-12-21,173,37,2.42,2.42,780,397,80,23.0,12,2,1210,539.0,4818,63.46,2.0,2018,0.10256410256410256,0.15,1.5512820512820513,0.5089743589743589,3.4782608695652173,EXHAUSTION,0.0,0.0,0.0,5,LOW (<15%),STRONG ACCEL (>1.5),STRONG (3-5x),ELEVATED (0.5-0.7)
2017-12-22,94,56,2.27,1.76,738,409,83,29.0,14,3,1212,557.0,4819,63.26,2.0,2017,0.11246612466124661,0.1686746987951807,1.6422764227642277,0.55420054200542,2.8620689655172415,EXHAUSTION,0.0,1346.895,0.0,5,NORMAL (15-25%),STRONG ACCEL (>1.5),MODERATE (2-3x),ELEVATED (0.5-0.7)
2017-12-22,94,56,2.27,2.27,738,409,83,29.0,14,3,1212,557.0,4819,63.26,2.0,2018,0.11246612466124661,0.1686746987951807,1.6422764227642277,0.55420054200542,2.8620689655172415,EXHAUSTION,0.0,0.0,0.0,5,NORMAL (15-25%),STRONG ACCEL (>1.5),MODERATE (2-3x),ELEVATED (0.5-0.7)
2017-12-26,138,43,2.33,1.9,776,398,90,28.0,17,3,1236,519.0,4818,63.29,2.0,2017,0.11597938144329897,0.18888888888888888,1.592783505154639,0.5128865979381443,3.2142857142857144,EXHAUSTION,0.0,0.0,0.0,6,NORMAL (15-25%),STRONG ACCEL (>1.5),STRONG (3-5x),ELEVATED (0.5-0.7)
2017-12-26,138,43,2.33,2.4,776,398,90,28.0,17,3,1236,519.0,4818,63.29,2.0,2018,0.11597938144329897,0.18888888888888888,1.592783505154639,0.5128865979381443,3.2142857142857144,EXHAUSTION,0.0,0.0,0.0,6,NORMAL (15-25%),STRONG ACCEL (>1.5),STRONG (3-5x),ELEVATED (0.5-0.7)
2017-12-27,93,41,2.81,2.09,749,395,70,22.0,15,2,1196,520.0,4818,63.07,2.0,2017,0.09345794392523364,0.21428571428571427,1.5967957276368492,0.527369826435247,3.1818181818181817,EXHAUSTION,0.0,0.0,0.0,4,NORMAL (15-25%),STRONG ACCEL (>1.5),STRONG (3-5x),ELEVATED (0.5-0.7)
2017-12-27,93,41,2.81,2.38,749,395,70,22.0,15,2,1196,520.0,4818,63.07,2.0,2018,0.09345794392523364,0.21428571428571427,1.5967957276368492,0.527369826435247,3.1818181818181817,EXHAUSTION,1346.895,0.0,0.0,4,NORMAL (15-25%),STRONG ACCEL (>1.5),STRONG (3-5x),ELEVATED (0.5-0.7)
2017-12-28,95,47,2.65,2.34,743,383,77,21.0,18,2,1200,489.0,4821,63.97,2.0,2018,0.10363391655450875,0.23376623376623376,1.6150740242261103,0.5154777927321669,3.6666666666666665,EXHAUSTION,0.0,0.0,0.0,5,NORMAL (15-25%),STRONG ACCEL (>1.5),STRONG (3-5x),ELEVATED (0.5-0.7)
2017-12-28,95,47,2.65,2.0,743,383,77,21.0,18,2,1200,489.0,4821,63.97,2.0,2017,0.10363391655450875,0.23376623376623376,1.6150740242261103,0.5154777927321669,3.6666666666666665,EXHAUSTION,0.0,0.0,0.0,5,NORMAL (15-25%),STRONG ACCEL (>1.5),STRONG (3-5x),ELEVATED (0.5-0.7)
2017-12-29,76,100,1.73,2.06,701,399,57,21.0,15,2,1094,527.0,4822,60.64,2.0,2017,0.08131241084165478,0.2631578947368421,1.5606276747503567,0.5691868758915835,2.7142857142857144,EXHAUSTION,0.0,0.0,0.0,3,ELEVATED (25-35%),STRONG ACCEL (>1.5),MODERATE (2-3x),ELEVATED (0.5-0.7)
2017-12-29,76,100,1.73,2.03,701,399,57,21.0,15,2,1094,527.0,4822,60.64,2.0,2018,0.08131241084165478,0.2631578947368421,1.5606276747503567,0.5691868758915835,2.7142857142857144,EXHAUSTION,0.0,0.0,0.0,3,ELEVATED (25-35%),STRONG ACCEL (>1.5),MODERATE (2-3x),ELEVATED (0.5-0.7)
2018-01-02,343,42,2.73,2.5,801,351,62,15.0,17,0,1265,442.0,4822,64.5,2695.79,2018,0.07740324594257178,0.27419354838709675,1.5792759051186018,0.43820224719101125,4.133333333333334,EXHAUSTION,-0.9992581024486329,-0.9992581024486329,-0.9992581024486329,2,ELEVATED (25-35%),STRONG ACCEL (>1.5),STRONG (3-5x),MODERATE (0.3-0.5)
2018-01-03,206,63,2.77,2.56,840,346,79,16.0,22,1,1344,405.0,4823,65.01,2.0,2018,0.09404761904761905,0.27848101265822783,1.6,0.4119047619047619,4.9375,EXHAUSTION,0.0,0.0,0.0,4,ELEVATED (25-35%),STRONG ACCEL (>1.5),STRONG (3-5x),MODERATE (0.3-0.5)
2018-01-04,169,65,2.8,2.81,852,345,81,9.0,19,0,1350,389.0,4823,65.71,2.0,2018,0.09507042253521127,0.2345679012345679,1.5845070422535212,0.40492957746478875,9.0,EXHAUSTION,0.0,0.0,0.0,4,NORMAL (15-25%),STRONG ACCEL (>1.5),VERY STRONG (>5x),MODERATE (0.3-0.5)
2018-01-05,146,61,2.84,2.76,901,338,104,9.0,27,0,1322,409.0,4823,65.71,2.0,2018,0.11542730299667037,0.25961538461538464,1.4672586015538291,0.3751387347391787,11.555555555555555,EXHAUSTION,0.0,0.0,0.0,6,ELEVATED (25-35%),ACCELERATING (1.2-1.5),VERY STRONG (>5x),MODERATE (0.3-0.5)
2018-01-08,130,132,2.74,2.29,893,353,88,13.0,22,2,1313,442.0,4822,67.62,2.0,2018,0.09854423292273236,0.25,1.4703247480403137,0.39529675251959684,6.769230769230769,EXHAUSTION,0.0,0.0,0.0,4,NORMAL (15-25%),ACCELERATING (1.2-1.5),VERY STRONG (>5x),MODERATE (0.3-0.5)
2018-01-09,108,112,1.75,2.13,884,362,75,17.0,22,3,1228,497.0,4819,65.34,2.0,2018,0.08484162895927602,0.29333333333333333,1.3891402714932126,0.4095022624434389,4.411764705882353,EXHAUSTION,0.0,0.0,0.0,3,ELEVATED (25-35%),ACCELERATING (1.2-1.5),STRONG (3-5x),MODERATE (0.3-0.5)
2018-01-10,130,53,1.61,2.09,874,354,84,18.0,20,4,1195,498.0,4821,63.54,2.0,2018,0.09610983981693363,0.23809523809523808,1.3672768878718535,0.40503432494279173,4.666666666666667,EXHAUSTION,0.0,0.0,0.0,4,NORMAL (15-25%),ACCELERATING (1.2-1.5),STRONG (3-5x),MODERATE (0.3-0.5)
2018-01-11,321,29,2.16,2.45,993,336,116,11.0,29,2,1410,438.0,4821,69.03,2.0,2018,0.11681772406847936,0.25,1.4199395770392749,0.338368580060423,10.545454545454545,EXHAUSTION,0.0,0.0,0.0,6,NORMAL (15-25%),ACCELERATING (1.2-1.5),VERY STRONG (>5x),MODERATE (0.3-0.5)
2018-01-12,134,49,2.19,2.5,1034,322,119,15.0,23,3,1468,449.0,4824,70.01,2.0,2018,0.11508704061895551,0.19327731092436976,1.4197292069632494,0.3114119922630561,7.933333333333334,EXHAUSTION,0.0,0.0,0.0,6,NORMAL (15-25%),ACCELERATING (1.2-1.5),VERY STRONG (>5x),MODERATE (0.3-0.5)
2018-01-16,81,264,1.53,2.03,947,345,109,17.0,20,4,1313,533.0,4824,64.02,2.0,2018,0.11510031678986272,0.1834862385321101,1.3864836325237593,0.36430834213305174,6.411764705882353,EXHAUSTION,0.0,0.0,0.0,6,NORMAL (15-25%),ACCELERATING (1.2-1.5),VERY STRONG (>5x),MODERATE (0.3-0.5)
2018-01-17,108,59,1.7,1.73,993,347,117,15.0,23,4,1327,503.0,4866,66.33,2.0,2018,0.11782477341389729,0.19658119658119658,1.3363544813695871,0.34944612286002014,7.8,EXHAUSTION,0.0,0.0,0.0,6,NORMAL (15-25%),ACCELERATING (1.2-1.5),VERY STRONG (>5x),MODERATE (0.3-0.5)
2018-01-18,93,75,1.55,1.58,968,338,87,21.0,20,4,1252,536.0,4866,63.35,2.0,2018,0.08987603305785125,0.22988505747126436,1.2933884297520661,0.34917355371900827,4.142857142857143,EXHAUSTION,0.0,0.0,0.0,4,NORMAL (15-25%),ACCELERATING (1.2-1.5),STRONG (3-5x),MODERATE (0.3-0.5)
2018-01-19,157,43,1.17,1.61,1047,331,99,18.0,22,4,1388,492.0,4866,68.26,2.0,2018,0.09455587392550144,0.2222222222222222,1.3256924546322828,0.31614135625596945,5.5,EXHAUSTION,0.0,0.0,0.0,4,NORMAL (15-25%),ACCELERATING (1.2-1.5),VERY STRONG (>5x),MODERATE (0.3-0.5)
2018-01-22,198,49,1.3,1.69,1084,309,119,22.0,19,6,1421,455.0,4865,69.31,2.0,2018,0.10977859778597786,0.15966386554621848,1.3108856088560885,0.28505535055350556,5.409090909090909,EXHAUSTION,0.0,0.0,0.0,5,NORMAL (15-25%),ACCELERATING (1.2-1.5),VERY STRONG (>5x),LOW (<0.3)
2018-01-23,150,61,2.46,1.86,1127,315,106,20.0,18,6,1452,423.0,4866,70.53,2.0,2018,0.0940550133096717,0.16981132075471697,1.2883762200532387,0.2795031055900621,5.3,EXHAUSTION,0.0,0.0,0.0,4,NORMAL (15-25%),ACCELERATING (1.2-1.5),VERY STRONG (>5x),LOW (<0.3)
2018-01-24,113,97,2.19,1.91,1102,332,98,19.0,12,4,1375,447.0,4866,68.69,2.0,2018,0.08892921960072596,0.12244897959183673,1.247731397459165,0.30127041742286753,5.157894736842105,EXHAUSTION,0.0,0.0,0.0,4,LOW (<15%),ACCELERATING (1.2-1.5),VERY STRONG (>5x),MODERATE (0.3-0.5)
2018-01-25,117,98,2.11,1.79,1095,324,96,28.0,16,4,1372,477.0,4874,67.0,2.0,2018,0.08767123287671233,0.16666666666666666,1.2529680365296805,0.2958904109589041,3.4285714285714284,EXHAUSTION,0.0,0.0,0.0,3,NORMAL (15-25%),ACCELERATING (1.2-1.5),STRONG (3-5x),LOW (<0.3)
2018-01-26,131,67,1.91,1.49,1120,316,104,32.0,17,3,1414,472.0,4876,66.97,2.0,2018,0.09285714285714286,0.16346153846153846,1.2625,0.28214285714285714,3.25,EXHAUSTION,0.0,0.0,0.0,4,NORMAL (15-25%),ACCELERATING (1.2-1.5),STRONG (3-5x),LOW (<0.3)
2018-01-29,86,164,1.23,1.26,1057,343,110,32.0,20,2,1299,562.0,4876,60.8,2.0,2018,0.10406811731315042,0.18181818181818182,1.2289498580889309,0.32450331125827814,3.4375,EXHAUSTION,0.0,0.0,0.0,5,NORMAL (15-25%),ACCELERATING (1.2-1.5),STRONG (3-5x),MODERATE (0.3-0.5)
2018-01-30,58,213,0.79,1.31,952,368,99,33.0,21,3,1114,672.0,4877,55.89,2.0,2018,0.10399159663865547,0.21212121212121213,1.1701680672268908,0.3865546218487395,3.0,EXHAUSTION,0.0,0.0,0.0,5,NORMAL (15-25%),SLIGHT ACCEL (1.0-1.2),MODERATE (2-3x),MODERATE (0.3-0.5)
2018-01-31,94,139,0.71,1.19,894,395,78,45.0,16,4,1023,705.0,4879,53.33,2.0,2018,0.087248322147651,0.20512820512820512,1.1442953020134228,0.441834451901566,1.7333333333333334,EXHAUSTION,0.0,0.0,0.0,3,NORMAL (15-25%),SLIGHT ACCEL (1.0-1.2),WEAK (1-2x),MODERATE (0.3-0.5)
2018-02-01,94,126,0.65,1.13,904,412,74,51.0,15,5,1005,755.0,4886,52.66,2.0,2018,0.08185840707964602,0.20270270270270271,1.1117256637168142,0.4557522123893805,1.4509803921568627,EXHAUSTION,0.0,0.0,0.0,3,NORMAL (15-25%),SLIGHT ACCEL (1.0-1.2),WEAK (1-2x),MODERATE (0.3-0.5)
2018-02-02,52,431,0.36,0.76,721,481,61,71.0,13,12,750,1044.0,4882,38.29,2.0,2018,0.08460471567267684,0.21311475409836064,1.0402219140083218,0.6671289875173371,0.8591549295774648,EXHAUSTION,0.0,0.0,0.0,3,NORMAL (15-25%),SLIGHT ACCEL (1.0-1.2),NEGATIVE (<1x),ELEVATED (0.5-0.7)
2018-02-05,25,881,0.18,0.4,538,571,40,86.0,8,12,512,1437.0,4881,19.38,2.0,2018,0.07434944237918216,0.2,0.9516728624535316,1.0613382899628252,0.46511627906976744,EXHAUSTION,0.0,0.0,0.0,2,NORMAL (15-25%),FLAT (0.8-1.0),NEGATIVE (<1x),EXTREME (>1.0)
2018-02-06,215,76,0.29,0.43,594,510,46,73.0,12,9,550,1284.0,4881,23.44,2.0,2018,0.07744107744107744,0.2608695652173913,0.9259259259259259,0.8585858585858586,0.6301369863013698,EXHAUSTION,0.0,0.0,0.0,3,ELEVATED (25-35%),FLAT (0.8-1.0),NEGATIVE (<1x),HIGH (0.7-1.0)
2018-02-07,122,107,0.31,0.43,601,501,51,70.0,12,7,548,1263.0,4881,24.14,2.0,2018,0.08485856905158069,0.23529411764705882,0.9118136439267887,0.8336106489184693,0.7285714285714285,EXHAUSTION,0.0,0.0,0.0,3,NORMAL (15-25%),FLAT (0.8-1.0),NEGATIVE (<1x),HIGH (0.7-1.0)
2018-02-08,60,664,0.22,0.33,492,619,37,109.0,7,10,421,1747.0,4881,12.46,2.0,2018,0.07520325203252033,0.1891891891891892,0.8556910569105691,1.258130081300813,0.3394495412844037,EXHAUSTION,0.0,0.0,0.0,2,NORMAL (15-25%),FLAT (0.8-1.0),NEGATIVE (<1x),EXTREME (>1.0)
2018-02-09,149,179,0.3,0.32,501,614,31,135.0,7,7,418,1644.0,4881,14.61,2.0,2018,0.06187624750499002,0.22580645161290322,0.8343313373253493,1.2255489021956087,0.22962962962962963,EXHAUSTION,0.0,0.0,0.0,1,NORMAL (15-25%),FLAT (0.8-1.0),NEGATIVE (<1x),EXTREME (>1.0)
2018-02-12,128,43,0.63,0.35,518,547,38,105.0,6,4,471,1461.0,4887,18.05,2.0,2018,0.07335907335907337,0.15789473684210525,0.9092664092664092,1.055984555984556,0.3619047619047619,EXHAUSTION,0.0,0.0,0.0,2,NORMAL (15-25%),FLAT (0.8-1.0),NEGATIVE (<1x),EXTREME (>1.0)
2018-02-13,130,52,0.56,0.4,537,520,52,87.0,11,4,525,1387.0,4885,20.35,2.0,2018,0.09683426443202979,0.21153846153846154,0.9776536312849162,0.9683426443202979,0.5977011494252874,EXHAUSTION,0.0,0.0,0.0,4,NORMAL (15-25%),FLAT (0.8-1.0),NEGATIVE (<1x),HIGH (0.7-1.0)
2018-02-14,358,56,0.83,0.51,609,461,57,80.0,10,5,694,1219.0,4885,27.5,2.0,2018,0.09359605911330049,0.17543859649122806,1.1395730706075533,0.7569786535303776,0.7125,EXHAUSTION,0.0,0.0,0.0,4,NORMAL (15-25%),SLIGHT ACCEL (1.0-1.2),NEGATIVE (<1x),HIGH (0.7-1.0)
2018-02-15,155,63,2.34,0.55,636,438,62,71.0,8,4,778,1106.0,4888,31.6,2.0,2018,0.09748427672955975,0.12903225806451613,1.2232704402515724,0.6886792452830188,0.8732394366197183,EXHAUSTION,0.0,0.0,0.0,4,LOW (<15%),ACCELERATING (1.2-1.5),NEGATIVE (<1x),ELEVATED (0.5-0.7)
2018-02-16,130,95,2.92,0.66,642,449,58,84.0,7,6,785,1114.0,4888,32.82,2.0,2018,0.09034267912772585,0.1206896551724138,1.222741433021807,0.6993769470404985,0.6904761904761905,EXHAUSTION,0.0,0.0,0.0,4,LOW (<15%),ACCELERATING (1.2-1.5),NEGATIVE (<1x),ELEVATED (0.5-0.7)
2018-02-20,90,136,2.15,1.04,600,468,44,96.0,3,7,695,1224.0,4888,28.56,2.0,2018,0.07333333333333333,0.06818181818181818,1.1583333333333334,0.78,0.4583333333333333,EXHAUSTION,0.0,0.0,0.0,2,LOW (<15%),SLIGHT ACCEL (1.0-1.2),NEGATIVE (<1x),HIGH (0.7-1.0)
2018-02-21,106,93,1.89,0.96,576,485,41,113.0,6,8,717,1247.0,4888,28.01,2.0,2018,0.07118055555555555,0.14634146341463414,1.2447916666666667,0.8420138888888888,0.36283185840707965,EXHAUSTION,0.0,0.0,0.0,2,LOW (<15%),ACCELERATING (1.2-1.5),NEGATIVE (<1x),HIGH (0.7-1.0)
2018-02-22,136,121,1.21,0.96,538,496,41,100.0,5,5,672,1229.0,4891,28.56,2.0,2018,0.0762081784386617,0.12195121951219512,1.2490706319702602,0.9219330855018587,0.41,EXHAUSTION,0.0,0.0,0.0,2,LOW (<15%),ACCELERATING (1.2-1.5),NEGATIVE (<1x),HIGH (0.7-1.0)
2018-02-23,160,50,1.26,1.74,596,460,54,82.0,4,5,803,1101.0,4891,36.2,2.0,2018,0.09060402684563758,0.07407407407407407,1.3473154362416107,0.7718120805369127,0.6585365853658537,EXHAUSTION,0.0,0.0,0.0,4,LOW (<15%),ACCELERATING (1.2-1.5),NEGATIVE (<1x),HIGH (0.7-1.0)
2018-02-26,141,56,1.39,2.01,631,424,47,79.0,7,5,916,1016.0,4890,39.82,2.0,2018,0.07448494453248812,0.14893617021276595,1.451664025356577,0.6719492868462758,0.5949367088607594,EXHAUSTION,0.0,0.0,0.0,2,LOW (<15%),ACCELERATING (1.2-1.5),NEGATIVE (<1x),ELEVATED (0.5-0.7)
2018-02-27,58,197,1.16,1.59,577,489,37,83.0,5,5,775,1157.0,4890,31.18,2.0,2018,0.06412478336221837,0.13513513513513514,1.34315424610052,0.8474870017331022,0.4457831325301205,EXHAUSTION,0.0,0.0,0.0,1,LOW (<15%),ACCELERATING (1.2-1.5),NEGATIVE (<1x),HIGH (0.7-1.0)
2018-02-28,100,262,0.87,1.27,528,556,47,84.0,7,7,685,1316.0,4887,25.41,2.0,2018,0.08901515151515152,0.14893617021276595,1.2973484848484849,1.053030303030303,0.5595238095238095,EXHAUSTION,0.0,0.0,0.0,4,LOW (<15%),ACCELERATING (1.2-1.5),NEGATIVE (<1x),EXTREME (>1.0)
2018-03-01,112,124,0.83,0.99,507,553,42,84.0,8,6,655,1351.0,4887,24.01,2.0,2018,0.08284023668639054,0.19047619047619047,1.291913214990138,1.0907297830374754,0.5,EXHAUSTION,0.0,0.0,0.0,3,NORMAL (15-25%),ACCELERATING (1.2-1.5),NEGATIVE (<1x),EXTREME (>1.0)
2018-03-02,251,40,0.97,1.09,587,499,53,69.0,9,6,815,1221.0,4888,27.11,2.0,2018,0.09028960817717206,0.16981132075471697,1.3884156729131176,0.8500851788756388,0.7681159420289855,EXHAUSTION,0.0,0.0,0.0,4,NORMAL (15-25%),ACCELERATING (1.2-1.5),NEGATIVE (<1x),HIGH (0.7-1.0)
2018-03-05,205,38,1.1,1.22,598,447,78,47.0,15,5,883,1084.0,4889,32.95,2.0,2018,0.13043478260869565,0.19230769230769232,1.4765886287625418,0.7474916387959866,1.6595744680851063,EXHAUSTION,0.0,0.0,0.0,7,NORMAL (15-25%),ACCELERATING (1.2-1.5),WEAK (1-2x),HIGH (0.7-1.0)
2018-03-06,159,64,1.57,1.37,628,428,137,33.0,24,4,1000,1010.0,4889,37.31,2.0,2018,0.21815286624203822,0.17518248175182483,1.5923566878980893,0.6815286624203821,4.151515151515151,NEUTRAL,0.0,0.0,0.0,9,NORMAL (15-25%),STRONG ACCEL (>1.5),STRONG (3-5x),ELEVATED (0.5-0.7)
2018-03-07,131,76,2.51,1.41,663,413,128,30.0,18,5,1081,991.0,4888,39.32,2.0,2018,0.19306184012066366,0.140625,1.6304675716440422,0.6229260935143288,4.266666666666667,NEUTRAL,0.0,0.0,0.0,9,LOW (<15%),STRONG ACCEL (>1.5),STRONG (3-5x),ELEVATED (0.5-0.7)
2018-03-08,140,94,2.84,1.46,664,419,130,33.0,24,5,1080,1018.0,4877,39.47,2.0,2018,0.19578313253012047,0.18461538461538463,1.6265060240963856,0.6310240963855421,3.9393939393939394,NEUTRAL,0.0,0.0,0.0,9,NORMAL (15-25%),STRONG ACCEL (>1.5),STRONG (3-5x),ELEVATED (0.5-0.7)
2018-03-09,227,56,2.63,1.51,741,381,209,21.0,29,4,1267,895.0,4877,48.35,2.0,2018,0.28205128205128205,0.13875598086124402,1.7098515519568152,0.5141700404858299,9.952380952380953,MID_BULL,0.0,0.0,0.0,9,LOW (<15%),STRONG ACCEL (>1.5),VERY STRONG (>5x),ELEVATED (0.5-0.7)
2018-03-12,150,66,2.27,1.51,779,376,220,21.0,30,5,1331,854.0,4873,50.45,2.0,2018,0.28241335044929394,0.13636363636363635,1.7086007702182284,0.48267008985879334,10.476190476190476,MID_BULL,0.0,0.0,0.0,9,LOW (<15%),STRONG ACCEL (>1.5),VERY STRONG (>5x),MODERATE (0.3-0.5)
2018-03-13,66,117,1.75,1.64,715,387,172,24.0,23,7,1263,868.0,4873,48.67,2.0,2018,0.24055944055944056,0.13372093023255813,1.7664335664335664,0.5412587412587413,7.166666666666667,NEUTRAL,0.0,0.0,0.0,9,LOW (<15%),STRONG ACCEL (>1.5),VERY STRONG (>5x),ELEVATED (0.5-0.7)
2018-03-14,86,111,1.51,1.94,689,426,160,25.0,20,5,1193,909.0,4874,46.22,2.0,2018,0.23222060957910015,0.125,1.7314949201741654,0.6182873730043541,6.4,NEUTRAL,0.0,0.0,0.0,9,LOW (<15%),STRONG ACCEL (>1.5),VERY STRONG (>5x),ELEVATED (0.5-0.7)
2018-03-15,75,170,1.16,1.79,650,471,112,37.0,16,9,1119,980.0,4874,43.64,2.0,2018,0.1723076923076923,0.14285714285714285,1.7215384615384615,0.7246153846153847,3.027027027027027,NEUTRAL,0.0,0.0,0.0,8,LOW (<15%),STRONG ACCEL (>1.5),STRONG (3-5x),HIGH (0.7-1.0)
2018-03-16,199,81,1.06,1.65,698,431,105,41.0,20,8,1246,836.0,4875,49.0,2.0,2018,0.1504297994269341,0.19047619047619047,1.7851002865329513,0.6174785100286533,2.5609756097560976,NEUTRAL,0.0,0.0,0.0,8,NORMAL (15-25%),STRONG ACCEL (>1.5),MODERATE (2-3x),ELEVATED (0.5-0.7)
2018-03-19,45,86,0.83,1.39,640,488,94,54.0,15,7,1086,888.0,4875,42.94,2.0,2018,0.146875,0.1595744680851064,1.696875,0.7625,1.7407407407407407,EXHAUSTION,0.0,0.0,0.0,7,NORMAL (15-25%),STRONG ACCEL (>1.5),WEAK (1-2x),HIGH (0.7-1.0)
2018-03-20,78,79,0.92,1.28,637,498,104,47.0,21,5,1092,886.0,4878,42.84,2.0,2018,0.16326530612244897,0.20192307692307693,1.7142857142857142,0.7817896389324961,2.2127659574468086,NEUTRAL,0.0,0.0,0.0,8,NORMAL (15-25%),STRONG ACCEL (>1.5),MODERATE (2-3x),HIGH (0.7-1.0)
2018-03-21,209,41,1.33,1.42,669,464,110,43.0,21,6,1173,782.0,4878,47.48,2.0,2018,0.16442451420029897,0.19090909090909092,1.7533632286995515,0.6935724962630793,2.558139534883721,NEUTRAL,0.0,0.0,0.0,8,NORMAL (15-25%),STRONG ACCEL (>1.5),MODERATE (2-3x),ELEVATED (0.5-0.7)
2018-03-22,43,301,0.98,1.06,579,550,84,44.0,18,5,969,840.0,4879,32.93,2.0,2018,0.14507772020725387,0.21428571428571427,1.6735751295336787,0.9499136442141624,1.9090909090909092,EXHAUSTION,0.0,0.0,0.0,7,NORMAL (15-25%),STRONG ACCEL (>1.5),WEAK (1-2x),HIGH (0.7-1.0)
2018-03-23,57,275,0.55,0.76,517,610,68,58.0,12,5,855,967.0,4882,25.62,2.0,2018,0.13152804642166344,0.17647058823529413,1.6537717601547388,1.1798839458413926,1.1724137931034482,EXHAUSTION,0.0,0.0,0.0,7,NORMAL (15-25%),STRONG ACCEL (>1.5),WEAK (1-2x),EXTREME (>1.0)
2018-03-26,198,85,0.75,0.78,575,565,72,61.0,15,6,951,822.0,4882,35.86,2.0,2018,0.12521739130434784,0.20833333333333334,1.653913043478261,0.9826086956521739,1.180327868852459,EXHAUSTION,0.0,0.0,0.0,6,NORMAL (15-25%),STRONG ACCEL (>1.5),WEAK (1-2x),HIGH (0.7-1.0)
2018-03-27,43,282,0.56,0.68,493,640,66,71.0,16,6,771,999.0,4885,31.15,2.0,2018,0.13387423935091278,0.24242424242424243,1.563894523326572,1.2981744421906694,0.9295774647887324,EXHAUSTION,0.0,0.0,0.0,7,NORMAL (15-25%),STRONG ACCEL (>1.5),NEGATIVE (<1x),EXTREME (>1.0)
2018-03-28,76,197,0.37,0.64,464,673,65,59.0,14,9,736,1035.0,4884,32.57,2.0,2018,0.1400862068965517,0.2153846153846154,1.5862068965517242,1.4504310344827587,1.1016949152542372,EXHAUSTION,0.0,0.0,0.0,7,NORMAL (15-25%),STRONG ACCEL (>1.5),WEAK (1-2x),EXTREME (>1.0)
2018-03-29,164,68,0.59,0.74,504,636,74,48.0,15,10,783,910.0,4886,38.74,2.0,2018,0.14682539682539683,0.20270270270270271,1.5535714285714286,1.2619047619047619,1.5416666666666667,EXHAUSTION,0.0,0.0,0.0,7,NORMAL (15-25%),STRONG ACCEL (>1.5),WEAK (1-2x),EXTREME (>1.0)
2018-04-02,46,311,0.56,0.56,433,722,49,72.0,8,13,603,1160.0,4887,27.32,2.0,2018,0.11316397228637413,0.16326530612244897,1.3926096997690531,1.6674364896073903,0.6805555555555556,EXHAUSTION,0.0,0.0,0.0,6,NORMAL (15-25%),ACCELERATING (1.2-1.5),NEGATIVE (<1x),EXTREME (>1.0)
2018-04-03,147,77,0.51,0.62,461,704,51,76.0,10,10,639,1050.0,4884,35.61,2.0,2018,0.11062906724511931,0.19607843137254902,1.386117136659436,1.527114967462039,0.6710526315789473,EXHAUSTION,0.0,0.0,0.0,5,NORMAL (15-25%),ACCELERATING (1.2-1.5),NEGATIVE (<1x),EXTREME (>1.0)
2018-04-04,195,37,0.91,0.7,523,635,50,55.0,10,10,702,936.0,4882,43.35,2.0,2018,0.09560229445506692,0.2,1.3422562141491396,1.21414913957935,0.9090909090909091,EXHAUSTION,0.0,0.0,0.0,4,NORMAL (15-25%),ACCELERATING (1.2-1.5),NEGATIVE (<1x),EXTREME (>1.0)
2018-04-05,173,46,1.35,0.68,540,610,44,63.0,7,10,778,867.0,4881,50.07,2.0,2018,0.08148148148148149,0.1590909090909091,1.4407407407407407,1.1296296296296295,0.6984126984126984,EXHAUSTION,0.0,0.0,0.0,3,NORMAL (15-25%),ACCELERATING (1.2-1.5),NEGATIVE (<1x),EXTREME (>1.0)
2018-04-06,47,184,0.93,0.73,360,582,28,63.0,8,9,488,868.0,4880,37.64,2.0,2018,0.07777777777777778,0.2857142857142857,1.3555555555555556,1.6166666666666667,0.4444444444444444,EXHAUSTION,0.0,0.0,0.0,3,ELEVATED (25-35%),ACCELERATING (1.2-1.5),NEGATIVE (<1x),EXTREME (>1.0)
2018-04-09,88,83,1.52,0.86,460,680,25,78.0,11,11,639,1002.0,4881,37.89,2.0,2018,0.05434782608695652,0.44,1.3891304347826088,1.4782608695652173,0.32051282051282054,EXHAUSTION,0.0,0.0,0.0,1,HIGH (35-50%),ACCELERATING (1.2-1.5),NEGATIVE (<1x),EXTREME (>1.0)
2018-04-10,363,37,2.24,1.02,539,575,27,64.0,7,9,802,808.0,4883,47.03,2.0,2018,0.05009276437847866,0.25925925925925924,1.4879406307977736,1.0667903525046383,0.421875,EXHAUSTION,0.0,0.0,0.0,0,ELEVATED (25-35%),ACCELERATING (1.2-1.5),NEGATIVE (<1x),EXTREME (>1.0)
2018-04-11,146,36,2.12,1.34,562,554,30,53.0,7,9,846,753.0,4881,47.44,2.0,2018,0.05338078291814947,0.23333333333333334,1.5053380782918149,0.9857651245551602,0.5660377358490566,EXHAUSTION,0.0,0.0,0.0,1,NORMAL (15-25%),STRONG ACCEL (>1.5),NEGATIVE (<1x),HIGH (0.7-1.0)
2018-04-12,141,47,2.03,1.63,597,511,36,41.0,6,9,882,710.0,4832,47.4,2.0,2018,0.06030150753768844,0.16666666666666666,1.4773869346733668,0.8559463986599665,0.8780487804878049,EXHAUSTION,0.0,0.0,0.0,1,NORMAL (15-25%),ACCELERATING (1.2-1.5),NEGATIVE (<1x),HIGH (0.7-1.0)
2018-04-13,60,61,3.02,1.53,574,518,40,42.0,6,8,864,726.0,4819,45.94,2.0,2018,0.06968641114982578,0.15,1.505226480836237,0.9024390243902439,0.9523809523809523,EXHAUSTION,0.0,0.0,0.0,2,LOW (<15%),STRONG ACCEL (>1.5),NEGATIVE (<1x),HIGH (0.7-1.0)
2018-04-16,128,76,3.26,2.18,601,503,35,44.0,6,9,928,673.0,4823,55.82,2.0,2018,0.05823627287853577,0.17142857142857143,1.5440931780366056,0.8369384359400999,0.7954545454545454,EXHAUSTION,0.0,0.0,0.0,1,NORMAL (15-25%),STRONG ACCEL (>1.5),NEGATIVE (<1x),HIGH (0.7-1.0)
2018-04-17,179,45,2.47,2.33,687,469,49,37.0,6,7,1085,603.0,4823,61.93,2.0,2018,0.07132459970887918,0.12244897959183673,1.579330422125182,0.6826783114992722,1.3243243243243243,EXHAUSTION,0.0,0.0,0.0,2,LOW (<15%),STRONG ACCEL (>1.5),WEAK (1-2x),ELEVATED (0.5-0.7)
2018-04-18,154,49,2.38,2.23,714,449,51,37.0,5,7,1101,582.0,4826,64.8,2.0,2018,0.07142857142857142,0.09803921568627451,1.5420168067226891,0.6288515406162465,1.3783783783783783,EXHAUSTION,0.0,0.0,0.0,2,LOW (<15%),STRONG ACCEL (>1.5),WEAK (1-2x),ELEVATED (0.5-0.7)
2018-04-19,61,139,1.57,1.81,670,483,34,42.0,2,8,964,642.0,4826,59.66,2.0,2018,0.050746268656716415,0.058823529411764705,1.4388059701492537,0.7208955223880597,0.8095238095238095,EXHAUSTION,0.0,0.0,0.0,0,LOW (<15%),ACCELERATING (1.2-1.5),NEGATIVE (<1x),HIGH (0.7-1.0)
2018-04-20,53,81,1.47,2.1,665,498,41,39.0,4,8,872,685.0,4830,55.16,2.0,2018,0.061654135338345864,0.0975609756097561,1.3112781954887218,0.7488721804511278,1.0512820512820513,EXHAUSTION,0.0,0.0,0.0,1,LOW (<15%),ACCELERATING (1.2-1.5),WEAK (1-2x),HIGH (0.7-1.0)
2018-04-23,63,117,1.18,1.96,636,505,46,43.0,2,9,837,706.0,4830,55.52,2.0,2018,0.07232704402515723,0.043478260869565216,1.3160377358490567,0.7940251572327044,1.069767441860465,EXHAUSTION,0.0,0.0,0.0,2,LOW (<15%),ACCELERATING (1.2-1.5),WEAK (1-2x),HIGH (0.7-1.0)
2018-04-24,58,159,0.71,1.29,603,523,31,48.0,4,7,760,782.0,4830,48.74,2.0,2018,0.05140961857379768,0.12903225806451613,1.2603648424543947,0.867330016583748,0.6458333333333334,EXHAUSTION,0.0,0.0,0.0,0,LOW (<15%),ACCELERATING (1.2-1.5),NEGATIVE (<1x),HIGH (0.7-1.0)
2018-04-25,78,89,0.54,1.13,582,514,59,37.0,6,6,742,773.0,4830,49.72,2.0,2018,0.1013745704467354,0.1016949152542373,1.274914089347079,0.8831615120274914,1.5945945945945945,EXHAUSTION,0.0,0.0,0.0,5,LOW (<15%),ACCELERATING (1.2-1.5),WEAK (1-2x),HIGH (0.7-1.0)
2018-04-26,167,102,0.76,1.09,625,492,75,26.0,4,6,810,752.0,4833,53.95,2.0,2018,0.12,0.05333333333333334,1.296,0.7872,2.8846153846153846,EXHAUSTION,0.0,0.0,0.0,6,LOW (<15%),ACCELERATING (1.2-1.5),MODERATE (2-3x),HIGH (0.7-1.0)
2018-04-27,114,99,0.85,1.1,618,499,71,36.0,4,3,812,765.0,4835,54.02,2.0,2018,0.11488673139158576,0.056338028169014086,1.313915857605178,0.8074433656957929,1.9722222222222223,EXHAUSTION,0.0,0.0,0.0,6,LOW (<15%),ACCELERATING (1.2-1.5),WEAK (1-2x),HIGH (0.7-1.0)
2018-04-30,74,115,0.87,1.01,594,523,94,29.0,10,3,754,769.0,4835,48.82,2.0,2018,0.15824915824915825,0.10638297872340426,1.2693602693602695,0.8804713804713805,3.2413793103448274,NEUTRAL,0.0,0.0,0.0,8,LOW (<15%),ACCELERATING (1.2-1.5),STRONG (3-5x),HIGH (0.7-1.0)
2018-05-01,122,83,1.14,0.91,625,471,79,32.0,10,4,754,769.0,4837,49.77,2.0,2018,0.1264,0.12658227848101267,1.2064,0.7536,2.46875,EXHAUSTION,0.0,0.0,0.0,6,LOW (<15%),ACCELERATING (1.2-1.5),MODERATE (2-3x),HIGH (0.7-1.0)
2018-05-02,196,102,1.34,0.91,685,457,85,34.0,9,4,856,695.0,4840,48.34,2.0,2018,0.12408759124087591,0.10588235294117647,1.2496350364963504,0.6671532846715329,2.5,EXHAUSTION,0.0,0.0,0.0,6,LOW (<15%),ACCELERATING (1.2-1.5),MODERATE (2-3x),ELEVATED (0.5-0.7)
2018-05-03,118,181,1.08,0.92,657,470,63,37.0,5,6,816,750.0,4843,45.41,2.0,2018,0.0958904109589041,0.07936507936507936,1.2420091324200913,0.715372907153729,1.7027027027027026,EXHAUSTION,0.0,0.0,0.0,4,LOW (<15%),ACCELERATING (1.2-1.5),WEAK (1-2x),HIGH (0.7-1.0)
2018-05-04,177,70,1.25,1.04,707,438,105,29.0,11,5,938,650.0,4846,53.54,2.0,2018,0.1485148514851485,0.10476190476190476,1.3267326732673268,0.6195190947666195,3.6206896551724137,EXHAUSTION,0.0,0.0,0.0,7,LOW (<15%),ACCELERATING (1.2-1.5),STRONG (3-5x),ELEVATED (0.5-0.7)
2018-05-07,170,50,1.61,1.21,752,389,123,25.0,10,4,1056,597.0,4845,56.52,2.0,2018,0.16356382978723405,0.08130081300813008,1.4042553191489362,0.5172872340425532,4.92,NEUTRAL,0.0,0.0,0.0,8,LOW (<15%),ACCELERATING (1.2-1.5),STRONG (3-5x),ELEVATED (0.5-0.7)
2018-05-08,143,128,1.51,1.33,763,392,91,32.0,9,5,1095,605.0,4846,57.35,2.0,2018,0.11926605504587157,0.0989010989010989,1.4351245085190039,0.5137614678899083,2.84375,EXHAUSTION,0.0,0.0,0.0,6,LOW (<15%),ACCELERATING (1.2-1.5),MODERATE (2-3x),ELEVATED (0.5-0.7)
2018-05-09,210,114,1.51,1.43,824,398,98,38.0,10,4,1224,556.0,4848,60.26,2.0,2018,0.11893203883495146,0.10204081632653061,1.4854368932038835,0.4830097087378641,2.5789473684210527,EXHAUSTION,0.0,0.0,0.0,6,LOW (<15%),ACCELERATING (1.2-1.5),MODERATE (2-3x),MODERATE (0.3-0.5)
2018-05-10,123,120,1.71,1.36,822,398,98,42.0,15,4,1272,542.0,4850,63.71,2.0,2018,0.1192214111922141,0.15306122448979592,1.5474452554744527,0.48418491484184917,2.3333333333333335,EXHAUSTION,0.0,0.0,0.0,6,NORMAL (15-25%),STRONG ACCEL (>1.5),MODERATE (2-3x),MODERATE (0.3-0.5)
2018-05-11,136,92,1.55,1.39,843,387,112,34.0,16,5,1268,534.0,4852,65.33,2.0,2018,0.132858837485172,0.14285714285714285,1.5041518386714117,0.45907473309608543,3.2941176470588234,EXHAUSTION,0.0,0.0,0.0,7,LOW (<15%),STRONG ACCEL (>1.5),STRONG (3-5x),MODERATE (0.3-0.5)
2018-05-14,165,66,1.49,1.55,823,363,105,37.0,14,5,1260,512.0,4849,63.28,2.0,2018,0.1275820170109356,0.13333333333333333,1.5309842041312272,0.44106925880923453,2.8378378378378377,EXHAUSTION,0.0,0.0,0.0,6,LOW (<15%),STRONG ACCEL (>1.5),MODERATE (2-3x),MODERATE (0.3-0.5)
2018-05-15,102,88,1.53,1.52,803,356,96,43.0,17,6,1245,525.0,4850,59.74,2.0,2018,0.11955168119551682,0.17708333333333334,1.5504358655043586,0.44333748443337484,2.2325581395348837,EXHAUSTION,0.0,0.0,0.0,6,NORMAL (15-25%),STRONG ACCEL (>1.5),MODERATE (2-3x),MODERATE (0.3-0.5)
2018-05-16,168,63,1.62,1.56,839,341,97,41.0,12,6,1342,490.0,4850,62.78,2.0,2018,0.11561382598331346,0.12371134020618557,1.599523241954708,0.4064362336114422,2.3658536585365852,EXHAUSTION,0.0,0.0,0.0,6,LOW (<15%),STRONG ACCEL (>1.5),MODERATE (2-3x),MODERATE (0.3-0.5)
2018-05-17,149,58,1.96,1.82,865,331,122,38.0,11,5,1384,463.0,4850,64.03,2.0,2018,0.14104046242774568,0.09016393442622951,1.6,0.38265895953757223,3.210526315789474,EXHAUSTION,0.0,0.0,0.0,7,LOW (<15%),STRONG ACCEL (>1.5),STRONG (3-5x),MODERATE (0.3-0.5)
2018-05-18,99,74,1.96,1.72,851,332,138,31.0,14,5,1321,465.0,4849,64.56,2.0,2018,0.16216216216216217,0.10144927536231885,1.5522914218566393,0.3901292596944771,4.451612903225806,NEUTRAL,0.0,0.0,0.0,8,LOW (<15%),STRONG ACCEL (>1.5),STRONG (3-5x),MODERATE (0.3-0.5)
2018-05-21,97,92,1.64,1.56,863,336,132,19.0,13,2,1384,483.0,4849,68.27,2.0,2018,0.15295480880648898,0.09848484848484848,1.6037079953650057,0.38933951332560834,6.947368421052632,NEUTRAL,0.0,0.0,0.0,8,LOW (<15%),STRONG ACCEL (>1.5),VERY STRONG (>5x),MODERATE (0.3-0.5)
2018-05-22,79,110,1.49,1.51,828,350,126,21.0,10,3,1296,512.0,4849,65.83,2.0,2018,0.15217391304347827,0.07936507936507936,1.565217391304348,0.4227053140096618,6.0,NEUTRAL,0.0,0.0,0.0,8,LOW (<15%),STRONG ACCEL (>1.5),VERY STRONG (>5x),MODERATE (0.3-0.5)
2018-05-23,85,68,1.27,1.45,832,346,143,27.0,12,3,1306,512.0,4851,66.13,2.0,2018,0.171875,0.08391608391608392,1.5697115384615385,0.41586538461538464,5.296296296296297,NEUTRAL,0.0,0.0,0.0,8,LOW (<15%),STRONG ACCEL (>1.5),VERY STRONG (>5x),MODERATE (0.3-0.5)
2018-05-24,80,59,1.09,1.51,821,352,132,25.0,13,3,1282,523.0,4859,65.33,2.0,2018,0.1607795371498173,0.09848484848484848,1.561510353227771,0.4287454323995128,5.28,NEUTRAL,0.0,0.0,0.0,8,LOW (<15%),STRONG ACCEL (>1.5),VERY STRONG (>5x),MODERATE (0.3-0.5)
2018-05-25,81,123,0.93,1.38,813,351,126,27.0,14,4,1193,566.0,4859,64.03,2.0,2018,0.15498154981549817,0.1111111111111111,1.4674046740467406,0.4317343173431734,4.666666666666667,NEUTRAL,0.0,0.0,0.0,8,LOW (<15%),ACCELERATING (1.2-1.5),STRONG (3-5x),MODERATE (0.3-0.5)
2018-05-29,89,132,0.84,1.19,806,350,145,24.0,19,2,1151,593.0,4858,58.42,2.0,2018,0.17990074441687345,0.1310344827586207,1.4280397022332507,0.43424317617866004,6.041666666666667,NEUTRAL,0.0,0.0,0.0,8,LOW (<15%),ACCELERATING (1.2-1.5),VERY STRONG (>5x),MODERATE (0.3-0.5)
2018-05-30,205,50,1.25,1.37,899,332,158,25.0,19,2,1285,525.0,4860,66.93,2.0,2018,0.1757508342602892,0.12025316455696203,1.4293659621802002,0.3692992213570634,6.32,NEUTRAL,0.0,0.0,0.0,8,LOW (<15%),ACCELERATING (1.2-1.5),VERY STRONG (>5x),MODERATE (0.3-0.5)
2018-05-31,98,120,1.14,1.2,870,348,146,30.0,17,3,1198,598.0,4859,60.7,2.0,2018,0.167816091954023,0.11643835616438356,1.3770114942528735,0.4,4.866666666666666,NEUTRAL,0.0,0.0,0.0,8,LOW (<15%),ACCELERATING (1.2-1.5),STRONG (3-5x),MODERATE (0.3-0.5)
2018-06-01,125,65,1.22,1.16,906,331,155,29.0,19,5,1293,571.0,4858,62.52,2.0,2018,0.17108167770419427,0.12258064516129032,1.4271523178807948,0.36534216335540837,5.344827586206897,NEUTRAL,0.0,0.0,0.0,8,LOW (<15%),ACCELERATING (1.2-1.5),VERY STRONG (>5x),MODERATE (0.3-0.5)
2018-06-04,109,122,1.28,1.11,910,344,139,31.0,20,4,1317,595.0,4859,65.2,2.0,2018,0.15274725274725276,0.14388489208633093,1.4472527472527472,0.378021978021978,4.483870967741935,NEUTRAL,0.0,0.0,0.0,8,LOW (<15%),ACCELERATING (1.2-1.5),STRONG (3-5x),MODERATE (0.3-0.5)
2018-06-05,177,45,1.78,1.26,934,326,133,30.0,17,4,1400,555.0,4858,65.65,2.0,2018,0.1423982869379015,0.12781954887218044,1.4989293361884368,0.3490364025695932,4.433333333333334,EXHAUSTION,0.0,0.0,0.0,7,LOW (<15%),ACCELERATING (1.2-1.5),STRONG (3-5x),MODERATE (0.3-0.5)
2018-06-06,136,62,1.56,1.4,954,318,144,24.0,17,3,1472,524.0,4859,68.27,2.0,2018,0.1509433962264151,0.11805555555555555,1.5429769392033543,0.3333333333333333,6.0,NEUTRAL,0.0,0.0,0.0,8,LOW (<15%),STRONG ACCEL (>1.5),VERY STRONG (>5x),MODERATE (0.3-0.5)
2018-06-07,108,100,1.66,1.38,923,326,114,31.0,9,4,1427,540.0,4858,68.92,2.0,2018,0.12351029252437704,0.07894736842105263,1.5460455037919827,0.3531960996749729,3.6774193548387095,EXHAUSTION,0.0,0.0,0.0,6,LOW (<15%),STRONG ACCEL (>1.5),STRONG (3-5x),MODERATE (0.3-0.5)
2018-06-08,106,55,1.66,1.41,932,327,119,31.0,10,4,1450,527.0,4859,69.62,2.0,2018,0.1276824034334764,0.08403361344537816,1.555793991416309,0.35085836909871243,3.838709677419355,EXHAUSTION,0.0,0.0,0.0,6,LOW (<15%),STRONG ACCEL (>1.5),STRONG (3-5x),MODERATE (0.3-0.5)
2018-06-11,159,81,2.0,1.58,957,324,109,25.0,10,2,1502,500.0,4859,71.08,2.0,2018,0.11389759665621735,0.09174311926605505,1.5694879832810866,0.3385579937304075,4.36,EXHAUSTION,0.0,0.0,0.0,6,LOW (<15%),STRONG ACCEL (>1.5),STRONG (3-5x),MODERATE (0.3-0.5)
2018-06-12,134,60,1.8,1.79,970,317,124,27.0,10,4,1501,485.0,4860,70.99,2.0,2018,0.12783505154639174,0.08064516129032258,1.5474226804123712,0.3268041237113402,4.592592592592593,EXHAUSTION,0.0,0.0,0.0,6,LOW (<15%),STRONG ACCEL (>1.5),STRONG (3-5x),MODERATE (0.3-0.5)
2018-06-13,93,81,1.59,1.57,946,318,122,28.0,13,3,1387,496.0,4861,66.13,2.0,2018,0.12896405919661733,0.10655737704918032,1.4661733615221988,0.3361522198731501,4.357142857142857,EXHAUSTION,0.0,0.0,0.0,7,LOW (<15%),ACCELERATING (1.2-1.5),STRONG (3-5x),MODERATE (0.3-0.5)
2018-06-14,106,66,1.74,1.7,958,313,109,30.0,16,5,1407,502.0,4866,66.02,2.0,2018,0.11377870563674322,0.14678899082568808,1.4686847599164927,0.3267223382045929,3.6333333333333333,EXHAUSTION,0.0,0.0,0.0,6,LOW (<15%),ACCELERATING (1.2-1.5),STRONG (3-5x),MODERATE (0.3-0.5)
2018-06-15,132,117,1.54,1.6,948,311,111,37.0,21,3,1391,531.0,4868,64.0,2.0,2018,0.11708860759493671,0.1891891891891892,1.4672995780590716,0.3280590717299578,3.0,EXHAUSTION,0.0,0.0,0.0,6,NORMAL (15-25%),ACCELERATING (1.2-1.5),MODERATE (2-3x),MODERATE (0.3-0.5)
2018-06-18,101,70,1.44,1.7,981,313,125,28.0,25,4,1417,515.0,4868,65.23,2.0,2018,0.127420998980632,0.2,1.4444444444444444,0.31906218144750254,4.464285714285714,EXHAUSTION,0.0,0.0,0.0,6,NORMAL (15-25%),ACCELERATING (1.2-1.5),STRONG (3-5x),MODERATE (0.3-0.5)
2018-06-19,84,88,1.22,1.49,966,307,110,28.0,28,4,1326,543.0,4867,63.8,2.0,2018,0.11387163561076605,0.2545454545454545,1.3726708074534162,0.31780538302277433,3.9285714285714284,EXHAUSTION,0.0,0.0,0.0,6,ELEVATED (25-35%),ACCELERATING (1.2-1.5),STRONG (3-5x),MODERATE (0.3-0.5)
2018-06-20,179,62,1.49,1.54,1032,287,140,21.0,28,5,1366,509.0,4871,65.78,2.0,2018,0.13565891472868216,0.2,1.323643410852713,0.27810077519379844,6.666666666666667,EXHAUSTION,0.0,0.0,0.0,7,NORMAL (15-25%),ACCELERATING (1.2-1.5),VERY STRONG (>5x),LOW (<0.3)
2018-06-21,53,204,1.01,1.3,953,320,110,18.0,17,5,1154,583.0,4871,60.42,2.0,2018,0.11542497376705142,0.15454545454545454,1.210912906610703,0.3357817418677859,6.111111111111111,EXHAUSTION,0.0,0.0,0.0,6,NORMAL (15-25%),ACCELERATING (1.2-1.5),VERY STRONG (>5x),MODERATE (0.3-0.5)
2018-06-22,272,130,1.24,1.37,983,291,110,15.0,23,4,1205,551.0,4872,63.08,2.0,2018,0.11190233977619532,0.20909090909090908,1.2258392675483214,0.2960325534079349,7.333333333333333,EXHAUSTION,0.0,0.0,0.0,5,NORMAL (15-25%),ACCELERATING (1.2-1.5),VERY STRONG (>5x),LOW (<0.3)
2018-06-25,37,128,1.02,1.18,903,330,91,19.0,18,4,984,655.0,4871,53.75,2.0,2018,0.10077519379844961,0.1978021978021978,1.089700996677741,0.3654485049833887,4.7894736842105265,EXHAUSTION,0.0,0.0,0.0,5,NORMAL (15-25%),SLIGHT ACCEL (1.0-1.2),STRONG (3-5x),MODERATE (0.3-0.5)
2018-06-26,118,58,1.13,1.17,921,316,96,22.0,18,3,1007,608.0,4874,56.76,2.0,2018,0.10423452768729642,0.1875,1.0933767643865364,0.34310532030401736,4.363636363636363,EXHAUSTION,0.0,0.0,0.0,5,NORMAL (15-25%),SLIGHT ACCEL (1.0-1.2),STRONG (3-5x),MODERATE (0.3-0.5)
2018-06-27,63,243,0.71,0.98,811,366,75,34.0,16,6,851,762.0,4884,48.33,2.0,2018,0.09247842170160296,0.21333333333333335,1.0493218249075216,0.45129469790382243,2.2058823529411766,EXHAUSTION,0.0,0.0,0.0,4,NORMAL (15-25%),SLIGHT ACCEL (1.0-1.2),MODERATE (2-3x),MODERATE (0.3-0.5)
2018-06-28,102,109,0.89,0.94,814,366,82,32.0,15,6,844,738.0,4890,47.45,2.0,2018,0.10073710073710074,0.18292682926829268,1.0368550368550369,0.44963144963144963,2.5625,EXHAUSTION,0.0,0.0,0.0,5,NORMAL (15-25%),SLIGHT ACCEL (1.0-1.2),MODERATE (2-3x),MODERATE (0.3-0.5)
2018-06-29,93,68,0.68,0.95,803,373,73,32.0,15,6,831,728.0,4888,48.55,2.0,2018,0.09090909090909091,0.2054794520547945,1.0348692403486923,0.46450809464508097,2.28125,EXHAUSTION,0.0,0.0,0.0,4,NORMAL (15-25%),SLIGHT ACCEL (1.0-1.2),MODERATE (2-3x),MODERATE (0.3-0.5)
2018-07-02,95,60,0.88,0.95,829,362,73,30.0,13,7,870,716.0,4888,48.7,2.0,2018,0.08805790108564536,0.1780821917808219,1.0494571773220749,0.436670687575392,2.433333333333333,EXHAUSTION,0.0,0.0,0.0,3,NORMAL (15-25%),SLIGHT ACCEL (1.0-1.2),MODERATE (2-3x),MODERATE (0.3-0.5)
2018-07-03,63,35,0.81,0.98,837,357,71,29.0,14,7,876,705.0,4887,52.05,2.0,2018,0.08482676224611709,0.19718309859154928,1.0465949820788532,0.4265232974910394,2.4482758620689653,EXHAUSTION,0.0,0.0,0.0,3,NORMAL (15-25%),SLIGHT ACCEL (1.0-1.2),MODERATE (2-3x),MODERATE (0.3-0.5)
2018-07-05,167,47,1.63,0.98,892,340,71,29.0,16,8,977,644.0,4886,57.34,2.0,2018,0.0795964125560538,0.22535211267605634,1.095291479820628,0.3811659192825112,2.4482758620689653,EXHAUSTION,0.0,0.0,0.0,3,NORMAL (15-25%),SLIGHT ACCEL (1.0-1.2),MODERATE (2-3x),MODERATE (0.3-0.5)
2018-07-06,129,45,2.15,1.23,921,324,69,29.0,17,7,1066,583.0,4887,60.54,2.0,2018,0.0749185667752443,0.2463768115942029,1.1574375678610207,0.3517915309446254,2.3793103448275863,EXHAUSTION,0.0,0.0,0.0,2,NORMAL (15-25%),SLIGHT ACCEL (1.0-1.2),MODERATE (2-3x),MODERATE (0.3-0.5)
2018-07-09,131,64,2.33,1.16,959,313,66,28.0,16,7,1090,524.0,4886,66.63,2.0,2018,0.06882168925964546,0.24242424242424243,1.1366006256517205,0.32638164754953075,2.357142857142857,EXHAUSTION,0.0,0.0,0.0,2,NORMAL (15-25%),SLIGHT ACCEL (1.0-1.2),MODERATE (2-3x),MODERATE (0.3-0.5)
2018-07-10,85,98,1.99,1.26,927,335,61,34.0,15,7,1030,532.0,4868,65.45,2.0,2018,0.06580366774541532,0.2459016393442623,1.1111111111111112,0.36138079827400216,1.7941176470588236,EXHAUSTION,0.0,0.0,0.0,2,NORMAL (15-25%),SLIGHT ACCEL (1.0-1.2),WEAK (1-2x),MODERATE (0.3-0.5)
2018-07-11,45,144,1.4,1.07,839,336,53,39.0,10,7,902,611.0,4868,57.46,2.0,2018,0.0631704410011919,0.18867924528301888,1.0750893921334923,0.40047675804529204,1.358974358974359,EXHAUSTION,0.0,0.0,0.0,1,NORMAL (15-25%),SLIGHT ACCEL (1.0-1.2),WEAK (1-2x),MODERATE (0.3-0.5)
2018-07-12,129,65,1.25,1.41,846,318,60,34.0,11,7,979,574.0,4866,57.94,2.0,2018,0.07092198581560284,0.18333333333333332,1.157210401891253,0.375886524822695,1.7647058823529411,EXHAUSTION,0.0,0.0,0.0,2,NORMAL (15-25%),SLIGHT ACCEL (1.0-1.2),WEAK (1-2x),MODERATE (0.3-0.5)
2018-07-13,68,69,1.04,1.45,842,321,54,35.0,11,6,944,569.0,4868,58.4,2.0,2018,0.06413301662707839,0.2037037037037037,1.1211401425178147,0.3812351543942993,1.542857142857143,EXHAUSTION,0.0,0.0,0.0,1,NORMAL (15-25%),SLIGHT ACCEL (1.0-1.2),WEAK (1-2x),MODERATE (0.3-0.5)
2018-07-16,44,165,0.69,1.21,784,350,48,44.0,8,7,827,642.0,4868,54.34,2.0,2018,0.061224489795918366,0.16666666666666666,1.0548469387755102,0.44642857142857145,1.0909090909090908,EXHAUSTION,0.0,0.0,0.0,1,NORMAL (15-25%),SLIGHT ACCEL (1.0-1.2),WEAK (1-2x),MODERATE (0.3-0.5)
2018-07-17,102,60,0.77,1.22,811,340,45,45.0,6,6,837,602.0,4869,55.24,2.0,2018,0.055487053020961775,0.13333333333333333,1.0320591861898891,0.4192355117139334,1.0,EXHAUSTION,0.0,0.0,0.0,1,LOW (<15%),SLIGHT ACCEL (1.0-1.2),NEGATIVE (<1x),MODERATE (0.3-0.5)
2018-07-18,103,65,1.05,1.22,799,340,40,38.0,5,8,834,577.0,4875,57.49,2.0,2018,0.05006257822277847,0.125,1.0438047559449313,0.425531914893617,1.0526315789473684,EXHAUSTION,0.0,0.0,0.0,0,LOW (<15%),SLIGHT ACCEL (1.0-1.2),WEAK (1-2x),MODERATE (0.3-0.5)
2018-07-19,102,63,0.99,1.12,816,331,33,46.0,7,8,866,580.0,4881,60.87,2.0,2018,0.04044117647058824,0.21212121212121213,1.0612745098039216,0.4056372549019608,0.717391304347826,EXHAUSTION,0.0,0.0,0.0,0,NORMAL (15-25%),SLIGHT ACCEL (1.0-1.2),NEGATIVE (<1x),MODERATE (0.3-0.5)
2018-07-20,58,73,0.96,1.0,795,336,41,41.0,9,8,776,609.0,4879,57.62,2.0,2018,0.05157232704402516,0.21951219512195122,0.9761006289308176,0.4226415094339623,1.0,EXHAUSTION,0.0,0.0,0.0,0,NORMAL (15-25%),FLAT (0.8-1.0),NEGATIVE (<1x),MODERATE (0.3-0.5)
2018-07-23,85,67,1.37,0.94,785,327,32,43.0,8,11,733,623.0,4878,55.17,2.0,2018,0.04076433121019108,0.25,0.9337579617834395,0.41656050955414015,0.7441860465116279,EXHAUSTION,0.0,0.0,0.0,0,NORMAL (15-25%),FLAT (0.8-1.0),NEGATIVE (<1x),MODERATE (0.3-0.5)
2018-07-24,60,223,0.83,0.8,727,354,33,40.0,7,10,672,680.0,4877,53.24,2.0,2018,0.0453920220082531,0.21212121212121213,0.9243466299862448,0.48693259972489683,0.825,EXHAUSTION,0.0,0.0,0.0,0,NORMAL (15-25%),FLAT (0.8-1.0),NEGATIVE (<1x),MODERATE (0.3-0.5)
2018-07-25,111,105,0.78,0.9,770,349,40,47.0,8,10,725,703.0,4881,53.51,2.0,2018,0.05194805194805195,0.2,0.9415584415584416,0.45324675324675323,0.851063829787234,EXHAUSTION,0.0,0.0,0.0,0,NORMAL (15-25%),FLAT (0.8-1.0),NEGATIVE (<1x),MODERATE (0.3-0.5)
2018-07-26,145,120,0.78,0.87,785,351,62,34.0,11,9,786,686.0,4886,57.64,2.0,2018,0.07898089171974522,0.1774193548387097,1.0012738853503185,0.44713375796178345,1.8235294117647058,EXHAUSTION,0.0,0.0,0.0,3,NORMAL (15-25%),SLIGHT ACCEL (1.0-1.2),WEAK (1-2x),MODERATE (0.3-0.5)
2018-07-27,65,365,0.53,0.67,646,404,52,42.0,9,9,485,824.0,4888,49.3,2.0,2018,0.0804953560371517,0.17307692307692307,0.7507739938080495,0.6253869969040248,1.2380952380952381,EXHAUSTION,0.0,0.0,0.0,3,NORMAL (15-25%),DECELERATING (<0.8),WEAK (1-2x),ELEVATED (0.5-0.7)
2018-07-30,70,198,0.45,0.67,612,431,52,51.0,6,9,540,904.0,4888,48.35,2.0,2018,0.08496732026143791,0.11538461538461539,0.8823529411764706,0.704248366013072,1.0196078431372548,EXHAUSTION,0.0,0.0,0.0,3,LOW (<15%),FLAT (0.8-1.0),WEAK (1-2x),HIGH (0.7-1.0)
2018-07-31,183,86,0.66,0.72,656,407,47,43.0,6,10,657,807.0,4887,53.86,2.0,2018,0.07164634146341463,0.1276595744680851,1.0015243902439024,0.6204268292682927,1.0930232558139534,EXHAUSTION,0.0,0.0,0.0,2,LOW (<15%),SLIGHT ACCEL (1.0-1.2),WEAK (1-2x),ELEVATED (0.5-0.7)
2018-08-01,132,133,0.66,0.71,647,430,48,45.0,4,9,669,852.0,4888,49.65,2.0,2018,0.07418856259659969,0.08333333333333333,1.0340030911901081,0.6646058732612056,1.0666666666666667,EXHAUSTION,0.0,0.0,0.0,2,LOW (<15%),SLIGHT ACCEL (1.0-1.2),WEAK (1-2x),ELEVATED (0.5-0.7)
2018-08-02,185,127,0.7,0.73,668,425,49,56.0,5,8,778,846.0,4888,56.21,2.0,2018,0.07335329341317365,0.10204081632653061,1.1646706586826348,0.6362275449101796,0.875,EXHAUSTION,0.0,0.0,0.0,2,LOW (<15%),SLIGHT ACCEL (1.0-1.2),NEGATIVE (<1x),ELEVATED (0.5-0.7)
2018-08-03,111,139,1.0,0.73,629,444,45,74.0,4,9,738,875.0,4891,51.68,2.0,2018,0.07154213036565978,0.08888888888888889,1.1732909379968204,0.7058823529411765,0.6081081081081081,EXHAUSTION,0.0,0.0,0.0,2,LOW (<15%),SLIGHT ACCEL (1.0-1.2),NEGATIVE (<1x),HIGH (0.7-1.0)
2018-08-06,119,71,1.31,0.75,636,432,41,78.0,3,11,795,830.0,4889,54.01,2.0,2018,0.06446540880503145,0.07317073170731707,1.25,0.6792452830188679,0.5256410256410257,EXHAUSTION,0.0,0.0,0.0,1,LOW (<15%),ACCELERATING (1.2-1.5),NEGATIVE (<1x),ELEVATED (0.5-0.7)
2018-08-07,134,129,1.14,0.85,647,432,47,72.0,5,11,814,825.0,4889,55.41,2.0,2018,0.07264296754250386,0.10638297872340426,1.258114374034003,0.6676970633693973,0.6527777777777778,EXHAUSTION,0.0,0.0,0.0,2,LOW (<15%),ACCELERATING (1.2-1.5),NEGATIVE (<1x),ELEVATED (0.5-0.7)
2018-08-08,149,146,1.14,0.85,630,447,60,73.0,4,12,862,838.0,4894,54.51,2.0,2018,0.09523809523809523,0.06666666666666667,1.3682539682539683,0.7095238095238096,0.821917808219178,EXHAUSTION,0.0,0.0,0.0,4,LOW (<15%),ACCELERATING (1.2-1.5),NEGATIVE (<1x),HIGH (0.7-1.0)
2018-08-09,173,129,1.12,0.87,635,434,56,74.0,6,9,812,803.0,4894,55.36,2.0,2018,0.08818897637795275,0.10714285714285714,1.278740157480315,0.6834645669291338,0.7567567567567568,EXHAUSTION,0.0,0.0,0.0,3,LOW (<15%),ACCELERATING (1.2-1.5),NEGATIVE (<1x),ELEVATED (0.5-0.7)
2018-08-10,103,120,1.14,1.06,609,442,67,74.0,5,9,886,820.0,4899,51.55,2.0,2018,0.11001642036124795,0.07462686567164178,1.4548440065681445,0.7257799671592775,0.9054054054054054,EXHAUSTION,0.0,0.0,0.0,5,LOW (<15%),ACCELERATING (1.2-1.5),NEGATIVE (<1x),HIGH (0.7-1.0)
2018-08-11,75,189,0.89,1.07,560,477,67,72.0,4,8,819,902.0,4899,47.85,2.0,2018,0.11964285714285715,0.05970149253731343,1.4625,0.8517857142857143,0.9305555555555556,EXHAUSTION,0.0,0.0,0.0,6,LOW (<15%),ACCELERATING (1.2-1.5),NEGATIVE (<1x),HIGH (0.7-1.0)
2018-08-14,116,99,0.9,1.01,603,480,76,72.0,6,9,907,863.0,4899,52.93,2.0,2018,0.12603648424543948,0.07894736842105263,1.5041459369817578,0.7960199004975125,1.0555555555555556,EXHAUSTION,0.0,0.0,0.0,6,LOW (<15%),STRONG ACCEL (>1.5),WEAK (1-2x),HIGH (0.7-1.0)
2018-08-15,52,353,0.58,0.81,535,545,61,93.0,5,11,752,999.0,4899,47.02,2.0,2018,0.11401869158878504,0.08196721311475409,1.405607476635514,1.0186915887850467,0.6559139784946236,EXHAUSTION,0.0,0.0,0.0,6,LOW (<15%),ACCELERATING (1.2-1.5),NEGATIVE (<1x),EXTREME (>1.0)
2018-08-16,117,54,0.57,0.8,552,508,69,85.0,8,9,826,937.0,4898,52.16,2.0,2018,0.125,0.11594202898550725,1.4963768115942029,0.9202898550724637,0.8117647058823529,EXHAUSTION,0.0,0.0,0.0,6,LOW (<15%),ACCELERATING (1.2-1.5),NEGATIVE (<1x),HIGH (0.7-1.0)
2018-08-17,81,66,0.58,0.83,581,504,84,75.0,9,10,850,907.0,4897,55.42,2.0,2018,0.14457831325301204,0.10714285714285714,1.4629948364888123,0.8674698795180723,1.12,EXHAUSTION,0.0,0.0,0.0,7,LOW (<15%),ACCELERATING (1.2-1.5),WEAK (1-2x),HIGH (0.7-1.0)
2018-08-20,111,60,0.75,0.83,596,485,78,75.0,11,12,891,897.0,4897,57.87,2.0,2018,0.13087248322147652,0.14102564102564102,1.49496644295302,0.8137583892617449,1.04,EXHAUSTION,0.0,0.0,0.0,7,LOW (<15%),ACCELERATING (1.2-1.5),WEAK (1-2x),HIGH (0.7-1.0)
2018-08-21,160,32,0.92,0.91,629,454,106,61.0,15,12,960,798.0,4900,61.94,2.0,2018,0.1685214626391097,0.14150943396226415,1.5262321144674087,0.7217806041335453,1.7377049180327868,NEUTRAL,0.0,0.0,0.0,8,LOW (<15%),STRONG ACCEL (>1.5),WEAK (1-2x),HIGH (0.7-1.0)
2018-08-22,129,40,2.37,0.98,663,427,109,58.0,14,11,1004,735.0,4900,61.63,2.0,2018,0.16440422322775264,0.12844036697247707,1.5143288084464555,0.6440422322775264,1.8793103448275863,NEUTRAL,0.0,0.0,0.0,8,LOW (<15%),STRONG ACCEL (>1.5),WEAK (1-2x),ELEVATED (0.5-0.7)
2018-08-23,82,65,2.14,0.95,641,406,99,57.0,12,9,973,760.0,4898,58.48,2.0,2018,0.1544461778471139,0.12121212121212122,1.5179407176287052,0.6333853354134166,1.736842105263158,NEUTRAL,0.0,0.0,0.0,8,LOW (<15%),STRONG ACCEL (>1.5),WEAK (1-2x),ELEVATED (0.5-0.7)
2018-08-24,112,47,2.43,1.03,676,408,142,38.0,18,7,1028,687.0,4898,60.48,2.0,2018,0.21005917159763313,0.1267605633802817,1.5207100591715976,0.6035502958579881,3.736842105263158,NEUTRAL,0.0,0.0,0.0,9,LOW (<15%),STRONG ACCEL (>1.5),STRONG (3-5x),ELEVATED (0.5-0.7)
2018-08-27,107,66,2.36,1.21,687,391,158,28.0,20,5,1090,637.0,4897,62.17,2.0,2018,0.22998544395924309,0.12658227848101267,1.586608442503639,0.5691411935953421,5.642857142857143,NEUTRAL,0.0,0.0,0.0,9,LOW (<15%),STRONG ACCEL (>1.5),VERY STRONG (>5x),ELEVATED (0.5-0.7)
2018-08-28,114,44,2.08,1.29,688,367,141,34.0,16,6,1076,625.0,4897,61.52,2.0,2018,0.20494186046511628,0.11347517730496454,1.563953488372093,0.5334302325581395,4.147058823529412,NEUTRAL,0.0,0.0,0.0,9,LOW (<15%),STRONG ACCEL (>1.5),STRONG (3-5x),ELEVATED (0.5-0.7)
2018-08-29,118,30,2.12,2.24,711,355,128,30.0,13,5,1155,591.0,4897,58.22,2.0,2018,0.180028129395218,0.1015625,1.6244725738396624,0.49929676511954996,4.266666666666667,NEUTRAL,0.0,0.0,0.0,8,LOW (<15%),STRONG ACCEL (>1.5),STRONG (3-5x),MODERATE (0.3-0.5)
2018-08-30,96,87,2.0,2.07,699,371,114,31.0,13,4,1120,615.0,4897,57.88,2.0,2018,0.1630901287553648,0.11403508771929824,1.6022889842632333,0.530758226037196,3.6774193548387095,NEUTRAL,0.0,0.0,0.0,8,LOW (<15%),STRONG ACCEL (>1.5),STRONG (3-5x),ELEVATED (0.5-0.7)
2018-08-31,97,37,2.02,2.22,727,357,144,27.0,17,3,1136,590.0,4899,57.13,2.0,2018,0.19807427785419532,0.11805555555555555,1.562585969738652,0.49105914718019256,5.333333333333333,NEUTRAL,0.0,0.0,0.0,9,LOW (<15%),STRONG ACCEL (>1.5),VERY STRONG (>5x),MODERATE (0.3-0.5)
2018-09-04,101,144,1.54,1.89,705,366,134,27.0,18,3,1108,651.0,4899,52.91,2.0,2018,0.1900709219858156,0.13432835820895522,1.571631205673759,0.5191489361702127,4.962962962962963,NEUTRAL,0.0,0.0,0.0,9,LOW (<15%),STRONG ACCEL (>1.5),STRONG (3-5x),ELEVATED (0.5-0.7)
2018-09-05,61,160,1.03,1.41,657,384,106,29.0,17,2,1041,693.0,4897,54.57,2.0,2018,0.1613394216133942,0.16037735849056603,1.5844748858447488,0.5844748858447488,3.6551724137931036,NEUTRAL,0.0,0.0,0.0,8,NORMAL (15-25%),STRONG ACCEL (>1.5),STRONG (3-5x),ELEVATED (0.5-0.7)
2018-09-06,68,216,0.66,1.07,611,442,90,24.0,19,2,937,794.0,4897,51.26,2.0,2018,0.14729950900163666,0.2111111111111111,1.5335515548281506,0.723404255319149,3.75,EXHAUSTION,0.0,0.0,0.0,7,NORMAL (15-25%),STRONG ACCEL (>1.5),STRONG (3-5x),HIGH (0.7-1.0)
2018-09-07,77,95,0.62,1.03,602,442,75,25.0,15,2,930,804.0,4898,48.02,2.0,2018,0.12458471760797342,0.2,1.5448504983388704,0.7342192691029901,3.0,EXHAUSTION,0.0,0.0,0.0,6,NORMAL (15-25%),STRONG ACCEL (>1.5),MODERATE (2-3x),HIGH (0.7-1.0)
2018-09-10,109,101,0.58,0.97,606,435,74,27.0,15,1,959,781.0,4900,50.15,2.0,2018,0.12211221122112212,0.20270270270270271,1.5825082508250825,0.7178217821782178,2.740740740740741,EXHAUSTION,0.0,0.0,0.0,6,NORMAL (15-25%),STRONG ACCEL (>1.5),MODERATE (2-3x),HIGH (0.7-1.0)
2018-09-11,128,85,0.67,0.97,599,439,83,27.0,15,1,955,776.0,4900,50.55,2.0,2018,0.13856427378964942,0.18072289156626506,1.5943238731218699,0.7328881469115192,3.074074074074074,EXHAUSTION,0.0,0.0,0.0,7,NORMAL (15-25%),STRONG ACCEL (>1.5),STRONG (3-5x),HIGH (0.7-1.0)
2018-09-12,125,107,0.84,0.92,614,445,72,29.0,15,4,953,772.0,4905,50.6,2.0,2018,0.11726384364820847,0.20833333333333334,1.5521172638436482,0.7247557003257329,2.4827586206896552,EXHAUSTION,0.0,0.0,0.0,6,NORMAL (15-25%),STRONG ACCEL (>1.5),MODERATE (2-3x),HIGH (0.7-1.0)
2018-09-13,91,94,1.1,0.85,625,444,92,26.0,16,3,957,765.0,4907,50.63,2.0,2018,0.1472,0.17391304347826086,1.5312,0.7104,3.5384615384615383,EXHAUSTION,0.0,0.0,0.0,7,NORMAL (15-25%),STRONG ACCEL (>1.5),STRONG (3-5x),HIGH (0.7-1.0)
2018-09-14,82,66,1.18,0.85,629,435,79,27.0,16,3,958,744.0,4908,51.55,2.0,2018,0.12559618441971382,0.20253164556962025,1.523052464228935,0.6915739268680445,2.925925925925926,EXHAUSTION,0.0,0.0,0.0,6,NORMAL (15-25%),STRONG ACCEL (>1.5),MODERATE (2-3x),ELEVATED (0.5-0.7)
2018-09-17,87,199,0.93,0.73,592,456,66,40.0,16,4,858,786.0,4906,49.62,2.0,2018,0.11148648648648649,0.24242424242424243,1.4493243243243243,0.7702702702702703,1.65,EXHAUSTION,0.0,0.0,0.0,5,NORMAL (15-25%),ACCELERATING (1.2-1.5),WEAK (1-2x),HIGH (0.7-1.0)
2018-09-18,129,64,0.97,0.81,612,428,71,34.0,19,3,903,730.0,4907,51.25,2.0,2018,0.11601307189542484,0.2676056338028169,1.4754901960784315,0.6993464052287581,2.088235294117647,EXHAUSTION,0.0,0.0,0.0,6,ELEVATED (25-35%),ACCELERATING (1.2-1.5),MODERATE (2-3x),ELEVATED (0.5-0.7)
2018-09-19,122,91,0.99,0.91,607,413,59,33.0,13,1,879,707.0,4910,47.97,2.0,2018,0.09719934102141681,0.22033898305084745,1.4481054365733115,0.6803953871499177,1.7878787878787878,EXHAUSTION,0.0,0.0,0.0,4,NORMAL (15-25%),ACCELERATING (1.2-1.5),WEAK (1-2x),ELEVATED (0.5-0.7)
2018-09-20,182,55,1.27,1.18,655,382,67,34.0,14,1,943,611.0,4912,53.03,2.0,2018,0.10229007633587786,0.208955223880597,1.4396946564885496,0.583206106870229,1.9705882352941178,EXHAUSTION,0.0,0.0,0.0,5,NORMAL (15-25%),ACCELERATING (1.2-1.5),WEAK (1-2x),ELEVATED (0.5-0.7)
2018-09-21,135,172,1.13,1.15,647,392,63,32.0,13,2,892,648.0,4914,52.68,2.0,2018,0.0973724884080371,0.20634920634920634,1.3786707882534777,0.6058732612055642,1.96875,EXHAUSTION,0.0,0.0,0.0,4,NORMAL (15-25%),ACCELERATING (1.2-1.5),WEAK (1-2x),ELEVATED (0.5-0.7)
2018-09-24,87,45,1.53,1.19,650,402,65,33.0,12,2,854,652.0,4913,45.72,2.0,2018,0.1,0.18461538461538463,1.3138461538461539,0.6184615384615385,1.9696969696969697,EXHAUSTION,0.0,0.0,0.0,5,NORMAL (15-25%),ACCELERATING (1.2-1.5),WEAK (1-2x),ELEVATED (0.5-0.7)
2018-09-25,155,85,1.52,1.22,686,395,66,37.0,10,3,866,656.0,4913,44.64,2.0,2018,0.09620991253644315,0.15151515151515152,1.2623906705539358,0.575801749271137,1.7837837837837838,EXHAUSTION,0.0,0.0,0.0,4,NORMAL (15-25%),ACCELERATING (1.2-1.5),WEAK (1-2x),ELEVATED (0.5-0.7)
2018-09-26,85,122,1.34,1.16,659,414,60,44.0,10,4,802,724.0,4915,38.71,2.0,2018,0.09104704097116843,0.16666666666666666,1.2169954476479514,0.6282245827010622,1.3636363636363635,EXHAUSTION,0.0,0.0,0.0,4,NORMAL (15-25%),ACCELERATING (1.2-1.5),WEAK (1-2x),ELEVATED (0.5-0.7)
2018-09-27,105,75,1.14,1.2,667,425,58,47.0,11,5,801,697.0,4922,39.2,2.0,2018,0.08695652173913043,0.1896551724137931,1.2008995502248876,0.6371814092953523,1.2340425531914894,EXHAUSTION,0.0,0.0,0.0,3,NORMAL (15-25%),ACCELERATING (1.2-1.5),WEAK (1-2x),ELEVATED (0.5-0.7)
2018-09-28,86,64,1.32,1.21,678,420,56,45.0,10,6,826,680.0,4924,41.17,2.0,2018,0.08259587020648967,0.17857142857142858,1.2182890855457227,0.6194690265486725,1.2444444444444445,EXHAUSTION,0.0,0.0,0.0,3,NORMAL (15-25%),ACCELERATING (1.2-1.5),WEAK (1-2x),ELEVATED (0.5-0.7)
2018-10-01,91,158,1.04,1.26,640,445,42,53.0,6,6,734,773.0,4928,38.92,2.0,2018,0.065625,0.14285714285714285,1.146875,0.6953125,0.7924528301886793,EXHAUSTION,0.0,0.0,0.0,1,LOW (<15%),SLIGHT ACCEL (1.0-1.2),NEGATIVE (<1x),ELEVATED (0.5-0.7)
2018-10-02,96,202,0.75,1.07,571,489,37,62.0,6,7,679,883.0,4927,37.16,2.0,2018,0.0647985989492119,0.16216216216216217,1.1891418563922942,0.8563922942206655,0.5967741935483871,EXHAUSTION,0.0,0.0,0.0,1,NORMAL (15-25%),SLIGHT ACCEL (1.0-1.2),NEGATIVE (<1x),HIGH (0.7-1.0)
2018-10-03,171,47,1.01,1.16,612,460,44,47.0,5,6,718,811.0,4925,38.55,2.0,2018,0.0718954248366013,0.11363636363636363,1.173202614379085,0.7516339869281046,0.9361702127659575,EXHAUSTION,0.0,0.0,0.0,2,LOW (<15%),SLIGHT ACCEL (1.0-1.2),NEGATIVE (<1x),HIGH (0.7-1.0)
2018-10-04,57,226,0.72,0.89,519,528,49,50.0,6,7,602,968.0,4927,33.77,2.0,2018,0.09441233140655106,0.12244897959183673,1.1599229287090558,1.0173410404624277,0.98,EXHAUSTION,0.0,0.0,0.0,4,LOW (<15%),SLIGHT ACCEL (1.0-1.2),NEGATIVE (<1x),EXTREME (>1.0)
2018-10-05,57,157,0.6,0.84,493,566,45,53.0,8,6,558,1111.0,4929,30.97,2.0,2018,0.09127789046653144,0.17777777777777778,1.13184584178499,1.1480730223123732,0.8490566037735849,EXHAUSTION,0.0,0.0,0.0,4,NORMAL (15-25%),SLIGHT ACCEL (1.0-1.2),NEGATIVE (<1x),EXTREME (>1.0)
2018-10-08,68,128,0.59,0.77,478,596,37,72.0,8,6,508,1163.0,4930,32.2,2.0,2018,0.07740585774058577,0.21621621621621623,1.0627615062761506,1.2468619246861925,0.5138888888888888,EXHAUSTION,0.0,0.0,0.0,2,NORMAL (15-25%),SLIGHT ACCEL (1.0-1.2),NEGATIVE (<1x),EXTREME (>1.0)
2018-10-09,80,162,0.6,0.67,458,607,31,75.0,6,5,490,1223.0,4928,30.94,2.0,2018,0.06768558951965066,0.1935483870967742,1.0698689956331877,1.3253275109170306,0.41333333333333333,EXHAUSTION,0.0,0.0,0.0,2,NORMAL (15-25%),SLIGHT ACCEL (1.0-1.2),NEGATIVE (<1x),EXTREME (>1.0)
2018-10-10,34,766,0.21,0.43,357,732,21,111.0,5,5,348,1591.0,4928,16.73,2.0,2018,0.058823529411764705,0.23809523809523808,0.9747899159663865,2.0504201680672267,0.1891891891891892,EXHAUSTION,0.0,0.0,0.0,1,NORMAL (15-25%),FLAT (0.8-1.0),NEGATIVE (<1x),EXTREME (>1.0)
2018-10-11,83,258,0.22,0.38,326,801,21,122.0,5,5,313,1875.0,4929,11.19,2.0,2018,0.06441717791411043,0.23809523809523808,0.9601226993865031,2.457055214723926,0.1721311475409836,EXHAUSTION,0.0,0.0,0.0,1,NORMAL (15-25%),FLAT (0.8-1.0),NEGATIVE (<1x),EXTREME (>1.0)
2018-10-12,135,53,0.29,0.4,356,749,20,106.0,5,6,344,1814.0,4929,11.69,2.0,2018,0.056179775280898875,0.25,0.9662921348314607,2.103932584269663,0.18867924528301888,EXHAUSTION,0.0,0.0,0.0,1,NORMAL (15-25%),FLAT (0.8-1.0),NEGATIVE (<1x),EXTREME (>1.0)
2018-10-15,93,83,0.32,0.42,353,731,25,84.0,4,5,376,1741.0,4931,11.69,2.0,2018,0.0708215297450425,0.16,1.065155807365439,2.0708215297450425,0.2976190476190476,EXHAUSTION,0.0,0.0,0.0,2,NORMAL (15-25%),SLIGHT ACCEL (1.0-1.2),NEGATIVE (<1x),EXTREME (>1.0)
2018-10-16,454,53,0.66,0.64,412,607,22,68.0,6,4,504,1368.0,4931,20.89,2.0,2018,0.05339805825242718,0.2727272727272727,1.2233009708737863,1.4733009708737863,0.3235294117647059,EXHAUSTION,0.0,0.0,0.0,1,ELEVATED (25-35%),ACCELERATING (1.2-1.5),NEGATIVE (<1x),EXTREME (>1.0)
2018-10-17,74,110,1.51,0.57,408,616,24,80.0,6,4,489,1423.0,4931,19.28,2.0,2018,0.058823529411764705,0.25,1.1985294117647058,1.5098039215686274,0.3,EXHAUSTION,0.0,0.0,0.0,1,NORMAL (15-25%),SLIGHT ACCEL (1.0-1.2),NEGATIVE (<1x),EXTREME (>1.0)
2018-10-18,68,249,1.5,0.57,380,767,17,119.0,2,5,407,1681.0,4934,15.83,2.0,2018,0.04473684210526316,0.11764705882352941,1.0710526315789475,2.018421052631579,0.14285714285714285,EXHAUSTION,0.0,0.0,0.0,0,LOW (<15%),SLIGHT ACCEL (1.0-1.2),NEGATIVE (<1x),EXTREME (>1.0)
2018-10-19,58,225,1.04,0.55,335,827,19,149.0,2,7,370,1807.0,4937,16.33,2.0,2018,0.056716417910447764,0.10526315789473684,1.1044776119402986,2.4686567164179105,0.12751677852348994,EXHAUSTION,0.0,0.0,0.0,1,LOW (<15%),SLIGHT ACCEL (1.0-1.2),NEGATIVE (<1x),EXTREME (>1.0)
2018-10-22,79,160,0.92,0.55,335,843,14,166.0,5,7,341,1841.0,4935,15.39,2.0,2018,0.041791044776119404,0.35714285714285715,1.017910447761194,2.5164179104477613,0.08433734939759036,EXHAUSTION,0.0,0.0,0.0,0,HIGH (35-50%),SLIGHT ACCEL (1.0-1.2),NEGATIVE (<1x),EXTREME (>1.0)
2018-10-23,76,213,0.37,0.53,309,884,11,171.0,1,8,315,1960.0,4934,13.69,2.0,2018,0.03559870550161812,0.09090909090909091,1.0194174757281553,2.8608414239482203,0.06432748538011696,EXHAUSTION,0.0,0.0,0.0,0,LOW (<15%),SLIGHT ACCEL (1.0-1.2),NEGATIVE (<1x),EXTREME (>1.0)
2018-10-24,49,911,0.19,0.5,246,1209,7,296.0,0,11,222,2416.0,4933,10.99,2.0,2018,0.028455284552845527,0.0,0.9024390243902439,4.914634146341464,0.02364864864864865,EXHAUSTION,0.0,0.0,0.0,0,,FLAT (0.8-1.0),NEGATIVE (<1x),EXTREME (>1.0)
2018-10-25,259,123,0.32,0.62,267,1022,10,213.0,1,8,264,2150.0,4939,12.33,2.0,2018,0.03745318352059925,0.1,0.9887640449438202,3.8277153558052435,0.046948356807511735,EXHAUSTION,0.0,0.0,0.0,0,LOW (<15%),FLAT (0.8-1.0),NEGATIVE (<1x),EXTREME (>1.0)
2018-10-26,91,241,0.34,0.55,245,1117,10,266.0,2,10,276,2270.0,4939,9.68,2.0,2018,0.04081632653061224,0.2,1.126530612244898,4.559183673469388,0.03759398496240601,EXHAUSTION,0.0,0.0,0.0,0,NORMAL (15-25%),SLIGHT ACCEL (1.0-1.2),NEGATIVE (<1x),EXTREME (>1.0)
2018-10-29,73,264,0.31,0.5,234,1189,11,302.0,1,14,255,2281.0,4939,11.88,2.0,2018,0.04700854700854701,0.09090909090909091,1.0897435897435896,5.081196581196581,0.03642384105960265,EXHAUSTION,0.0,0.0,0.0,0,LOW (<15%),SLIGHT ACCEL (1.0-1.2),NEGATIVE (<1x),EXTREME (>1.0)
2018-10-30,265,91,0.45,0.42,263,1083,13,234.0,3,9,372,2063.0,4939,17.31,2.0,2018,0.049429657794676805,0.23076923076923078,1.414448669201521,4.11787072243346,0.05555555555555555,EXHAUSTION,0.0,0.0,0.0,0,NORMAL (15-25%),ACCELERATING (1.2-1.5),NEGATIVE (<1x),EXTREME (>1.0)
2018-10-31,301,139,1.15,0.5,288,998,20,219.0,2,12,462,1976.0,4942,16.11,2.0,2018,0.06944444444444445,0.1,1.6041666666666667,3.4652777777777777,0.091324200913242,EXHAUSTION,0.0,0.0,0.0,2,LOW (<15%),STRONG ACCEL (>1.5),NEGATIVE (<1x),EXTREME (>1.0)
2018-11-01,515,74,1.54,0.72,351,821,23,122.0,4,6,834,1626.0,4940,21.4,2.0,2018,0.06552706552706553,0.17391304347826086,2.376068376068376,2.339031339031339,0.1885245901639344,EXHAUSTION,0.0,0.0,0.0,1,NORMAL (15-25%),STRONG ACCEL (>1.5),NEGATIVE (<1x),EXTREME (>1.0)
2018-11-02,168,109,1.95,0.81,373,794,30,131.0,4,10,919,1617.0,4937,22.04,2.0,2018,0.08042895442359249,0.13333333333333333,2.4638069705093835,2.128686327077748,0.22900763358778625,EXHAUSTION,0.0,0.0,0.0,3,LOW (<15%),STRONG ACCEL (>1.5),NEGATIVE (<1x),EXTREME (>1.0)
2018-11-05,140,89,2.77,0.86,385,808,32,119.0,4,6,909,1619.0,4937,26.03,2.0,2018,0.08311688311688312,0.125,2.361038961038961,2.0987012987012985,0.2689075630252101,EXHAUSTION,0.0,0.0,0.0,3,LOW (<15%),STRONG ACCEL (>1.5),NEGATIVE (<1x),EXTREME (>1.0)
2018-11-06,175,125,2.42,0.94,417,805,36,128.0,4,7,1002,1551.0,4937,31.22,2.0,2018,0.08633093525179857,0.1111111111111111,2.402877697841727,1.9304556354916067,0.28125,EXHAUSTION,0.0,0.0,0.0,3,LOW (<15%),STRONG ACCEL (>1.5),NEGATIVE (<1x),EXTREME (>1.0)
2018-11-07,341,134,2.52,1.68,490,743,76,74.0,9,6,1270,1345.0,4930,40.52,2.0,2018,0.15510204081632653,0.11842105263157894,2.5918367346938775,1.5163265306122449,1.027027027027027,NEUTRAL,0.0,0.0,0.0,8,LOW (<15%),STRONG ACCEL (>1.5),WEAK (1-2x),EXTREME (>1.0)
2018-11-08,157,181,1.54,1.54,483,758,91,64.0,11,8,1238,1347.0,4929,40.04,2.0,2018,0.18840579710144928,0.12087912087912088,2.5631469979296067,1.5693581780538302,1.421875,NEUTRAL,0.0,0.0,0.0,9,LOW (<15%),STRONG ACCEL (>1.5),WEAK (1-2x),EXTREME (>1.0)
2018-11-09,74,319,1.05,1.45,401,876,63,111.0,7,9,984,1475.0,4930,35.48,2.0,2018,0.1571072319201995,0.1111111111111111,2.453865336658354,2.1845386533665834,0.5675675675675675,NEUTRAL,0.0,0.0,0.0,8,LOW (<15%),STRONG ACCEL (>1.5),NEGATIVE (<1x),EXTREME (>1.0)
2018-11-12,35,382,0.69,1.32,311,1005,45,147.0,9,9,736,1663.0,4926,30.25,2.0,2018,0.14469453376205788,0.2,2.3665594855305465,3.2315112540192925,0.30612244897959184,EXHAUSTION,0.0,0.0,0.0,7,NORMAL (15-25%),STRONG ACCEL (>1.5),NEGATIVE (<1x),EXTREME (>1.0)
2018-11-13,87,212,0.57,1.13,303,1027,33,224.0,6,13,772,1654.0,4925,31.85,2.0,2018,0.10891089108910891,0.18181818181818182,2.547854785478548,3.3894389438943895,0.14732142857142858,EXHAUSTION,0.0,0.0,0.0,5,NORMAL (15-25%),STRONG ACCEL (>1.5),NEGATIVE (<1x),EXTREME (>1.0)
2018-11-14,85,248,0.33,0.95,296,1074,32,220.0,4,12,699,1733.0,4926,29.64,2.0,2018,0.10810810810810811,0.125,2.3614864864864864,3.6283783783783785,0.14545454545454545,EXHAUSTION,0.0,0.0,0.0,5,LOW (<15%),STRONG ACCEL (>1.5),NEGATIVE (<1x),EXTREME (>1.0)
2018-11-15,181,92,0.37,0.76,335,981,49,162.0,4,12,867,1526.0,4930,31.06,2.0,2018,0.14626865671641792,0.08163265306122448,2.5880597014925373,2.928358208955224,0.30246913580246915,EXHAUSTION,0.0,0.0,0.0,7,LOW (<15%),STRONG ACCEL (>1.5),NEGATIVE (<1x),EXTREME (>1.0)
2018-11-16,111,109,0.48,0.73,326,993,57,148.0,5,12,906,1488.0,4934,34.16,2.0,2018,0.17484662576687116,0.08771929824561403,2.7791411042944785,3.0460122699386503,0.38513513513513514,NEUTRAL,0.0,0.0,0.0,8,LOW (<15%),STRONG ACCEL (>1.5),NEGATIVE (<1x),EXTREME (>1.0)
2018-11-19,44,392,0.48,0.59,278,1112,48,164.0,5,13,717,1691.0,4936,29.33,2.0,2018,0.17266187050359713,0.10416666666666667,2.579136690647482,4.0,0.2926829268292683,NEUTRAL,0.0,0.0,0.0,8,LOW (<15%),STRONG ACCEL (>1.5),NEGATIVE (<1x),EXTREME (>1.0)
2018-11-20,39,415,0.37,0.46,232,1237,39,164.0,2,10,571,1855.0,4937,23.37,2.0,2018,0.16810344827586207,0.05128205128205128,2.461206896551724,5.331896551724138,0.23780487804878048,NEUTRAL,0.0,0.0,0.0,8,LOW (<15%),STRONG ACCEL (>1.5),NEGATIVE (<1x),EXTREME (>1.0)
2018-11-21,121,29,0.48,0.39,266,1113,71,96.0,5,8,687,1601.0,4935,27.01,2.0,2018,0.2669172932330827,0.07042253521126761,2.582706766917293,4.184210526315789,0.7395833333333334,MID_BULL,0.0,0.0,0.0,9,LOW (<15%),STRONG ACCEL (>1.5),NEGATIVE (<1x),EXTREME (>1.0)
2018-11-23,39,33,0.36,0.37,269,1124,52,102.0,6,10,721,1563.0,4936,27.6,2.0,2018,0.19330855018587362,0.11538461538461539,2.680297397769517,4.178438661710037,0.5098039215686274,NEUTRAL,0.0,0.0,0.0,9,LOW (<15%),STRONG ACCEL (>1.5),NEGATIVE (<1x),EXTREME (>1.0)
2018-11-26,261,127,0.51,0.49,298,1060,76,85.0,10,10,842,1417.0,4936,33.38,2.0,2018,0.2550335570469799,0.13157894736842105,2.825503355704698,3.557046979865772,0.8941176470588236,MID_BULL,0.0,0.0,0.0,9,LOW (<15%),STRONG ACCEL (>1.5),NEGATIVE (<1x),EXTREME (>1.0)
2018-11-27,62,167,0.68,0.56,269,1106,79,83.0,9,10,798,1409.0,4935,31.72,2.0,2018,0.2936802973977695,0.11392405063291139,2.966542750929368,4.111524163568773,0.9518072289156626,MID_BULL,0.0,0.0,0.0,9,LOW (<15%),STRONG ACCEL (>1.5),NEGATIVE (<1x),EXTREME (>1.0)
2018-11-28,490,55,2.37,0.86,375,972,88,83.0,9,9,1064,1152.0,4935,43.04,2.0,2018,0.23466666666666666,0.10227272727272728,2.8373333333333335,2.592,1.0602409638554218,NEUTRAL,0.0,0.0,0.0,9,LOW (<15%),STRONG ACCEL (>1.5),WEAK (1-2x),EXTREME (>1.0)
2018-11-29,88,69,2.08,0.97,369,983,68,86.0,8,11,1042,1171.0,4935,41.25,2.0,2018,0.1842818428184282,0.11764705882352941,2.823848238482385,2.6639566395663956,0.7906976744186046,NEUTRAL,0.0,0.0,0.0,8,LOW (<15%),STRONG ACCEL (>1.5),NEGATIVE (<1x),EXTREME (>1.0)
2018-11-30,127,145,1.83,0.9,395,974,46,104.0,6,13,1130,1167.0,4936,44.49,2.0,2018,0.11645569620253164,0.13043478260869565,2.8607594936708862,2.4658227848101264,0.4423076923076923,EXHAUSTION,0.0,0.0,0.0,6,LOW (<15%),STRONG ACCEL (>1.5),NEGATIVE (<1x),EXTREME (>1.0)
2018-12-03,255,68,2.03,1.02,436,912,52,90.0,8,14,1293,1082.0,4935,49.25,2.0,2018,0.11926605504587157,0.15384615384615385,2.9655963302752295,2.091743119266055,0.5777777777777777,EXHAUSTION,0.0,0.0,0.0,6,NORMAL (15-25%),STRONG ACCEL (>1.5),NEGATIVE (<1x),EXTREME (>1.0)
2018-12-04,28,914,0.79,0.75,303,1116,37,129.0,6,12,807,1416.0,4934,31.35,2.0,2018,0.12211221122112212,0.16216216216216217,2.6633663366336635,3.6831683168316833,0.2868217054263566,EXHAUSTION,0.0,0.0,0.0,6,NORMAL (15-25%),STRONG ACCEL (>1.5),NEGATIVE (<1x),EXTREME (>1.0)
2018-12-06,113,238,0.43,0.86,316,1135,35,138.0,5,12,817,1389.0,4935,31.49,2.0,2018,0.11075949367088607,0.14285714285714285,2.5854430379746836,3.5917721518987342,0.2536231884057971,EXHAUSTION,0.0,0.0,0.0,5,LOW (<15%),STRONG ACCEL (>1.5),NEGATIVE (<1x),EXTREME (>1.0)
2018-12-07,63,194,0.38,0.76,270,1225,23,172.0,3,14,674,1577.0,4938,25.45,2.0,2018,0.08518518518518518,0.13043478260869565,2.4962962962962965,4.537037037037037,0.13372093023255813,EXHAUSTION,0.0,0.0,0.0,3,LOW (<15%),STRONG ACCEL (>1.5),NEGATIVE (<1x),EXTREME (>1.0)
2018-12-10,80,202,0.33,0.72,276,1252,21,169.0,2,14,635,1608.0,4932,23.0,2.0,2018,0.07608695652173914,0.09523809523809523,2.300724637681159,4.536231884057971,0.1242603550295858,EXHAUSTION,0.0,0.0,0.0,2,LOW (<15%),STRONG ACCEL (>1.5),NEGATIVE (<1x),EXTREME (>1.0)
2018-12-11,59,131,0.2,0.63,278,1267,24,127.0,4,13,636,1628.0,4932,22.97,2.0,2018,0.08633093525179857,0.16666666666666666,2.287769784172662,4.557553956834532,0.1889763779527559,EXHAUSTION,0.0,0.0,0.0,3,NORMAL (15-25%),STRONG ACCEL (>1.5),NEGATIVE (<1x),EXTREME (>1.0)
2018-12-12,167,92,0.56,0.7,313,1197,42,98.0,4,12,699,1487.0,4934,25.51,2.0,2018,0.134185303514377,0.09523809523809523,2.2332268370607027,3.8242811501597442,0.42857142857142855,EXHAUSTION,0.0,0.0,0.0,7,LOW (<15%),STRONG ACCEL (>1.5),NEGATIVE (<1x),EXTREME (>1.0)
2018-12-13,48,282,0.46,0.44,284,1266,31,107.0,5,14,579,1655.0,4934,23.55,2.0,2018,0.10915492957746478,0.16129032258064516,2.038732394366197,4.457746478873239,0.2897196261682243,EXHAUSTION,0.0,0.0,0.0,5,NORMAL (15-25%),STRONG ACCEL (>1.5),NEGATIVE (<1x),EXTREME (>1.0)
2018-12-14,45,274,0.41,0.39,248,1372,33,119.0,5,10,490,1840.0,4935,19.71,2.0,2018,0.13306451612903225,0.15151515151515152,1.9758064516129032,5.532258064516129,0.2773109243697479,EXHAUSTION,0.0,0.0,0.0,7,NORMAL (15-25%),STRONG ACCEL (>1.5),NEGATIVE (<1x),EXTREME (>1.0)
2018-12-17,57,696,0.25,0.3,210,1522,16,185.0,4,14,350,2148.0,4933,10.93,2.0,2018,0.0761904761904762,0.25,1.6666666666666667,7.247619047619048,0.08648648648648649,EXHAUSTION,0.0,0.0,0.0,2,NORMAL (15-25%),STRONG ACCEL (>1.5),NEGATIVE (<1x),EXTREME (>1.0)
2018-12-18,71,266,0.24,0.22,197,1519,14,202.0,3,14,333,2165.0,4933,11.48,2.0,2018,0.07106598984771574,0.21428571428571427,1.6903553299492386,7.710659898477157,0.06930693069306931,EXHAUSTION,0.0,0.0,0.0,2,NORMAL (15-25%),STRONG ACCEL (>1.5),NEGATIVE (<1x),EXTREME (>1.0)
2018-12-18,71,266,0.27,0.27,197,1519,14,202.0,3,14,333,2165.0,4933,11.48,2.0,2019,0.07106598984771574,0.21428571428571427,1.6903553299492386,7.710659898477157,0.06930693069306931,EXHAUSTION,0.0,0.0,0.0,2,NORMAL (15-25%),STRONG ACCEL (>1.5),NEGATIVE (<1x),EXTREME (>1.0)
2018-12-19,62,383,0.15,0.28,175,1639,17,192.0,2,15,266,2405.0,4933,9.44,2.0,2018,0.09714285714285714,0.11764705882352941,1.52,9.365714285714287,0.08854166666666667,EXHAUSTION,0.0,0.0,0.0,4,LOW (<15%),STRONG ACCEL (>1.5),NEGATIVE (<1x),EXTREME (>1.0)
2018-12-19,62,383,0.2,0.2,175,1639,17,192.0,2,15,266,2405.0,4933,9.44,2.0,2019,0.09714285714285714,0.11764705882352941,1.52,9.365714285714287,0.08854166666666667,EXHAUSTION,0.0,0.0,0.0,4,LOW (<15%),STRONG ACCEL (>1.5),NEGATIVE (<1x),EXTREME (>1.0)
2018-12-20,61,558,0.14,0.23,156,1784,16,199.0,2,16,223,2645.0,4934,7.69,2.0,2018,0.10256410256410256,0.125,1.4294871794871795,11.435897435897436,0.08040201005025126,EXHAUSTION,0.0,0.0,0.0,5,LOW (<15%),ACCELERATING (1.2-1.5),NEGATIVE (<1x),
2018-12-20,61,558,0.16,0.16,156,1784,16,199.0,2,16,223,2645.0,4934,7.69,2.0,2019,0.10256410256410256,0.125,1.4294871794871795,11.435897435897436,0.08040201005025126,EXHAUSTION,0.0,0.0,0.0,5,LOW (<15%),ACCELERATING (1.2-1.5),NEGATIVE (<1x),
2018-12-21,77,741,0.12,0.2,140,1959,11,326.0,3,19,190,2876.0,4930,5.65,2.0,2018,0.07857142857142857,0.2727272727272727,1.3571428571428572,13.992857142857142,0.03374233128834356,EXHAUSTION,0.0,0.0,0.0,3,ELEVATED (25-35%),ACCELERATING (1.2-1.5),NEGATIVE (<1x),
2018-12-21,77,741,0.14,0.14,140,1959,11,326.0,3,19,190,2876.0,4930,5.65,2.0,2019,0.07857142857142857,0.2727272727272727,1.3571428571428572,13.992857142857142,0.03374233128834356,EXHAUSTION,0.0,0.0,0.0,3,ELEVATED (25-35%),ACCELERATING (1.2-1.5),NEGATIVE (<1x),
2018-12-24,11,35,0.14,0.14,133,2102,10,380.0,2,19,172,3073.0,4929,3.55,2.0,2019,0.07518796992481203,0.2,1.2932330827067668,15.80451127819549,0.02631578947368421,EXHAUSTION,0.0,0.0,0.0,2,NORMAL (15-25%),ACCELERATING (1.2-1.5),NEGATIVE (<1x),
2018-12-24,11,35,0.14,0.19,133,2102,10,380.0,2,19,172,3073.0,4929,3.55,2.0,2018,0.07518796992481203,0.2,1.2932330827067668,15.80451127819549,0.02631578947368421,EXHAUSTION,0.0,0.0,0.0,2,NORMAL (15-25%),ACCELERATING (1.2-1.5),NEGATIVE (<1x),
2018-12-26,1779,91,1.1,0.99,161,1691,14,245.0,3,15,340,2562.0,4928,6.45,2.0,2019,0.08695652173913043,0.21428571428571427,2.111801242236025,10.503105590062113,0.05714285714285714,EXHAUSTION,0.0,0.0,0.0,3,NORMAL (15-25%),STRONG ACCEL (>1.5),NEGATIVE (<1x),
2018-12-26,1779,91,1.1,0.7,161,1691,14,245.0,3,15,340,2562.0,4928,6.45,2.0,2018,0.08695652173913043,0.21428571428571427,2.111801242236025,10.503105590062113,0.05714285714285714,EXHAUSTION,0.0,0.0,0.0,3,NORMAL (15-25%),STRONG ACCEL (>1.5),NEGATIVE (<1x),
2018-12-27,108,120,1.32,0.67,182,1674,16,226.0,3,16,379,2501.0,4930,8.05,2.0,2018,0.08791208791208792,0.1875,2.0824175824175826,9.197802197802197,0.07079646017699115,EXHAUSTION,0.0,0.0,0.0,3,NORMAL (15-25%),STRONG ACCEL (>1.5),NEGATIVE (<1x),EXTREME (>1.0)
2018-12-27,108,120,1.32,0.99,182,1674,16,226.0,3,16,379,2501.0,4930,8.05,2.0,2019,0.08791208791208792,0.1875,2.0824175824175826,9.197802197802197,0.07079646017699115,EXHAUSTION,0.0,0.0,0.0,3,NORMAL (15-25%),STRONG ACCEL (>1.5),NEGATIVE (<1x),EXTREME (>1.0)
2018-12-28,216,61,2.09,0.77,213,1613,9,272.0,2,17,482,2392.0,4930,8.8,2.0,2018,0.04225352112676056,0.2222222222222222,2.2629107981220655,7.572769953051643,0.03308823529411765,EXHAUSTION,0.0,0.0,0.0,0,NORMAL (15-25%),STRONG ACCEL (>1.5),NEGATIVE (<1x),EXTREME (>1.0)
2018-12-28,216,61,2.09,1.06,213,1613,9,272.0,2,17,482,2392.0,4930,8.8,2.0,2019,0.04225352112676056,0.2222222222222222,2.2629107981220655,7.572769953051643,0.03308823529411765,EXHAUSTION,0.0,0.0,0.0,0,NORMAL (15-25%),STRONG ACCEL (>1.5),NEGATIVE (<1x),EXTREME (>1.0)
2018-12-31,187,106,5.57,1.09,240,1531,17,243.0,2,16,582,2217.0,4930,11.1,2.0,2019,0.07083333333333333,0.11764705882352941,2.425,6.379166666666666,0.06995884773662552,EXHAUSTION,0.0,0.0,0.0,2,LOW (<15%),STRONG ACCEL (>1.5),NEGATIVE (<1x),EXTREME (>1.0)
2018-12-31,187,106,5.57,0.86,240,1531,17,243.0,2,16,582,2217.0,4930,11.1,2.0,2018,0.07083333333333333,0.11764705882352941,2.425,6.379166666666666,0.06995884773662552,EXHAUSTION,0.0,0.0,0.0,2,LOW (<15%),STRONG ACCEL (>1.5),NEGATIVE (<1x),EXTREME (>1.0)
2019-01-02,298,45,6.12,1.19,352,1428,18,174.0,2,9,870,2039.0,4930,11.1,2.0,2019,0.05113636363636364,0.1111111111111111,2.471590909090909,4.056818181818182,0.10344827586206896,EXHAUSTION,0.0,0.0,0.0,0,LOW (<15%),STRONG ACCEL (>1.5),NEGATIVE (<1x),EXTREME (>1.0)
2019-01-03,94,292,1.45,1.19,307,1521,13,270.0,2,8,713,2260.0,4926,9.8,2.0,2019,0.04234527687296417,0.15384615384615385,2.3224755700325734,4.954397394136808,0.04814814814814815,EXHAUSTION,0.0,0.0,0.0,0,NORMAL (15-25%),STRONG ACCEL (>1.5),NEGATIVE (<1x),EXTREME (>1.0)
2019-01-04,909,30,3.19,1.8,479,1204,13,97.0,1,5,1259,1656.0,4927,20.36,2.0,2019,0.027139874739039668,0.07692307692307693,2.62839248434238,2.5135699373695197,0.13402061855670103,EXHAUSTION,0.0,0.0,0.0,0,LOW (<15%),STRONG ACCEL (>1.5),NEGATIVE (<1x),EXTREME (>1.0)
2019-01-07,455,62,3.63,2.61,680,1089,28,62.0,4,5,1610,1410.0,4925,29.63,2.0,2019,0.041176470588235294,0.14285714285714285,2.3676470588235294,1.6014705882352942,0.45161290322580644,EXHAUSTION,0.0,0.0,0.0,0,LOW (<15%),STRONG ACCEL (>1.5),NEGATIVE (<1x),EXTREME (>1.0)
2019-01-08,234,56,4.1,4.78,757,998,37,46.0,7,6,1850,1192.0,4925,37.59,2.0,2019,0.0488771466314399,0.1891891891891892,2.4438573315719947,1.3183619550858652,0.8043478260869565,EXHAUSTION,0.0,0.0,0.0,0,NORMAL (15-25%),STRONG ACCEL (>1.5),NEGATIVE (<1x),EXTREME (>1.0)
2019-01-09,211,53,3.86,4.9,872,901,36,40.0,4,6,2035,1016.0,4925,46.29,2.0,2019,0.04128440366972477,0.1111111111111111,2.333715596330275,1.033256880733945,0.9,EXHAUSTION,0.0,0.0,0.0,0,LOW (<15%),STRONG ACCEL (>1.5),NEGATIVE (<1x),EXTREME (>1.0)
2019-01-10,108,85,6.7,3.1,880,872,40,35.0,7,4,2092,960.0,4926,51.35,2.0,2019,0.045454545454545456,0.175,2.3772727272727274,0.990909090909091,1.1428571428571428,EXHAUSTION,0.0,0.0,0.0,0,NORMAL (15-25%),STRONG ACCEL (>1.5),WEAK (1-2x),HIGH (0.7-1.0)
2019-01-11,121,57,3.61,3.34,883,837,39,37.0,5,6,2099,959.0,4926,52.86,2.0,2019,0.044167610419026046,0.1282051282051282,2.377123442808607,0.9479048697621744,1.054054054054054,EXHAUSTION,0.0,0.0,0.0,0,LOW (<15%),STRONG ACCEL (>1.5),WEAK (1-2x),HIGH (0.7-1.0)
2019-01-14,85,139,1.95,2.92,802,835,45,34.0,7,6,1937,1034.0,4926,50.43,2.0,2019,0.05610972568578554,0.15555555555555556,2.415211970074813,1.041147132169576,1.3235294117647058,EXHAUSTION,0.0,0.0,0.0,1,NORMAL (15-25%),STRONG ACCEL (>1.5),WEAK (1-2x),EXTREME (>1.0)
2019-01-15,174,82,1.68,2.98,871,779,59,25.0,10,2,2051,937.0,4917,56.68,2.0,2019,0.0677382319173364,0.1694915254237288,2.354764638346728,0.894374282433984,2.36,EXHAUSTION,0.0,0.0,0.0,2,NORMAL (15-25%),STRONG ACCEL (>1.5),MODERATE (2-3x),HIGH (0.7-1.0)
2019-01-16,135,69,1.44,2.73,910,762,98,23.0,11,4,2177,856.0,4915,61.86,2.0,2019,0.1076923076923077,0.11224489795918367,2.3923076923076922,0.8373626373626374,4.260869565217392,EXHAUSTION,0.0,0.0,0.0,5,LOW (<15%),STRONG ACCEL (>1.5),STRONG (3-5x),HIGH (0.7-1.0)
2019-01-17,141,50,1.65,3.77,972,741,129,22.0,12,4,2177,856.0,4915,68.44,2.0,2019,0.13271604938271606,0.09302325581395349,2.2397119341563787,0.7623456790123457,5.863636363636363,EXHAUSTION,0.0,0.0,0.0,7,LOW (<15%),STRONG ACCEL (>1.5),VERY STRONG (>5x),HIGH (0.7-1.0)
2019-01-18,208,67,1.83,2.6,1102,710,204,20.0,21,5,2502,715.0,4916,76.27,2.0,2019,0.1851179673321234,0.10294117647058823,2.2704174228675136,0.6442831215970962,10.2,NEUTRAL,0.0,0.0,0.0,9,LOW (<15%),STRONG ACCEL (>1.5),VERY STRONG (>5x),ELEVATED (0.5-0.7)
2019-01-22,51,298,1.25,1.54,897,777,200,13.0,24,3,2211,896.0,4915,66.42,2.0,2019,0.2229654403567447,0.12,2.4648829431438126,0.8662207357859532,15.384615384615385,NEUTRAL,0.0,0.0,0.0,9,LOW (<15%),STRONG ACCEL (>1.5),VERY STRONG (>5x),HIGH (0.7-1.0)
2019-01-23,81,108,1.04,1.3,854,763,307,11.0,32,3,2149,880.0,4915,65.91,2.0,2019,0.3594847775175644,0.10423452768729642,2.5163934426229506,0.8934426229508197,27.90909090909091,EARLY_BULL,0.0,0.0,0.0,9,LOW (<15%),STRONG ACCEL (>1.5),VERY STRONG (>5x),HIGH (0.7-1.0)
2019-01-24,148,52,1.09,1.24,945,725,449,13.0,38,2,2273,652.0,4916,69.93,2.0,2019,0.47513227513227513,0.08463251670378619,2.4052910052910055,0.7671957671957672,34.53846153846154,EARLY_BULL,0.0,0.0,0.0,9,LOW (<15%),STRONG ACCEL (>1.5),VERY STRONG (>5x),HIGH (0.7-1.0)
2019-01-25,275,31,1.37,1.49,1108,646,266,14.0,25,1,2464,527.0,4916,76.42,2.0,2019,0.24007220216606498,0.09398496240601503,2.223826714801444,0.5830324909747292,19.0,NEUTRAL,0.0,0.0,0.0,9,LOW (<15%),STRONG ACCEL (>1.5),VERY STRONG (>5x),ELEVATED (0.5-0.7)
2019-01-28,83,142,1.01,1.33,1057,668,238,16.0,23,2,2393,559.0,4916,75.31,2.0,2019,0.2251655629139073,0.09663865546218488,2.2639545884578998,0.6319772942289499,14.875,NEUTRAL,0.0,0.0,0.0,9,LOW (<15%),STRONG ACCEL (>1.5),VERY STRONG (>5x),ELEVATED (0.5-0.7)
2019-01-29,86,83,1.62,1.41,1028,650,223,19.0,20,3,2368,536.0,4914,76.35,2.0,2019,0.2169260700389105,0.08968609865470852,2.3035019455252916,0.632295719844358,11.736842105263158,NEUTRAL,0.0,0.0,0.0,9,LOW (<15%),STRONG ACCEL (>1.5),VERY STRONG (>5x),ELEVATED (0.5-0.7)
2019-01-30,211,60,2.18,1.48,1164,606,254,19.0,20,4,2486,459.0,4914,81.03,2.0,2019,0.218213058419244,0.07874015748031496,2.1357388316151202,0.520618556701031,13.368421052631579,NEUTRAL,0.0,0.0,0.0,9,LOW (<15%),STRONG ACCEL (>1.5),VERY STRONG (>5x),ELEVATED (0.5-0.7)
2019-01-31,226,74,2.26,1.56,1233,562,212,18.0,19,4,2610,440.0,4915,82.9,2.0,2019,0.17193836171938362,0.08962264150943396,2.116788321167883,0.4557988645579886,11.777777777777779,NEUTRAL,0.0,0.0,0.0,8,LOW (<15%),STRONG ACCEL (>1.5),VERY STRONG (>5x),MODERATE (0.3-0.5)
2019-02-01,143,58,1.8,1.55,1272,555,352,20.0,31,4,2640,407.0,4918,83.75,2.0,2019,0.27672955974842767,0.08806818181818182,2.0754716981132075,0.4363207547169811,17.6,MID_BULL,0.0,0.0,0.0,9,LOW (<15%),STRONG ACCEL (>1.5),VERY STRONG (>5x),MODERATE (0.3-0.5)
2019-02-04,167,46,2.6,1.55,1330,517,198,21.0,17,4,2640,407.0,4918,85.4,2.0,2019,0.14887218045112782,0.08585858585858586,1.9849624060150375,0.3887218045112782,9.428571428571429,EXHAUSTION,0.0,0.0,0.0,7,LOW (<15%),STRONG ACCEL (>1.5),VERY STRONG (>5x),MODERATE (0.3-0.5)
2019-02-05,141,72,2.86,2.15,1374,512,119,21.0,9,3,2784,328.0,4913,86.2,2.0,2019,0.08660844250363901,0.07563025210084033,2.0262008733624453,0.3726346433770015,5.666666666666667,EXHAUSTION,0.0,0.0,0.0,3,LOW (<15%),STRONG ACCEL (>1.5),VERY STRONG (>5x),MODERATE (0.3-0.5)
2019-02-06,115,91,2.32,2.25,1343,517,114,20.0,7,4,2721,365.0,4912,84.74,2.0,2019,0.08488458674609084,0.06140350877192982,2.026061057334326,0.3849590469099032,5.7,EXHAUSTION,0.0,0.0,0.0,3,LOW (<15%),STRONG ACCEL (>1.5),VERY STRONG (>5x),MODERATE (0.3-0.5)
2019-02-07,67,255,1.21,1.66,1220,579,78,30.0,7,7,2589,430.0,4916,80.65,2.0,2019,0.06393442622950819,0.08974358974358974,2.1221311475409834,0.4745901639344262,2.6,EXHAUSTION,0.0,0.0,0.0,1,LOW (<15%),STRONG ACCEL (>1.5),MODERATE (2-3x),MODERATE (0.3-0.5)
2019-02-08,114,82,1.11,1.4,1218,582,85,33.0,8,6,2568,471.0,4918,78.65,2.0,2019,0.06978653530377668,0.09411764705882353,2.1083743842364533,0.47783251231527096,2.5757575757575757,EXHAUSTION,0.0,0.0,0.0,2,LOW (<15%),STRONG ACCEL (>1.5),MODERATE (2-3x),MODERATE (0.3-0.5)
2019-02-11,127,55,1.02,1.59,1304,542,85,30.0,7,6,2633,434.0,4923,80.71,2.0,2019,0.0651840490797546,0.08235294117647059,2.019171779141104,0.4156441717791411,2.8333333333333335,EXHAUSTION,0.0,0.0,0.0,1,LOW (<15%),STRONG ACCEL (>1.5),MODERATE (2-3x),MODERATE (0.3-0.5)
2019-02-12,232,55,1.22,1.82,1422,490,122,24.0,13,5,2718,397.0,4922,83.78,2.0,2019,0.08579465541490858,0.10655737704918032,1.9113924050632911,0.34458509142053445,5.083333333333333,EXHAUSTION,0.0,0.0,0.0,3,LOW (<15%),STRONG ACCEL (>1.5),VERY STRONG (>5x),MODERATE (0.3-0.5)
2019-02-13,133,48,1.36,1.75,1499,450,113,24.0,15,6,2433,375.0,4923,85.04,2.0,2019,0.07538358905937291,0.13274336283185842,1.6230820547031355,0.3002001334222815,4.708333333333333,EXHAUSTION,0.0,0.0,0.0,2,LOW (<15%),STRONG ACCEL (>1.5),STRONG (3-5x),MODERATE (0.3-0.5)
2019-02-14,139,85,2.29,1.63,1492,404,116,22.0,17,6,2394,387.0,4925,84.89,2.0,2019,0.0777479892761394,0.14655172413793102,1.6045576407506703,0.2707774798927614,5.2727272727272725,EXHAUSTION,0.0,0.0,0.0,3,LOW (<15%),STRONG ACCEL (>1.5),VERY STRONG (>5x),LOW (<0.3)
2019-02-15,193,40,2.91,1.72,1666,348,118,22.0,17,6,2542,354.0,4926,87.41,2.0,2019,0.07082833133253301,0.1440677966101695,1.525810324129652,0.20888355342136855,5.363636363636363,EXHAUSTION,0.0,0.0,0.0,2,LOW (<15%),STRONG ACCEL (>1.5),VERY STRONG (>5x),LOW (<0.3)
2019-02-19,196,75,2.95,1.7,1742,342,118,22.0,14,6,2561,358.0,4926,88.05,2.0,2019,0.0677382319173364,0.11864406779661017,1.4701492537313432,0.19632606199770378,5.363636363636363,EXHAUSTION,0.0,0.0,0.0,2,LOW (<15%),ACCELERATING (1.2-1.5),VERY STRONG (>5x),LOW (<0.3)
2019-02-20,154,104,2.32,1.65,1781,328,169,18.0,18,5,2494,383.0,4926,87.85,2.0,2019,0.0948905109489051,0.10650887573964497,1.4003368893879842,0.18416619876473891,9.38888888888889,EXHAUSTION,0.0,0.0,0.0,4,LOW (<15%),ACCELERATING (1.2-1.5),VERY STRONG (>5x),LOW (<0.3)
2019-02-21,101,109,1.9,1.6,1726,346,180,19.0,22,5,2370,416.0,4924,84.69,2.0,2019,0.10428736964078796,0.12222222222222222,1.373117033603708,0.20046349942062572,9.473684210526315,EXHAUSTION,0.0,0.0,0.0,5,LOW (<15%),ACCELERATING (1.2-1.5),VERY STRONG (>5x),LOW (<0.3)
2019-02-22,202,66,2.15,2.21,1843,311,183,18.0,21,7,2168,397.0,4925,85.74,2.0,2019,0.09929462832338579,0.11475409836065574,1.176342919153554,0.16874660879001627,10.166666666666666,EXHAUSTION,0.0,0.0,0.0,4,LOW (<15%),SLIGHT ACCEL (1.0-1.2),VERY STRONG (>5x),LOW (<0.3)
2019-02-25,163,88,1.85,2.26,1854,305,146,25.0,25,5,2034,390.0,4922,84.73,2.0,2019,0.07874865156418555,0.17123287671232876,1.0970873786407767,0.1645091693635383,5.84,EXHAUSTION,0.0,0.0,0.0,3,NORMAL (15-25%),SLIGHT ACCEL (1.0-1.2),VERY STRONG (>5x),LOW (<0.3)
2019-02-26,115,115,1.52,2.07,1769,312,174,23.0,28,5,1815,426.0,4923,81.86,2.0,2019,0.09836065573770492,0.16091954022988506,1.0260033917467495,0.17637083097795364,7.565217391304348,EXHAUSTION,0.0,0.0,0.0,4,NORMAL (15-25%),SLIGHT ACCEL (1.0-1.2),VERY STRONG (>5x),LOW (<0.3)
2019-02-27,132,115,1.45,1.81,1768,322,195,25.0,28,5,1756,455.0,4925,79.95,2.0,2019,0.11029411764705882,0.14358974358974358,0.9932126696832579,0.18212669683257918,7.8,EXHAUSTION,0.0,0.0,0.0,5,LOW (<15%),FLAT (0.8-1.0),VERY STRONG (>5x),LOW (<0.3)
2019-02-28,102,149,1.34,1.58,1733,337,152,31.0,27,6,1679,522.0,4925,76.64,2.0,2019,0.08770917484131564,0.17763157894736842,0.9688401615695326,0.1944604731679169,4.903225806451613,EXHAUSTION,0.0,0.0,0.0,3,NORMAL (15-25%),FLAT (0.8-1.0),STRONG (3-5x),LOW (<0.3)
2019-03-01,210,90,1.3,1.65,1774,320,155,36.0,25,6,1756,487.0,4928,76.76,2.0,2019,0.08737316798196167,0.16129032258064516,0.9898534385569335,0.18038331454340473,4.305555555555555,EXHAUSTION,0.0,0.0,0.0,3,NORMAL (15-25%),FLAT (0.8-1.0),STRONG (3-5x),LOW (<0.3)
2019-03-04,115,178,1.04,1.37,1730,329,138,36.0,20,8,1640,509.0,4927,73.73,2.0,2019,0.07976878612716763,0.14492753623188406,0.9479768786127167,0.19017341040462427,3.8333333333333335,EXHAUSTION,0.0,0.0,0.0,3,LOW (<15%),FLAT (0.8-1.0),STRONG (3-5x),LOW (<0.3)
2019-03-05,91,84,1.06,1.26,1681,362,116,41.0,15,8,1523,553.0,4927,70.75,2.0,2019,0.06900654372397383,0.12931034482758622,0.9060083283759667,0.21534800713860797,2.8292682926829267,EXHAUSTION,0.0,0.0,0.0,2,LOW (<15%),FLAT (0.8-1.0),MODERATE (2-3x),LOW (<0.3)
2019-03-06,56,362,0.67,0.95,1526,399,80,50.0,12,8,1227,719.0,4926,63.34,2.0,2019,0.05242463958060288,0.15,0.8040629095674967,0.26146788990825687,1.6,EXHAUSTION,0.0,0.0,0.0,0,LOW (<15%),FLAT (0.8-1.0),WEAK (1-2x),LOW (<0.3)
2019-03-07,110,137,0.68,0.94,1418,422,79,49.0,14,8,1104,799.0,4930,57.1,2.0,2019,0.05571227080394922,0.17721518987341772,0.7785613540197461,0.29760225669957685,1.6122448979591837,EXHAUSTION,0.0,0.0,0.0,1,NORMAL (15-25%),DECELERATING (<0.8),WEAK (1-2x),LOW (<0.3)
2019-03-08,110,120,0.55,0.84,1403,446,89,41.0,18,8,1052,857.0,4930,54.13,2.0,2019,0.06343549536707056,0.20224719101123595,0.7498218104062723,0.3178902352102637,2.1707317073170733,EXHAUSTION,0.0,0.0,0.0,1,NORMAL (15-25%),DECELERATING (<0.8),MODERATE (2-3x),MODERATE (0.3-0.5)
2019-03-11,248,33,0.84,0.93,1579,385,102,36.0,18,8,1249,721.0,4917,63.03,2.0,2019,0.06459784673844206,0.17647058823529413,0.7910069664344522,0.24382520582647246,2.8333333333333335,EXHAUSTION,0.0,0.0,0.0,1,NORMAL (15-25%),DECELERATING (<0.8),MODERATE (2-3x),LOW (<0.3)
2019-03-12,154,74,0.93,0.99,1595,349,97,41.0,20,7,1261,693.0,4915,63.24,2.0,2019,0.060815047021943576,0.20618556701030927,0.7905956112852665,0.21880877742946708,2.3658536585365852,EXHAUSTION,0.0,0.0,0.0,1,NORMAL (15-25%),DECELERATING (<0.8),MODERATE (2-3x),LOW (<0.3)
2019-03-13,158,80,1.76,1.04,1663,323,89,41.0,19,6,1257,691.0,4913,66.01,2.0,2019,0.05351773902585689,0.21348314606741572,0.7558628983764282,0.19422730006013228,2.1707317073170733,EXHAUSTION,0.0,0.0,0.0,1,NORMAL (15-25%),DECELERATING (<0.8),MODERATE (2-3x),LOW (<0.3)
2019-03-14,112,108,1.88,1.08,1619,343,86,51.0,18,8,1140,742.0,4916,62.66,2.0,2019,0.053119209388511425,0.20930232558139536,0.7041383570105003,0.2118591723285979,1.6862745098039216,EXHAUSTION,0.0,0.0,0.0,1,NORMAL (15-25%),DECELERATING (<0.8),WEAK (1-2x),LOW (<0.3)
2019-03-15,203,117,2.12,1.05,1666,340,90,58.0,17,7,1184,743.0,4916,61.78,2.0,2019,0.05402160864345738,0.18888888888888888,0.7106842737094838,0.20408163265306123,1.5517241379310345,EXHAUSTION,0.0,0.0,0.0,1,NORMAL (15-25%),DECELERATING (<0.8),WEAK (1-2x),LOW (<0.3)
2019-03-18,117,42,1.77,1.17,1771,318,89,55.0,16,7,1224,683.0,4916,63.96,2.0,2019,0.0502540937323546,0.1797752808988764,0.6911349520045172,0.1795595708639187,1.6181818181818182,EXHAUSTION,0.0,0.0,0.0,0,NORMAL (15-25%),DECELERATING (<0.8),WEAK (1-2x),LOW (<0.3)
2019-03-19,126,96,1.62,1.19,1707,320,83,50.0,15,6,1147,721.0,4916,59.82,2.0,2019,0.04862331575864089,0.18072289156626506,0.6719390743995314,0.18746338605741067,1.66,EXHAUSTION,0.0,0.0,0.0,0,NORMAL (15-25%),DECELERATING (<0.8),WEAK (1-2x),LOW (<0.3)
2019-03-20,108,115,1.39,1.57,1630,331,75,62.0,14,6,1074,768.0,4917,54.9,2.0,2019,0.046012269938650305,0.18666666666666668,0.6588957055214724,0.20306748466257668,1.2096774193548387,EXHAUSTION,0.0,0.0,0.0,0,NORMAL (15-25%),DECELERATING (<0.8),WEAK (1-2x),LOW (<0.3)
2019-03-21,160,68,1.63,1.75,1736,314,105,57.0,16,6,1153,755.0,4919,61.89,2.0,2019,0.06048387096774194,0.1523809523809524,0.6641705069124424,0.18087557603686635,1.8421052631578947,EXHAUSTION,0.0,0.0,0.0,1,NORMAL (15-25%),DECELERATING (<0.8),WEAK (1-2x),LOW (<0.3)
2019-03-22,35,793,0.49,0.93,1423,395,55,85.0,9,4,837,1098.0,4920,45.36,2.0,2019,0.03865073787772312,0.16363636363636364,0.5881939564300773,0.27758257203092057,0.6470588235294118,EXHAUSTION,0.0,0.0,0.0,0,NORMAL (15-25%),DECELERATING (<0.8),NEGATIVE (<1x),LOW (<0.3)
2019-03-25,79,96,0.43,0.79,1442,421,53,89.0,7,4,820,1091.0,4920,44.58,2.0,2019,0.036754507628294034,0.1320754716981132,0.5686546463245492,0.2919556171983356,0.5955056179775281,EXHAUSTION,0.0,0.0,0.0,0,LOW (<15%),DECELERATING (<0.8),NEGATIVE (<1x),LOW (<0.3)
2019-03-26,93,85,0.41,0.74,1527,402,54,76.0,7,4,877,1000.0,4920,50.51,2.0,2019,0.03536345776031434,0.12962962962962962,0.5743287491814014,0.2632612966601179,0.7105263157894737,EXHAUSTION,0.0,0.0,0.0,0,LOW (<15%),DECELERATING (<0.8),NEGATIVE (<1x),LOW (<0.3)
2019-03-27,88,133,0.39,0.68,1491,412,41,75.0,7,3,859,1031.0,4918,48.61,2.0,2019,0.02749832327297116,0.17073170731707318,0.5761234071093226,0.2763246143527834,0.5466666666666666,EXHAUSTION,0.0,0.0,0.0,0,NORMAL (15-25%),DECELERATING (<0.8),NEGATIVE (<1x),LOW (<0.3)
2019-03-28,98,76,0.33,0.68,1542,404,42,56.0,8,3,872,951.0,4918,51.32,2.0,2019,0.027237354085603113,0.19047619047619047,0.5654993514915694,0.2619974059662776,0.75,EXHAUSTION,0.0,0.0,0.0,0,NORMAL (15-25%),DECELERATING (<0.8),NEGATIVE (<1x),LOW (<0.3)
2019-03-29,140,83,1.05,0.66,1327,403,41,60.0,8,6,881,943.0,4923,52.28,2.0,2019,0.03089675960813866,0.1951219512195122,0.6639035418236624,0.3036925395629239,0.6833333333333333,EXHAUSTION,0.0,0.0,0.0,0,NORMAL (15-25%),DECELERATING (<0.8),NEGATIVE (<1x),MODERATE (0.3-0.5)
2019-04-01,189,60,1.39,0.7,1404,386,48,46.0,6,4,907,839.0,4925,60.78,2.0,2019,0.03418803418803419,0.125,0.646011396011396,0.27492877492877493,1.0434782608695652,EXHAUSTION,0.0,0.0,0.0,0,LOW (<15%),DECELERATING (<0.8),WEAK (1-2x),LOW (<0.3)
2019-04-02,128,75,1.51,0.71,1364,395,53,42.0,5,2,878,849.0,4925,58.04,2.0,2019,0.038856304985337244,0.09433962264150944,0.6436950146627566,0.2895894428152493,1.2619047619047619,EXHAUSTION,0.0,0.0,0.0,0,LOW (<15%),DECELERATING (<0.8),WEAK (1-2x),LOW (<0.3)
2019-04-03,134,81,1.84,0.74,1357,388,67,34.0,10,2,910,817.0,4929,58.59,2.0,2019,0.04937361827560796,0.14925373134328357,0.6705969049373618,0.28592483419307296,1.9705882352941178,EXHAUSTION,0.0,0.0,0.0,0,LOW (<15%),DECELERATING (<0.8),WEAK (1-2x),LOW (<0.3)
2019-04-04,130,86,1.87,0.71,1313,371,80,35.0,7,3,925,775.0,4925,63.26,2.0,2019,0.06092916984006093,0.0875,0.7044935262757045,0.28255902513328257,2.2857142857142856,EXHAUSTION,0.0,0.0,0.0,1,LOW (<15%),DECELERATING (<0.8),MODERATE (2-3x),LOW (<0.3)
2019-04-05,161,51,2.1,1.5,1399,342,94,27.0,11,1,1040,707.0,4926,67.73,2.0,2019,0.06719085060757685,0.11702127659574468,0.7433881343817013,0.2444603288062902,3.4814814814814814,EXHAUSTION,0.0,0.0,0.0,2,LOW (<15%),DECELERATING (<0.8),STRONG (3-5x),LOW (<0.3)
2019-04-08,112,56,1.91,1.62,1164,352,60,33.0,9,3,1057,711.0,4926,66.4,2.0,2019,0.05154639175257732,0.15,0.9080756013745704,0.3024054982817869,1.8181818181818181,EXHAUSTION,0.0,0.0,0.0,0,LOW (<15%),FLAT (0.8-1.0),WEAK (1-2x),MODERATE (0.3-0.5)
2019-04-09,61,134,1.47,1.49,993,391,44,41.0,6,5,905,754.0,4926,58.35,2.0,2019,0.044310171198388724,0.13636363636363635,0.9113796576032226,0.39375629405840884,1.0731707317073171,EXHAUSTION,0.0,0.0,0.0,0,LOW (<15%),FLAT (0.8-1.0),WEAK (1-2x),MODERATE (0.3-0.5)
2019-04-10,145,42,1.65,1.74,1012,363,51,39.0,11,3,1006,688.0,4929,63.91,2.0,2019,0.05039525691699605,0.21568627450980393,0.9940711462450593,0.358695652173913,1.3076923076923077,EXHAUSTION,0.0,0.0,0.0,0,NORMAL (15-25%),FLAT (0.8-1.0),WEAK (1-2x),MODERATE (0.3-0.5)
2019-04-11,75,100,1.45,1.66,961,385,41,41.0,7,3,986,717.0,4931,63.34,2.0,2019,0.04266389177939646,0.17073170731707318,1.0260145681581685,0.4006243496357961,1.0,EXHAUSTION,0.0,0.0,0.0,0,NORMAL (15-25%),SLIGHT ACCEL (1.0-1.2),NEGATIVE (<1x),MODERATE (0.3-0.5)
2019-04-12,95,96,1.14,1.57,962,387,42,35.0,6,3,1088,704.0,4931,65.25,2.0,2019,0.04365904365904366,0.14285714285714285,1.130977130977131,0.4022869022869023,1.2,EXHAUSTION,0.0,0.0,0.0,0,LOW (<15%),SLIGHT ACCEL (1.0-1.2),WEAK (1-2x),MODERATE (0.3-0.5)
2019-04-15,64,113,0.91,1.32,925,327,36,40.0,8,3,1002,738.0,4931,63.27,2.0,2019,0.03891891891891892,0.2222222222222222,1.0832432432432433,0.3535135135135135,0.9,EXHAUSTION,0.0,0.0,0.0,0,NORMAL (15-25%),SLIGHT ACCEL (1.0-1.2),NEGATIVE (<1x),MODERATE (0.3-0.5)
2019-04-16,96,117,1.01,1.22,939,409,42,38.0,6,4,1049,720.0,4934,61.43,2.0,2019,0.04472843450479233,0.14285714285714285,1.1171458998935038,0.4355697550585729,1.105263157894737,EXHAUSTION,0.0,0.0,0.0,0,LOW (<15%),SLIGHT ACCEL (1.0-1.2),WEAK (1-2x),MODERATE (0.3-0.5)
2019-04-17,66,285,0.56,0.93,856,446,45,41.0,7,4,1003,778.0,4934,59.04,2.0,2019,0.052570093457943924,0.15555555555555556,1.1717289719626167,0.5210280373831776,1.0975609756097562,EXHAUSTION,0.0,0.0,0.0,1,NORMAL (15-25%),SLIGHT ACCEL (1.0-1.2),WEAK (1-2x),ELEVATED (0.5-0.7)
2019-04-18,66,85,0.56,0.87,837,454,34,46.0,5,4,961,770.0,4936,58.91,2.0,2019,0.04062126642771804,0.14705882352941177,1.1481481481481481,0.5424133811230586,0.7391304347826086,EXHAUSTION,0.0,0.0,0.0,0,LOW (<15%),SLIGHT ACCEL (1.0-1.2),NEGATIVE (<1x),ELEVATED (0.5-0.7)
2019-04-22,137,109,0.61,0.81,833,454,67,30.0,8,3,947,757.0,4937,56.46,2.0,2019,0.08043217286914765,0.11940298507462686,1.1368547418967587,0.5450180072028812,2.2333333333333334,EXHAUSTION,0.0,0.0,0.0,3,LOW (<15%),SLIGHT ACCEL (1.0-1.2),MODERATE (2-3x),ELEVATED (0.5-0.7)
2019-04-23,233,48,0.93,0.92,879,432,73,27.0,9,3,1104,650.0,4936,64.03,2.0,2019,0.08304891922639362,0.1232876712328767,1.2559726962457338,0.49146757679180886,2.7037037037037037,EXHAUSTION,0.0,0.0,0.0,3,LOW (<15%),ACCELERATING (1.2-1.5),MODERATE (2-3x),MODERATE (0.3-0.5)
2019-04-24,95,99,0.95,0.98,876,423,73,33.0,7,4,1094,671.0,4935,64.68,2.0,2019,0.08333333333333333,0.0958904109589041,1.2488584474885844,0.4828767123287671,2.212121212121212,EXHAUSTION,0.0,0.0,0.0,3,LOW (<15%),ACCELERATING (1.2-1.5),MODERATE (2-3x),MODERATE (0.3-0.5)
2019-04-25,75,192,1.14,0.81,828,442,62,31.0,7,3,985,698.0,4935,58.58,2.0,2019,0.0748792270531401,0.11290322580645161,1.1896135265700483,0.533816425120773,2.0,EXHAUSTION,0.0,0.0,0.0,2,LOW (<15%),SLIGHT ACCEL (1.0-1.2),WEAK (1-2x),ELEVATED (0.5-0.7)
2019-04-26,150,62,1.35,0.89,834,426,69,32.0,10,3,1026,652.0,4934,61.62,2.0,2019,0.08273381294964029,0.14492753623188406,1.2302158273381294,0.5107913669064749,2.15625,EXHAUSTION,0.0,0.0,0.0,3,LOW (<15%),ACCELERATING (1.2-1.5),MODERATE (2-3x),ELEVATED (0.5-0.7)
2019-04-29,118,54,1.47,0.95,824,410,69,23.0,9,3,1076,624.0,4935,62.63,2.0,2019,0.08373786407766991,0.13043478260869565,1.3058252427184467,0.4975728155339806,3.0,EXHAUSTION,0.0,0.0,0.0,3,LOW (<15%),ACCELERATING (1.2-1.5),MODERATE (2-3x),MODERATE (0.3-0.5)
2019-04-30,100,194,0.9,0.91,795,440,49,35.0,5,4,984,692.0,4935,62.23,2.0,2019,0.061635220125786164,0.10204081632653061,1.2377358490566037,0.5534591194968553,1.4,EXHAUSTION,0.0,0.0,0.0,1,LOW (<15%),ACCELERATING (1.2-1.5),WEAK (1-2x),ELEVATED (0.5-0.7)
2019-05-01,87,193,0.76,0.85,726,477,48,43.0,6,4,893,763.0,4936,57.27,2.0,2019,0.06611570247933884,0.125,1.2300275482093663,0.6570247933884298,1.1162790697674418,EXHAUSTION,0.0,0.0,0.0,2,LOW (<15%),ACCELERATING (1.2-1.5),WEAK (1-2x),ELEVATED (0.5-0.7)
2019-05-02,135,172,0.87,0.99,694,491,47,48.0,8,5,901,807.0,4939,55.7,2.0,2019,0.06772334293948126,0.1702127659574468,1.298270893371758,0.707492795389049,0.9791666666666666,EXHAUSTION,0.0,0.0,0.0,2,NORMAL (15-25%),ACCELERATING (1.2-1.5),NEGATIVE (<1x),HIGH (0.7-1.0)
2019-05-03,262,60,1.04,1.18,789,428,55,37.0,8,4,1160,671.0,4941,63.39,2.0,2019,0.0697084917617237,0.14545454545454545,1.4702154626108999,0.5424588086185045,1.4864864864864864,EXHAUSTION,0.0,0.0,0.0,2,LOW (<15%),ACCELERATING (1.2-1.5),WEAK (1-2x),ELEVATED (0.5-0.7)
2019-05-06,121,52,1.05,1.22,757,434,43,46.0,8,4,1179,657.0,4941,61.22,2.0,2019,0.05680317040951123,0.18604651162790697,1.5574636723910171,0.5733157199471598,0.9347826086956522,EXHAUSTION,0.0,0.0,0.0,1,NORMAL (15-25%),STRONG ACCEL (>1.5),NEGATIVE (<1x),ELEVATED (0.5-0.7)
2019-05-07,89,276,0.92,0.91,651,483,45,54.0,7,5,913,796.0,4941,48.81,2.0,2019,0.06912442396313365,0.15555555555555556,1.402457757296467,0.7419354838709677,0.8333333333333334,EXHAUSTION,0.0,0.0,0.0,2,NORMAL (15-25%),ACCELERATING (1.2-1.5),NEGATIVE (<1x),HIGH (0.7-1.0)
2019-05-08,123,134,1.05,0.91,630,501,55,42.0,6,5,903,812.0,4940,46.8,2.0,2019,0.0873015873015873,0.10909090909090909,1.4333333333333333,0.7952380952380952,1.3095238095238095,EXHAUSTION,0.0,0.0,0.0,3,LOW (<15%),ACCELERATING (1.2-1.5),WEAK (1-2x),HIGH (0.7-1.0)
2019-05-09,124,175,1.03,0.95,618,523,46,63.0,7,7,901,854.0,4951,45.6,2.0,2019,0.0744336569579288,0.15217391304347827,1.4579288025889967,0.8462783171521036,0.7301587301587301,EXHAUSTION,0.0,0.0,0.0,2,NORMAL (15-25%),ACCELERATING (1.2-1.5),NEGATIVE (<1x),HIGH (0.7-1.0)
2019-05-10,129,124,0.77,0.9,632,528,60,63.0,9,6,916,867.0,4953,49.42,2.0,2019,0.0949367088607595,0.15,1.4493670886075949,0.8354430379746836,0.9523809523809523,EXHAUSTION,0.0,0.0,0.0,4,LOW (<15%),ACCELERATING (1.2-1.5),NEGATIVE (<1x),HIGH (0.7-1.0)
2019-05-13,40,709,0.36,0.58,481,629,46,92.0,7,6,605,1161.0,4957,35.65,2.0,2019,0.09563409563409564,0.15217391304347827,1.2577962577962578,1.3076923076923077,0.5,EXHAUSTION,0.0,0.0,0.0,4,NORMAL (15-25%),ACCELERATING (1.2-1.5),NEGATIVE (<1x),EXTREME (>1.0)
2019-05-14,154,62,0.47,0.65,517,596,53,76.0,9,5,701,1044.0,4958,41.03,2.0,2019,0.10251450676982592,0.16981132075471697,1.355899419729207,1.1528046421663443,0.6973684210526315,EXHAUSTION,0.0,0.0,0.0,5,NORMAL (15-25%),ACCELERATING (1.2-1.5),NEGATIVE (<1x),EXTREME (>1.0)
2019-05-15,124,65,0.5,0.71,521,571,54,82.0,7,6,704,1006.0,4960,43.79,2.0,2019,0.1036468330134357,0.12962962962962962,1.3512476007677543,1.0959692898272553,0.6585365853658537,EXHAUSTION,0.0,0.0,0.0,5,LOW (<15%),ACCELERATING (1.2-1.5),NEGATIVE (<1x),EXTREME (>1.0)
2019-05-16,111,126,0.51,0.72,540,594,74,77.0,9,5,727,1003.0,4958,47.64,2.0,2019,0.13703703703703704,0.12162162162162163,1.3462962962962963,1.1,0.961038961038961,EXHAUSTION,0.0,0.0,0.0,7,LOW (<15%),ACCELERATING (1.2-1.5),NEGATIVE (<1x),EXTREME (>1.0)
2019-05-17,71,186,0.44,0.57,484,646,69,99.0,11,6,619,1128.0,4961,42.08,2.0,2019,0.14256198347107438,0.15942028985507245,1.2789256198347108,1.334710743801653,0.696969696969697,EXHAUSTION,0.0,0.0,0.0,7,NORMAL (15-25%),ACCELERATING (1.2-1.5),NEGATIVE (<1x),EXTREME (>1.0)
2019-05-20,58,164,0.86,0.51,444,682,60,119.0,9,10,595,1204.0,4959,38.15,2.0,2019,0.13513513513513514,0.15,1.34009009009009,1.5360360360360361,0.5042016806722689,EXHAUSTION,0.0,0.0,0.0,7,LOW (<15%),ACCELERATING (1.2-1.5),NEGATIVE (<1x),EXTREME (>1.0)
2019-05-21,134,66,0.82,0.59,486,630,56,103.0,7,9,656,1093.0,4959,43.48,2.0,2019,0.11522633744855967,0.125,1.3497942386831276,1.2962962962962963,0.5436893203883495,EXHAUSTION,0.0,0.0,0.0,6,LOW (<15%),ACCELERATING (1.2-1.5),NEGATIVE (<1x),EXTREME (>1.0)
2019-05-22,57,204,0.58,0.53,460,692,56,137.0,8,15,598,1214.0,4960,39.0,2.0,2019,0.12173913043478261,0.14285714285714285,1.3,1.5043478260869565,0.40875912408759124,EXHAUSTION,0.0,0.0,0.0,6,LOW (<15%),ACCELERATING (1.2-1.5),NEGATIVE (<1x),EXTREME (>1.0)
2019-05-23,45,379,0.37,0.44,401,630,44,144.0,4,15,486,1420.0,4963,32.09,2.0,2019,0.10972568578553615,0.09090909090909091,1.2119700748129676,1.571072319201995,0.3055555555555556,EXHAUSTION,0.0,0.0,0.0,5,LOW (<15%),ACCELERATING (1.2-1.5),NEGATIVE (<1x),EXTREME (>1.0)
2019-05-24,92,44,0.45,0.44,424,746,27,143.0,5,14,533,1345.0,4963,34.49,2.0,2019,0.06367924528301887,0.18518518518518517,1.2570754716981132,1.759433962264151,0.1888111888111888,EXHAUSTION,0.0,0.0,0.0,1,NORMAL (15-25%),ACCELERATING (1.2-1.5),NEGATIVE (<1x),EXTREME (>1.0)
2019-05-28,89,154,0.49,0.64,401,760,38,173.0,5,17,505,1390.0,4964,30.02,2.0,2019,0.09476309226932668,0.13157894736842105,1.259351620947631,1.8952618453865338,0.21965317919075145,EXHAUSTION,0.0,0.0,0.0,4,LOW (<15%),ACCELERATING (1.2-1.5),NEGATIVE (<1x),EXTREME (>1.0)
2019-05-29,72,189,0.37,0.54,366,808,33,179.0,6,11,443,1493.0,4965,25.19,2.0,2019,0.09016393442622951,0.18181818181818182,1.210382513661202,2.2076502732240435,0.18435754189944134,EXHAUSTION,0.0,0.0,0.0,4,NORMAL (15-25%),ACCELERATING (1.2-1.5),NEGATIVE (<1x),EXTREME (>1.0)
2019-05-30,106,116,0.46,0.51,372,817,47,167.0,11,8,453,1506.0,4966,24.84,2.0,2019,0.12634408602150538,0.23404255319148937,1.217741935483871,2.196236559139785,0.281437125748503,EXHAUSTION,0.0,0.0,0.0,6,NORMAL (15-25%),ACCELERATING (1.2-1.5),NEGATIVE (<1x),EXTREME (>1.0)
2019-05-31,76,271,0.56,0.45,342,893,39,202.0,7,12,414,1660.0,4965,23.58,2.0,2019,0.11403508771929824,0.1794871794871795,1.2105263157894737,2.611111111111111,0.19306930693069307,EXHAUSTION,0.0,0.0,0.0,6,NORMAL (15-25%),ACCELERATING (1.2-1.5),NEGATIVE (<1x),EXTREME (>1.0)
2019-06-03,145,164,0.55,0.5,330,889,31,228.0,3,13,402,1640.0,4966,24.12,2.0,2019,0.09393939393939393,0.0967741935483871,1.2181818181818183,2.693939393939394,0.13596491228070176,EXHAUSTION,0.0,0.0,0.0,4,LOW (<15%),ACCELERATING (1.2-1.5),NEGATIVE (<1x),EXTREME (>1.0)
2019-06-04,377,26,1.01,0.74,385,770,34,165.0,5,10,523,1362.0,4967,31.73,2.0,2019,0.08831168831168831,0.14705882352941177,1.3584415584415583,2.0,0.20606060606060606,EXHAUSTION,0.0,0.0,0.0,4,LOW (<15%),ACCELERATING (1.2-1.5),NEGATIVE (<1x),EXTREME (>1.0)
2019-06-05,96,192,1.04,0.66,398,820,41,158.0,6,12,528,1399.0,4969,35.34,2.0,2019,0.10301507537688442,0.14634146341463414,1.3266331658291457,2.0603015075376883,0.25949367088607594,EXHAUSTION,0.0,0.0,0.0,5,LOW (<15%),ACCELERATING (1.2-1.5),NEGATIVE (<1x),EXTREME (>1.0)
2019-06-06,66,165,0.93,0.68,388,819,41,166.0,4,19,516,1434.0,4966,35.98,2.0,2019,0.1056701030927835,0.0975609756097561,1.3298969072164948,2.1108247422680413,0.2469879518072289,EXHAUSTION,0.0,0.0,0.0,5,LOW (<15%),ACCELERATING (1.2-1.5),NEGATIVE (<1x),EXTREME (>1.0)
2019-06-07,136,64,1.34,0.91,413,778,45,131.0,9,15,572,1363.0,4971,38.86,2.0,2019,0.1089588377723971,0.2,1.3849878934624698,1.883777239709443,0.3435114503816794,EXHAUSTION,0.0,0.0,0.0,5,NORMAL (15-25%),ACCELERATING (1.2-1.5),NEGATIVE (<1x),EXTREME (>1.0)
2019-06-10,172,96,1.56,0.93,426,748,36,122.0,9,14,632,1298.0,4970,39.73,2.0,2019,0.08450704225352113,0.25,1.483568075117371,1.755868544600939,0.29508196721311475,EXHAUSTION,0.0,0.0,0.0,3,NORMAL (15-25%),ACCELERATING (1.2-1.5),NEGATIVE (<1x),EXTREME (>1.0)
2019-06-11,91,111,0.89,0.96,405,771,40,84.0,8,9,612,1283.0,4970,39.46,2.0,2019,0.09876543209876543,0.2,1.511111111111111,1.9037037037037037,0.47619047619047616,EXHAUSTION,0.0,0.0,0.0,4,NORMAL (15-25%),STRONG ACCEL (>1.5),NEGATIVE (<1x),EXTREME (>1.0)
2019-06-12,108,146,0.98,1.02,409,779,34,122.0,7,11,639,1283.0,4974,39.69,2.0,2019,0.08312958435207823,0.20588235294117646,1.5623471882640587,1.9046454767726162,0.2786885245901639,EXHAUSTION,0.0,0.0,0.0,3,NORMAL (15-25%),STRONG ACCEL (>1.5),NEGATIVE (<1x),EXTREME (>1.0)
2019-06-13,213,34,1.6,1.17,453,733,40,100.0,8,10,731,1174.0,4975,44.43,2.0,2019,0.08830022075055188,0.2,1.6136865342163356,1.6181015452538632,0.4,EXHAUSTION,0.0,0.0,0.5,4,NORMAL (15-25%),STRONG ACCEL (>1.5),NEGATIVE (<1x),EXTREME (>1.0)
2019-06-14,55,135,1.22,1.29,421,776,30,103.0,7,10,662,1246.0,4976,42.16,2.0,2019,0.07125890736342043,0.23333333333333334,1.5724465558194773,1.843230403800475,0.2912621359223301,EXHAUSTION,0.0,0.0,0.5,2,NORMAL (15-25%),STRONG ACCEL (>1.5),NEGATIVE (<1x),EXTREME (>1.0)
2019-06-17,223,83,1.36,1.46,438,735,42,74.0,7,10,716,1185.0,4976,42.41,2.0,2019,0.0958904109589041,0.16666666666666666,1.634703196347032,1.678082191780822,0.5675675675675675,EXHAUSTION,0.0,0.0,0.5,4,NORMAL (15-25%),STRONG ACCEL (>1.5),NEGATIVE (<1x),EXTREME (>1.0)
2019-06-18,232,49,1.86,1.29,483,698,51,61.0,12,9,873,1033.0,4977,49.22,2.0,2019,0.10559006211180125,0.23529411764705882,1.8074534161490683,1.445134575569358,0.8360655737704918,EXHAUSTION,0.0,0.0,0.0,5,NORMAL (15-25%),STRONG ACCEL (>1.5),NEGATIVE (<1x),EXTREME (>1.0)
2019-06-19,109,84,2.16,1.45,487,680,44,73.0,8,9,913,993.0,4973,51.28,2.0,2019,0.09034907597535935,0.18181818181818182,1.8747433264887063,1.3963039014373717,0.6027397260273972,EXHAUSTION,0.0,0.0,0.0,4,NORMAL (15-25%),STRONG ACCEL (>1.5),NEGATIVE (<1x),EXTREME (>1.0)
2019-06-20,200,74,1.93,1.76,533,655,54,50.0,10,7,1015,930.0,4982,56.22,2.0,2019,0.10131332082551595,0.18518518518518517,1.9043151969981238,1.2288930581613509,1.08,EXHAUSTION,0.0,0.0,0.0,5,NORMAL (15-25%),STRONG ACCEL (>1.5),WEAK (1-2x),EXTREME (>1.0)
2019-06-21,118,147,2.02,1.59,510,665,66,47.0,12,7,962,915.0,4982,53.71,2.0,2019,0.12941176470588237,0.18181818181818182,1.8862745098039215,1.303921568627451,1.4042553191489362,EXHAUSTION,0.0,0.0,0.0,7,NORMAL (15-25%),STRONG ACCEL (>1.5),WEAK (1-2x),EXTREME (>1.0)
2019-06-24,64,115,1.54,1.44,476,692,55,56.0,12,7,850,945.0,4982,49.15,2.0,2019,0.11554621848739496,0.21818181818181817,1.7857142857142858,1.453781512605042,0.9821428571428571,EXHAUSTION,0.0,0.0,0.5,6,NORMAL (15-25%),STRONG ACCEL (>1.5),NEGATIVE (<1x),EXTREME (>1.0)
2019-06-25,92,149,1.02,1.39,460,721,44,55.0,10,7,784,943.0,4983,47.04,2.0,2019,0.09565217391304348,0.22727272727272727,1.7043478260869565,1.567391304347826,0.8,EXHAUSTION,0.0,0.0,0.5,4,NORMAL (15-25%),STRONG ACCEL (>1.5),NEGATIVE (<1x),EXTREME (>1.0)
2019-06-26,132,111,1.02,1.47,480,690,55,51.0,9,9,828,887.0,4985,45.56,2.0,2019,0.11458333333333333,0.16363636363636364,1.725,1.4375,1.0784313725490196,EXHAUSTION,0.0,0.0,0.5,6,NORMAL (15-25%),STRONG ACCEL (>1.5),WEAK (1-2x),EXTREME (>1.0)
2019-06-27,224,48,1.11,1.46,534,632,67,37.0,11,8,981,776.0,4993,52.2,2.0,2019,0.1254681647940075,0.16417910447761194,1.8370786516853932,1.1835205992509363,1.8108108108108107,EXHAUSTION,0.0,0.5,0.5,6,NORMAL (15-25%),STRONG ACCEL (>1.5),WEAK (1-2x),EXTREME (>1.0)
2019-06-28,382,65,1.83,1.92,597,606,127,36.0,17,7,1202,649.0,4999,59.95,2.0,2019,0.21273031825795644,0.13385826771653545,2.013400335008375,1.015075376884422,3.5277777777777777,NEUTRAL,0.0,0.5,0.5,9,LOW (<15%),STRONG ACCEL (>1.5),STRONG (3-5x),EXTREME (>1.0)
2019-07-01,74,50,2.14,1.82,608,600,129,32.0,22,8,1278,643.0,5001,61.89,2.0,2019,0.21217105263157895,0.17054263565891473,2.101973684210526,0.9868421052631579,4.03125,NEUTRAL,0.0,0.5,0.5,9,NORMAL (15-25%),STRONG ACCEL (>1.5),STRONG (3-5x),HIGH (0.7-1.0)
2019-07-02,84,135,2.19,1.51,590,635,72,40.0,18,6,1164,668.0,5001,61.85,2.0,2019,0.12203389830508475,0.25,1.9728813559322034,1.076271186440678,1.8,EXHAUSTION,0.0,0.0,0.0,6,NORMAL (15-25%),STRONG ACCEL (>1.5),WEAK (1-2x),EXTREME (>1.0)
2019-07-03,53,30,2.49,1.54,619,613,91,29.0,17,7,1250,617.0,4996,65.85,2.0,2019,0.1470113085621971,0.18681318681318682,2.0193861066235863,0.9903069466882067,3.1379310344827585,EXHAUSTION,0.0,0.0,0.0,7,NORMAL (15-25%),STRONG ACCEL (>1.5),STRONG (3-5x),HIGH (0.7-1.0)
2019-07-05,117,57,2.11,1.48,621,595,102,22.0,20,3,1267,562.0,4997,68.03,2.0,2019,0.1642512077294686,0.19607843137254902,2.0402576489533013,0.9581320450885669,4.636363636363637,NEUTRAL,0.5,0.0,0.0,8,NORMAL (15-25%),STRONG ACCEL (>1.5),STRONG (3-5x),HIGH (0.7-1.0)
2019-07-08,88,139,1.01,1.46,576,617,73,26.0,15,4,1139,618.0,4997,65.78,2.0,2019,0.1267361111111111,0.2054794520547945,1.9774305555555556,1.0711805555555556,2.8076923076923075,EXHAUSTION,0.5,0.0,0.0,6,NORMAL (15-25%),STRONG ACCEL (>1.5),MODERATE (2-3x),EXTREME (>1.0)
2019-07-09,106,70,1.04,1.58,591,607,72,21.0,14,4,1127,617.0,4998,65.07,2.0,2019,0.1218274111675127,0.19444444444444445,1.906937394247039,1.027072758037225,3.4285714285714284,EXHAUSTION,0.5,0.5,0.0,6,NORMAL (15-25%),STRONG ACCEL (>1.5),STRONG (3-5x),EXTREME (>1.0)
2019-07-10,144,68,1.4,1.82,615,604,91,20.0,18,6,1184,551.0,4998,66.35,2.0,2019,0.14796747967479676,0.1978021978021978,1.9252032520325204,0.9821138211382113,4.55,EXHAUSTION,0.0,0.5,0.0,7,NORMAL (15-25%),STRONG ACCEL (>1.5),STRONG (3-5x),HIGH (0.7-1.0)
2019-07-11,81,115,1.19,1.74,616,611,89,27.0,18,5,1146,575.0,4997,64.55,2.0,2019,0.1444805194805195,0.20224719101123595,1.8603896103896105,0.9918831168831169,3.2962962962962963,EXHAUSTION,0.0,0.5,0.0,7,NORMAL (15-25%),STRONG ACCEL (>1.5),STRONG (3-5x),HIGH (0.7-1.0)
2019-07-12,107,67,1.15,1.55,634,591,72,24.0,14,4,1245,554.0,4997,68.18,3.0,2019,0.11356466876971609,0.19444444444444445,1.9637223974763407,0.9321766561514195,3.0,EXHAUSTION,-0.33333333333333337,0.0,-0.33333333333333337,6,NORMAL (15-25%),STRONG ACCEL (>1.5),MODERATE (2-3x),HIGH (0.7-1.0)
2019-07-15,75,106,1.2,1.11,609,606,74,21.0,15,4,1198,571.0,5000,66.82,3.0,2019,0.12151067323481117,0.20270270270270271,1.9671592775041051,0.9950738916256158,3.5238095238095237,EXHAUSTION,-0.33333333333333337,0.0,-0.33333333333333337,6,NORMAL (15-25%),STRONG ACCEL (>1.5),STRONG (3-5x),HIGH (0.7-1.0)
2019-07-16,96,104,1.09,1.07,628,594,61,26.0,13,5,1209,566.0,5001,67.03,3.0,2019,0.09713375796178345,0.21311475409836064,1.9251592356687899,0.945859872611465,2.3461538461538463,EXHAUSTION,0.0,0.0,-0.33333333333333337,4,NORMAL (15-25%),STRONG ACCEL (>1.5),MODERATE (2-3x),HIGH (0.7-1.0)
2019-07-17,78,152,0.8,1.04,588,620,51,30.0,12,4,1099,610.0,5001,61.69,2.0,2019,0.08673469387755102,0.23529411764705882,1.869047619047619,1.054421768707483,1.7,EXHAUSTION,0.5,0.0,0.0,3,NORMAL (15-25%),STRONG ACCEL (>1.5),WEAK (1-2x),EXTREME (>1.0)
2019-07-18,97,128,0.81,0.98,578,643,49,40.0,9,6,1096,654.0,5002,61.52,2.0,2019,0.0847750865051903,0.1836734693877551,1.8961937716262975,1.1124567474048443,1.225,EXHAUSTION,0.5,0.0,0.0,3,NORMAL (15-25%),STRONG ACCEL (>1.5),WEAK (1-2x),EXTREME (>1.0)
2019-07-19,73,77,0.74,0.92,554,658,43,44.0,11,5,967,671.0,5010,58.45,2.0,2019,0.0776173285198556,0.2558139534883721,1.7454873646209386,1.187725631768953,0.9772727272727273,EXHAUSTION,0.5,0.0,0.0,3,ELEVATED (25-35%),STRONG ACCEL (>1.5),NEGATIVE (<1x),EXTREME (>1.0)
2019-07-22,104,125,0.76,0.95,573,670,50,46.0,10,5,830,710.0,5010,55.56,2.0,2019,0.08726003490401396,0.2,1.4485165794066317,1.169284467713787,1.0869565217391304,EXHAUSTION,0.5,0.0,0.0,3,NORMAL (15-25%),ACCELERATING (1.2-1.5),WEAK (1-2x),EXTREME (>1.0)
2019-07-23,109,107,0.78,0.92,584,653,54,36.0,9,2,857,684.0,5010,62.18,3.0,2019,0.09246575342465753,0.16666666666666666,1.4674657534246576,1.1181506849315068,1.5,EXHAUSTION,0.0,-0.33333333333333337,-0.33333333333333337,4,NORMAL (15-25%),ACCELERATING (1.2-1.5),WEAK (1-2x),EXTREME (>1.0)
2019-07-24,250,56,1.28,1.03,673,616,67,22.0,9,4,1012,615.0,5009,66.25,3.0,2019,0.09955423476968796,0.13432835820895522,1.5037147102526003,0.9153046062407132,3.0454545454545454,EXHAUSTION,-0.33333333333333337,-0.33333333333333337,-0.33333333333333337,5,LOW (<15%),STRONG ACCEL (>1.5),STRONG (3-5x),HIGH (0.7-1.0)
2019-07-25,69,214,1.04,0.93,607,656,53,39.0,9,3,850,719.0,5009,60.07,3.0,2019,0.08731466227347612,0.16981132075471697,1.400329489291598,1.0807248764415156,1.358974358974359,EXHAUSTION,-0.33333333333333337,-0.33333333333333337,-0.33333333333333337,3,NORMAL (15-25%),ACCELERATING (1.2-1.5),WEAK (1-2x),EXTREME (>1.0)
2019-07-26,150,72,1.19,0.96,666,613,52,45.0,6,3,949,699.0,5016,63.03,3.0,2019,0.07807807807807808,0.11538461538461539,1.424924924924925,0.9204204204204204,1.1555555555555554,EXHAUSTION,-0.33333333333333337,-0.33333333333333337,-0.33333333333333337,3,LOW (<15%),ACCELERATING (1.2-1.5),WEAK (1-2x),HIGH (0.7-1.0)
2019-07-29,64,161,1.05,0.91,623,622,39,68.0,6,4,869,707.0,5020,60.65,3.0,2019,0.06260032102728733,0.15384615384615385,1.3948635634028892,0.9983948635634029,0.5735294117647058,EXHAUSTION,-0.33333333333333337,-0.33333333333333337,-0.33333333333333337,1,NORMAL (15-25%),ACCELERATING (1.2-1.5),NEGATIVE (<1x),HIGH (0.7-1.0)
2019-07-30,224,64,1.34,1.05,669,573,44,56.0,6,4,957,654.0,5021,62.87,3.0,2019,0.06576980568011959,0.13636363636363635,1.4304932735426008,0.8565022421524664,0.7857142857142857,EXHAUSTION,-0.33333333333333337,-0.33333333333333337,-0.33333333333333337,2,LOW (<15%),ACCELERATING (1.2-1.5),NEGATIVE (<1x),HIGH (0.7-1.0)
2019-07-31,115,189,0.89,1.05,625,567,46,51.0,7,4,879,700.0,5017,56.37,2.0,2019,0.0736,0.15217391304347827,1.4064,0.9072,0.9019607843137255,EXHAUSTION,0.0,0.0,0.0,2,NORMAL (15-25%),ACCELERATING (1.2-1.5),NEGATIVE (<1x),HIGH (0.7-1.0)
2019-08-01,141,393,0.79,0.89,567,648,44,78.0,8,7,768,875.0,5023,45.89,2.0,2019,0.07760141093474426,0.18181818181818182,1.3544973544973544,1.1428571428571428,0.5641025641025641,EXHAUSTION,0.0,0.0,0.0,3,NORMAL (15-25%),ACCELERATING (1.2-1.5),NEGATIVE (<1x),EXTREME (>1.0)
2019-08-02,87,189,0.63,0.84,524,685,39,103.0,6,8,675,985.0,5021,41.46,2.0,2019,0.07442748091603053,0.15384615384615385,1.2881679389312977,1.3072519083969465,0.3786407766990291,EXHAUSTION,0.0,0.0,0.0,2,NORMAL (15-25%),ACCELERATING (1.2-1.5),NEGATIVE (<1x),EXTREME (>1.0)
2019-08-05,65,668,0.42,0.6,416,798,41,122.0,5,12,483,1285.0,5022,24.88,2.0,2019,0.0985576923076923,0.12195121951219512,1.1610576923076923,1.9182692307692308,0.3360655737704918,EXHAUSTION,0.0,0.0,0.0,4,LOW (<15%),SLIGHT ACCEL (1.0-1.2),NEGATIVE (<1x),EXTREME (>1.0)
2019-08-06,136,126,0.35,0.61,458,782,32,133.0,5,15,529,1214.0,5023,30.35,2.0,2019,0.06986899563318777,0.15625,1.1550218340611353,1.7074235807860263,0.24060150375939848,EXHAUSTION,0.0,0.0,0.0,2,NORMAL (15-25%),SLIGHT ACCEL (1.0-1.2),NEGATIVE (<1x),EXTREME (>1.0)
2019-08-07,165,179,0.38,0.54,476,745,33,157.0,8,17,588,1246.0,5022,32.34,2.0,2019,0.06932773109243698,0.24242424242424243,1.2352941176470589,1.565126050420168,0.21019108280254778,EXHAUSTION,0.0,0.0,0.0,2,NORMAL (15-25%),ACCELERATING (1.2-1.5),NEGATIVE (<1x),EXTREME (>1.0)
2019-08-08,325,125,0.6,0.68,559,676,52,136.0,6,18,766,1075.0,5022,41.86,2.0,2019,0.09302325581395349,0.11538461538461539,1.370304114490161,1.2093023255813953,0.38235294117647056,EXHAUSTION,0.0,0.0,0.0,4,LOW (<15%),ACCELERATING (1.2-1.5),NEGATIVE (<1x),EXTREME (>1.0)
2019-08-09,113,222,0.61,0.62,535,727,50,173.0,6,21,719,1205.0,5024,37.28,2.0,2019,0.09345794392523364,0.12,1.3439252336448597,1.3588785046728973,0.28901734104046245,EXHAUSTION,0.0,0.0,0.0,4,LOW (<15%),ACCELERATING (1.2-1.5),NEGATIVE (<1x),EXTREME (>1.0)
2019-08-12,82,184,0.98,0.62,505,762,43,201.0,6,22,644,1336.0,5024,33.0,2.0,2019,0.08514851485148515,0.13953488372093023,1.2752475247524753,1.508910891089109,0.21393034825870647,EXHAUSTION,0.0,0.0,0.0,3,LOW (<15%),ACCELERATING (1.2-1.5),NEGATIVE (<1x),EXTREME (>1.0)
2019-08-13,175,89,1.08,0.59,542,699,46,195.0,9,21,719,1229.0,5024,36.78,2.0,2019,0.08487084870848709,0.1956521739130435,1.3265682656826567,1.2896678966789668,0.2358974358974359,EXHAUSTION,0.0,0.0,0.5,3,NORMAL (15-25%),ACCELERATING (1.2-1.5),NEGATIVE (<1x),EXTREME (>1.0)
2019-08-14,37,603,0.6,0.48,425,831,34,220.0,7,24,496,1568.0,5024,26.05,2.0,2019,0.08,0.20588235294117646,1.1670588235294117,1.9552941176470588,0.15454545454545454,EXHAUSTION,0.0,0.0,0.5,3,NORMAL (15-25%),SLIGHT ACCEL (1.0-1.2),NEGATIVE (<1x),EXTREME (>1.0)
2019-08-15,63,197,0.36,0.48,421,872,41,227.0,5,21,484,1642.0,5024,27.49,2.0,2019,0.09738717339667459,0.12195121951219512,1.149643705463183,2.07125890736342,0.18061674008810572,EXHAUSTION,0.0,0.0,0.5,4,LOW (<15%),SLIGHT ACCEL (1.0-1.2),NEGATIVE (<1x),EXTREME (>1.0)
2019-08-16,251,41,0.55,0.58,487,769,52,179.0,6,18,609,1428.0,5026,33.07,2.0,2019,0.10677618069815195,0.11538461538461539,1.2505133470225873,1.5790554414784395,0.2905027932960894,EXHAUSTION,0.0,0.0,0.0,5,LOW (<15%),ACCELERATING (1.2-1.5),NEGATIVE (<1x),EXTREME (>1.0)
2019-08-19,209,48,0.75,0.86,545,721,51,154.0,7,13,731,1285.0,5026,37.35,2.0,2019,0.09357798165137615,0.13725490196078433,1.3412844036697247,1.3229357798165138,0.33116883116883117,EXHAUSTION,0.0,0.0,0.5,4,LOW (<15%),ACCELERATING (1.2-1.5),NEGATIVE (<1x),EXTREME (>1.0)
2019-08-20,81,67,0.67,0.86,532,741,49,179.0,7,15,703,1364.0,5026,35.54,2.0,2019,0.09210526315789473,0.14285714285714285,1.3214285714285714,1.3928571428571428,0.2737430167597765,EXHAUSTION,0.0,0.0,0.5,4,LOW (<15%),ACCELERATING (1.2-1.5),NEGATIVE (<1x),EXTREME (>1.0)
2019-08-21,161,45,1.92,0.92,567,708,52,186.0,8,18,797,1273.0,5026,38.86,2.0,2019,0.09171075837742504,0.15384615384615385,1.4056437389770724,1.2486772486772486,0.27956989247311825,EXHAUSTION,0.0,0.0,0.5,4,NORMAL (15-25%),ACCELERATING (1.2-1.5),NEGATIVE (<1x),EXTREME (>1.0)
2019-08-22,108,104,2.66,0.8,560,698,55,163.0,7,19,796,1276.0,5026,38.91,2.0,2019,0.09821428571428571,0.12727272727272726,1.4214285714285715,1.2464285714285714,0.3374233128834356,EXHAUSTION,0.0,0.0,0.0,4,LOW (<15%),ACCELERATING (1.2-1.5),NEGATIVE (<1x),EXTREME (>1.0)
2019-08-23,52,576,0.73,0.62,464,781,35,236.0,8,19,568,1578.0,5026,28.82,2.0,2019,0.07543103448275862,0.22857142857142856,1.2241379310344827,1.6831896551724137,0.1483050847457627,EXHAUSTION,0.0,0.0,0.0,2,NORMAL (15-25%),ACCELERATING (1.2-1.5),NEGATIVE (<1x),EXTREME (>1.0)
2019-08-26,109,58,0.6,0.68,507,770,41,204.0,9,17,624,1477.0,5026,31.81,2.0,2019,0.08086785009861933,0.21951219512195122,1.2307692307692308,1.5187376725838264,0.20098039215686275,EXHAUSTION,0.0,0.0,0.0,3,NORMAL (15-25%),ACCELERATING (1.2-1.5),NEGATIVE (<1x),EXTREME (>1.0)
2019-08-27,77,235,0.5,0.58,471,836,35,252.0,7,22,551,1582.0,5027,28.57,2.0,2019,0.07430997876857749,0.2,1.1698513800424628,1.7749469214437368,0.1388888888888889,EXHAUSTION,0.0,0.5,0.0,2,NORMAL (15-25%),SLIGHT ACCEL (1.0-1.2),NEGATIVE (<1x),EXTREME (>1.0)
2019-08-28,168,41,0.51,0.91,503,770,42,195.0,8,17,630,1462.0,5027,32.6,2.0,2019,0.08349900596421471,0.19047619047619047,1.2524850894632207,1.5308151093439364,0.2153846153846154,EXHAUSTION,0.0,0.5,0.0,3,NORMAL (15-25%),ACCELERATING (1.2-1.5),NEGATIVE (<1x),EXTREME (>1.0)
2019-08-29,225,59,0.65,1.13,546,700,55,120.0,10,13,760,1304.0,5027,37.38,2.0,2019,0.10073260073260074,0.18181818181818182,1.3919413919413919,1.2820512820512822,0.4583333333333333,EXHAUSTION,0.0,0.5,0.0,5,NORMAL (15-25%),ACCELERATING (1.2-1.5),NEGATIVE (<1x),EXTREME (>1.0)
2019-08-30,83,70,1.43,0.98,543,688,60,105.0,13,12,760,1283.0,5027,38.28,2.0,2019,0.11049723756906077,0.21666666666666667,1.3996316758747698,1.267034990791897,0.5714285714285714,EXHAUSTION,0.0,0.0,0.0,5,NORMAL (15-25%),ACCELERATING (1.2-1.5),NEGATIVE (<1x),EXTREME (>1.0)
2019-09-03,80,268,0.94,0.75,476,758,72,97.0,9,10,670,1419.0,5028,34.69,2.0,2019,0.15126050420168066,0.125,1.4075630252100841,1.5924369747899159,0.7422680412371134,NEUTRAL,0.0,0.5,0.0,8,LOW (<15%),ACCELERATING (1.2-1.5),NEGATIVE (<1x),EXTREME (>1.0)
2019-09-04,167,73,1.41,0.8,491,713,66,89.0,11,7,761,1312.0,5028,41.09,2.0,2019,0.13441955193482688,0.16666666666666666,1.54989816700611,1.4521384928716905,0.7415730337078652,EXHAUSTION,0.5,0.5,0.0,7,NORMAL (15-25%),STRONG ACCEL (>1.5),NEGATIVE (<1x),EXTREME (>1.0)
2019-09-05,414,94,1.72,0.94,541,621,67,66.0,16,5,979,1082.0,5027,49.48,2.0,2019,0.12384473197781885,0.23880597014925373,1.8096118299445472,1.1478743068391868,1.0151515151515151,EXHAUSTION,0.5,0.5,0.0,6,NORMAL (15-25%),STRONG ACCEL (>1.5),WEAK (1-2x),EXTREME (>1.0)
2019-09-06,127,73,1.51,0.97,561,614,63,69.0,12,5,987,1086.0,5027,49.73,2.0,2019,0.11229946524064172,0.19047619047619047,1.7593582887700534,1.0944741532976827,0.9130434782608695,EXHAUSTION,0.5,0.0,0.0,5,NORMAL (15-25%),STRONG ACCEL (>1.5),NEGATIVE (<1x),EXTREME (>1.0)
2019-09-09,440,173,1.8,1.65,619,564,72,49.0,13,5,1188,977.0,5027,58.44,2.0,2019,0.11631663974151858,0.18055555555555555,1.9192245557350565,0.9111470113085622,1.469387755102041,EXHAUSTION,0.0,0.0,0.0,6,NORMAL (15-25%),STRONG ACCEL (>1.5),WEAK (1-2x),HIGH (0.7-1.0)
2019-09-10,414,93,3.09,1.86,728,490,97,40.0,14,2,1461,849.0,5027,62.07,2.0,2019,0.13324175824175824,0.14432989690721648,2.006868131868132,0.6730769230769231,2.425,EXHAUSTION,0.5,0.0,0.0,7,LOW (<15%),STRONG ACCEL (>1.5),MODERATE (2-3x),ELEVATED (0.5-0.7)
2019-09-11,327,38,3.66,2.49,858,435,98,41.0,14,2,1711,698.0,5027,68.49,3.0,2019,0.11421911421911422,0.14285714285714285,1.994172494172494,0.506993006993007,2.3902439024390243,EXHAUSTION,0.0,-0.33333333333333337,-0.33333333333333337,6,LOW (<15%),STRONG ACCEL (>1.5),MODERATE (2-3x),ELEVATED (0.5-0.7)
2019-09-12,98,96,2.97,2.29,852,453,155,37.0,20,3,1697,719.0,5032,67.94,3.0,2019,0.18192488262910797,0.12903225806451613,1.9917840375586855,0.5316901408450704,4.1891891891891895,NEUTRAL,0.0,-0.33333333333333337,-0.33333333333333337,8,LOW (<15%),STRONG ACCEL (>1.5),STRONG (3-5x),ELEVATED (0.5-0.7)
2019-09-13,127,78,2.94,2.16,883,455,191,30.0,19,4,1748,718.0,5032,67.76,3.0,2019,0.21630804077010193,0.09947643979057591,1.9796149490373727,0.5152887882219706,6.366666666666666,NEUTRAL,-0.33333333333333337,-0.33333333333333337,-0.33333333333333337,9,LOW (<15%),STRONG ACCEL (>1.5),VERY STRONG (>5x),ELEVATED (0.5-0.7)
2019-09-16,274,90,3.14,2.29,937,427,159,36.0,17,4,1764,662.0,5036,70.31,2.0,2019,0.16969050160085378,0.1069182389937107,1.8826040554962646,0.45570971184631803,4.416666666666667,NEUTRAL,0.0,0.0,0.0,8,LOW (<15%),STRONG ACCEL (>1.5),STRONG (3-5x),MODERATE (0.3-0.5)
2019-09-17,87,100,2.27,2.73,872,450,94,32.0,13,7,1708,641.0,5036,72.15,3.0,2019,0.10779816513761468,0.13829787234042554,1.9587155963302751,0.5160550458715596,2.9375,EXHAUSTION,-0.33333333333333337,-0.33333333333333337,-0.33333333333333337,5,LOW (<15%),STRONG ACCEL (>1.5),MODERATE (2-3x),ELEVATED (0.5-0.7)
2019-09-18,63,124,1.33,2.47,791,468,90,36.0,13,4,1614,647.0,5038,70.83,3.0,2019,0.11378002528445007,0.14444444444444443,2.0404551201011376,0.5916561314791403,2.5,EXHAUSTION,-0.33333333333333337,-0.33333333333333337,-0.33333333333333337,6,LOW (<15%),STRONG ACCEL (>1.5),MODERATE (2-3x),ELEVATED (0.5-0.7)
2019-09-19,69,103,1.25,2.09,783,484,73,37.0,9,4,1533,636.0,5038,69.77,3.0,2019,0.09323116219667944,0.1232876712328767,1.9578544061302683,0.6181353767560664,1.972972972972973,EXHAUSTION,-0.33333333333333337,-0.33333333333333337,-0.33333333333333337,4,LOW (<15%),STRONG ACCEL (>1.5),WEAK (1-2x),ELEVATED (0.5-0.7)
2019-09-20,136,136,1.14,1.97,770,497,73,37.0,13,5,1531,627.0,5041,69.59,2.0,2019,0.09480519480519481,0.1780821917808219,1.9883116883116883,0.6454545454545455,1.972972972972973,EXHAUSTION,0.0,0.0,0.0,4,NORMAL (15-25%),STRONG ACCEL (>1.5),WEAK (1-2x),ELEVATED (0.5-0.7)
2019-09-23,58,61,0.79,1.8,773,502,131,31.0,20,4,1458,636.0,5037,70.23,2.0,2019,0.16946959896507116,0.15267175572519084,1.886157826649418,0.6494178525226391,4.225806451612903,NEUTRAL,0.0,0.0,0.5,8,NORMAL (15-25%),STRONG ACCEL (>1.5),STRONG (3-5x),ELEVATED (0.5-0.7)
2019-09-24,41,382,0.46,1.06,665,593,90,48.0,18,7,1224,794.0,5037,64.59,2.0,2019,0.13533834586466165,0.2,1.8406015037593986,0.8917293233082707,1.875,EXHAUSTION,0.0,0.0,0.0,7,NORMAL (15-25%),STRONG ACCEL (>1.5),WEAK (1-2x),HIGH (0.7-1.0)
2019-09-25,87,81,0.51,0.83,706,562,146,43.0,17,4,1315,747.0,5037,68.91,2.0,2019,0.20679886685552407,0.11643835616438356,1.8626062322946175,0.7960339943342776,3.395348837209302,NEUTRAL,0.0,0.0,0.5,9,LOW (<15%),STRONG ACCEL (>1.5),STRONG (3-5x),HIGH (0.7-1.0)
2019-09-26,49,223,0.42,0.72,623,627,88,43.0,12,7,1160,846.0,5038,65.47,2.0,2019,0.14125200642054575,0.13636363636363635,1.8619582664526484,1.0064205457463884,2.046511627906977,EXHAUSTION,0.0,0.0,0.5,7,LOW (<15%),STRONG ACCEL (>1.5),MODERATE (2-3x),EXTREME (>1.0)
2019-09-27,61,189,0.32,0.62,572,656,64,59.0,7,6,1101,886.0,5032,61.39,2.0,2019,0.11188811188811189,0.109375,1.9248251748251748,1.1468531468531469,1.0847457627118644,EXHAUSTION,0.0,0.0,0.5,5,LOW (<15%),STRONG ACCEL (>1.5),WEAK (1-2x),EXTREME (>1.0)
2019-09-30,78,150,0.31,0.47,563,668,61,58.0,8,7,1109,913.0,5034,63.96,2.0,2019,0.108348134991119,0.13114754098360656,1.969804618117229,1.1865008880994672,1.0517241379310345,EXHAUSTION,0.0,0.0,0.5,5,LOW (<15%),STRONG ACCEL (>1.5),WEAK (1-2x),EXTREME (>1.0)
2019-10-01,41,324,0.33,0.39,463,746,51,62.0,11,6,852,1057.0,5033,51.32,2.0,2019,0.1101511879049676,0.21568627450980393,1.8401727861771058,1.611231101511879,0.8225806451612904,EXHAUSTION,0.0,0.0,0.5,5,NORMAL (15-25%),STRONG ACCEL (>1.5),NEGATIVE (<1x),EXTREME (>1.0)
2019-10-02,54,210,0.26,0.36,427,787,33,66.0,7,9,715,1176.0,5033,38.97,2.0,2019,0.07728337236533958,0.21212121212121213,1.674473067915691,1.8430913348946136,0.5,EXHAUSTION,0.0,0.0,0.5,2,NORMAL (15-25%),STRONG ACCEL (>1.5),NEGATIVE (<1x),EXTREME (>1.0)
2019-10-03,111,59,0.37,0.39,448,739,20,64.0,7,7,712,1121.0,5040,41.24,2.0,2019,0.044642857142857144,0.35,1.5892857142857142,1.6495535714285714,0.3125,EXHAUSTION,0.0,0.0,0.5,0,ELEVATED (25-35%),STRONG ACCEL (>1.5),NEGATIVE (<1x),EXTREME (>1.0)
2019-10-04,110,72,0.48,0.39,485,713,25,60.0,5,7,780,1058.0,5040,48.91,2.0,2019,0.05154639175257732,0.2,1.6082474226804124,1.4701030927835053,0.4166666666666667,EXHAUSTION,0.0,0.0,0.5,0,NORMAL (15-25%),STRONG ACCEL (>1.5),NEGATIVE (<1x),EXTREME (>1.0)
2019-10-07,79,86,0.53,0.4,483,711,28,63.0,5,8,749,1081.0,5043,46.39,2.0,2019,0.057971014492753624,0.17857142857142858,1.5507246376811594,1.4720496894409938,0.4444444444444444,EXHAUSTION,0.0,0.5,0.5,1,NORMAL (15-25%),STRONG ACCEL (>1.5),NEGATIVE (<1x),EXTREME (>1.0)
2019-10-08,39,242,0.59,0.43,422,791,18,107.0,4,8,625,1248.0,5043,33.96,2.0,2019,0.04265402843601896,0.2222222222222222,1.481042654028436,1.8744075829383886,0.16822429906542055,EXHAUSTION,0.0,0.0,0.5,0,NORMAL (15-25%),ACCELERATING (1.2-1.5),NEGATIVE (<1x),EXTREME (>1.0)
2019-10-09,59,109,0.7,0.41,419,781,15,133.0,4,10,641,1186.0,5044,36.85,2.0,2019,0.03579952267303103,0.26666666666666666,1.529832935560859,1.863961813842482,0.11278195488721804,EXHAUSTION,0.0,0.5,0.5,0,ELEVATED (25-35%),STRONG ACCEL (>1.5),NEGATIVE (<1x),EXTREME (>1.0)
2019-10-10,84,105,0.6,0.46,429,766,20,120.0,5,9,687,1151.0,5018,41.55,2.0,2019,0.046620046620046623,0.25,1.6013986013986015,1.7855477855477855,0.16666666666666666,EXHAUSTION,0.0,0.5,0.5,0,NORMAL (15-25%),STRONG ACCEL (>1.5),NEGATIVE (<1x),EXTREME (>1.0)
2019-10-11,311,72,0.93,0.68,468,698,20,98.0,5,8,846,996.0,5018,52.42,2.0,2019,0.042735042735042736,0.25,1.8076923076923077,1.4914529914529915,0.20408163265306123,EXHAUSTION,0.0,0.5,0.5,0,NORMAL (15-25%),STRONG ACCEL (>1.5),NEGATIVE (<1x),EXTREME (>1.0)
2019-10-14,82,81,0.94,0.71,455,710,20,135.0,4,7,796,1006.0,5018,49.28,2.0,2019,0.04395604395604396,0.2,1.7494505494505495,1.5604395604395604,0.14814814814814814,EXHAUSTION,0.5,0.5,0.5,0,NORMAL (15-25%),STRONG ACCEL (>1.5),NEGATIVE (<1x),EXTREME (>1.0)
2019-10-15,207,76,1.68,1.02,503,651,19,107.0,5,6,860,940.0,5017,54.26,2.0,2019,0.03777335984095427,0.2631578947368421,1.7097415506958251,1.294234592445328,0.17757009345794392,EXHAUSTION,0.0,0.5,0.5,0,ELEVATED (25-35%),STRONG ACCEL (>1.5),NEGATIVE (<1x),EXTREME (>1.0)
2019-10-16,131,80,1.97,1.24,534,656,22,96.0,7,5,814,936.0,5020,53.96,2.0,2019,0.04119850187265917,0.3181818181818182,1.5243445692883895,1.2284644194756553,0.22916666666666666,EXHAUSTION,0.5,0.5,0.5,0,ELEVATED (25-35%),STRONG ACCEL (>1.5),NEGATIVE (<1x),EXTREME (>1.0)
2019-10-17,168,54,2.48,1.3,578,628,26,83.0,5,7,927,880.0,5021,57.89,2.0,2019,0.04498269896193772,0.19230769230769232,1.6038062283737025,1.0865051903114187,0.3132530120481928,EXHAUSTION,0.5,0.5,0.5,0,NORMAL (15-25%),STRONG ACCEL (>1.5),NEGATIVE (<1x),EXTREME (>1.0)
2019-10-18,68,144,1.51,1.17,572,653,18,101.0,6,9,888,919.0,5026,56.67,2.0,2019,0.03146853146853147,0.3333333333333333,1.5524475524475525,1.1416083916083917,0.1782178217821782,EXHAUSTION,0.5,0.5,0.5,0,ELEVATED (25-35%),STRONG ACCEL (>1.5),NEGATIVE (<1x),EXTREME (>1.0)
2019-10-21,130,68,1.67,1.24,621,609,21,76.0,6,5,947,855.0,5026,60.19,3.0,2019,0.033816425120772944,0.2857142857142857,1.5249597423510468,0.9806763285024155,0.27631578947368424,EXHAUSTION,0.0,0.0,0.0,0,ELEVATED (25-35%),STRONG ACCEL (>1.5),NEGATIVE (<1x),HIGH (0.7-1.0)
2019-10-22,131,135,1.31,1.48,641,612,33,62.0,5,5,872,843.0,5026,59.1,2.0,2019,0.0514820592823713,0.15151515151515152,1.360374414976599,0.9547581903276131,0.532258064516129,EXHAUSTION,0.5,0.5,0.5,0,NORMAL (15-25%),ACCELERATING (1.2-1.5),NEGATIVE (<1x),HIGH (0.7-1.0)
2019-10-23,149,95,1.3,1.61,667,592,32,49.0,4,5,918,833.0,5025,60.79,3.0,2019,0.047976011994003,0.125,1.376311844077961,0.8875562218890555,0.6530612244897959,EXHAUSTION,0.0,0.0,0.0,0,LOW (<15%),ACCELERATING (1.2-1.5),NEGATIVE (<1x),HIGH (0.7-1.0)
2019-10-24,140,132,1.08,1.62,651,594,39,44.0,5,6,803,821.0,5028,57.9,3.0,2019,0.059907834101382486,0.1282051282051282,1.2334869431643625,0.9124423963133641,0.8863636363636364,EXHAUSTION,0.0,0.0,0.0,1,LOW (<15%),ACCELERATING (1.2-1.5),NEGATIVE (<1x),HIGH (0.7-1.0)
2019-10-25,173,89,1.39,1.45,698,573,52,36.0,6,8,894,770.0,5032,59.36,3.0,2019,0.07449856733524356,0.11538461538461539,1.2808022922636104,0.8209169054441261,1.4444444444444444,EXHAUSTION,0.0,0.0,0.0,2,LOW (<15%),ACCELERATING (1.2-1.5),WEAK (1-2x),HIGH (0.7-1.0)
2019-10-28,168,92,1.4,1.52,753,534,55,35.0,6,7,988,742.0,5033,59.26,3.0,2019,0.07304116865869854,0.10909090909090909,1.3120849933598937,0.7091633466135459,1.5714285714285714,EXHAUSTION,0.0,0.0,0.0,2,LOW (<15%),ACCELERATING (1.2-1.5),WEAK (1-2x),HIGH (0.7-1.0)
2019-10-29,120,124,1.41,1.36,761,541,80,31.0,6,6,1002,729.0,5030,60.53,3.0,2019,0.10512483574244415,0.075,1.316688567674113,0.7109067017082786,2.5806451612903225,EXHAUSTION,0.0,0.0,0.0,5,LOW (<15%),ACCELERATING (1.2-1.5),MODERATE (2-3x),HIGH (0.7-1.0)
2019-10-30,120,190,1.15,1.22,730,550,95,31.0,5,7,982,747.0,5032,59.21,3.0,2019,0.13013698630136986,0.05263157894736842,1.3452054794520547,0.7534246575342466,3.064516129032258,EXHAUSTION,0.0,0.0,0.0,7,LOW (<15%),ACCELERATING (1.2-1.5),STRONG (3-5x),HIGH (0.7-1.0)
2019-10-31,146,200,1.05,1.06,705,551,84,36.0,6,7,899,812.0,5035,55.06,3.0,2019,0.11914893617021277,0.07142857142857142,1.275177304964539,0.7815602836879433,2.3333333333333335,EXHAUSTION,0.0,0.0,0.0,6,LOW (<15%),ACCELERATING (1.2-1.5),MODERATE (2-3x),HIGH (0.7-1.0)
2019-11-01,311,51,1.32,1.35,848,480,108,32.0,8,7,1198,665.0,5035,61.3,3.0,2019,0.12735849056603774,0.07407407407407407,1.4127358490566038,0.5660377358490566,3.375,EXHAUSTION,0.0,0.0,0.0,6,LOW (<15%),ACCELERATING (1.2-1.5),STRONG (3-5x),ELEVATED (0.5-0.7)
2019-11-04,277,96,1.47,1.44,936,456,128,32.0,9,7,1375,613.0,5038,63.66,3.0,2019,0.13675213675213677,0.0703125,1.4690170940170941,0.48717948717948717,4.0,EXHAUSTION,0.0,0.0,0.0,7,LOW (<15%),ACCELERATING (1.2-1.5),STRONG (3-5x),MODERATE (0.3-0.5)
2019-11-05,165,139,1.51,1.46,969,463,201,33.0,16,7,1435,615.0,5041,60.76,3.0,2019,0.20743034055727555,0.07960199004975124,1.480908152734778,0.47781217750258,6.090909090909091,NEUTRAL,0.0,0.0,0.0,9,LOW (<15%),ACCELERATING (1.2-1.5),VERY STRONG (>5x),MODERATE (0.3-0.5)
2019-11-06,109,210,1.45,1.31,885,493,190,32.0,16,6,1322,684.0,5042,59.35,3.0,2019,0.21468926553672316,0.08421052631578947,1.4937853107344632,0.5570621468926553,5.9375,NEUTRAL,0.0,0.0,0.0,9,LOW (<15%),ACCELERATING (1.2-1.5),VERY STRONG (>5x),ELEVATED (0.5-0.7)
2019-11-07,189,171,1.58,1.31,910,499,210,40.0,21,8,1373,710.0,5048,57.55,3.0,2019,0.23076923076923078,0.1,1.5087912087912088,0.5483516483516484,5.25,NEUTRAL,0.0,0.0,0.0,9,LOW (<15%),STRONG ACCEL (>1.5),VERY STRONG (>5x),ELEVATED (0.5-0.7)
2019-11-08,169,121,1.23,1.27,936,488,182,45.0,24,10,1402,672.0,5051,57.4,3.0,2019,0.19444444444444445,0.13186813186813187,1.4978632478632479,0.5213675213675214,4.044444444444444,NEUTRAL,0.0,0.0,0.0,9,LOW (<15%),ACCELERATING (1.2-1.5),STRONG (3-5x),ELEVATED (0.5-0.7)
2019-11-11,97,103,0.98,1.21,914,493,192,48.0,25,12,1361,694.0,5054,57.06,3.0,2019,0.2100656455142232,0.13020833333333334,1.4890590809628008,0.5393873085339168,4.0,NEUTRAL,0.0,0.0,0.0,9,LOW (<15%),ACCELERATING (1.2-1.5),STRONG (3-5x),ELEVATED (0.5-0.7)
2019-11-12,131,159,0.91,1.19,918,493,151,55.0,18,11,1349,665.0,5053,56.91,3.0,2019,0.1644880174291939,0.11920529801324503,1.4694989106753813,0.5370370370370371,2.7454545454545456,NEUTRAL,0.0,0.0,0.0,8,LOW (<15%),ACCELERATING (1.2-1.5),MODERATE (2-3x),ELEVATED (0.5-0.7)
2019-11-13,122,157,1.0,1.22,887,505,148,54.0,12,13,1296,688.0,5050,56.22,3.0,2019,0.1668545659526494,0.08108108108108109,1.4611048478015785,0.5693348365276212,2.740740740740741,NEUTRAL,0.0,0.0,0.0,8,LOW (<15%),ACCELERATING (1.2-1.5),MODERATE (2-3x),ELEVATED (0.5-0.7)
2019-11-14,102,142,0.91,1.24,859,521,131,71.0,11,15,1278,711.0,5053,57.1,3.0,2019,0.15250291036088476,0.08396946564885496,1.4877764842840513,0.6065192083818394,1.8450704225352113,NEUTRAL,0.0,0.0,0.0,8,LOW (<15%),ACCELERATING (1.2-1.5),WEAK (1-2x),ELEVATED (0.5-0.7)
2019-11-15,152,105,0.91,1.08,883,502,153,63.0,15,15,1361,669.0,5053,60.19,3.0,2019,0.17327293318233294,0.09803921568627451,1.5413363533408833,0.5685164212910532,2.4285714285714284,NEUTRAL,0.0,0.0,0.0,8,LOW (<15%),STRONG ACCEL (>1.5),MODERATE (2-3x),ELEVATED (0.5-0.7)
2019-11-18,103,183,0.82,0.9,840,533,134,81.0,15,18,1323,703.0,5054,57.98,3.0,2019,0.1595238095238095,0.11194029850746269,1.575,0.6345238095238095,1.654320987654321,NEUTRAL,0.0,0.0,0.0,8,LOW (<15%),STRONG ACCEL (>1.5),WEAK (1-2x),ELEVATED (0.5-0.7)
2019-11-19,146,122,0.88,0.9,870,527,149,73.0,21,18,1356,718.0,5055,56.8,3.0,2019,0.17126436781609194,0.14093959731543623,1.5586206896551724,0.6057471264367816,2.041095890410959,NEUTRAL,0.0,0.0,0.0,8,LOW (<15%),STRONG ACCEL (>1.5),MODERATE (2-3x),ELEVATED (0.5-0.7)
2019-11-20,140,128,0.95,0.97,850,544,152,87.0,23,19,1293,738.0,5055,54.89,3.0,2019,0.17882352941176471,0.1513157894736842,1.5211764705882354,0.64,1.7471264367816093,NEUTRAL,0.0,0.0,0.0,8,NORMAL (15-25%),STRONG ACCEL (>1.5),WEAK (1-2x),ELEVATED (0.5-0.7)
2019-11-21,117,106,1.02,0.96,846,548,141,79.0,21,17,1274,767.0,5059,51.58,3.0,2019,0.16666666666666666,0.14893617021276595,1.5059101654846336,0.6477541371158393,1.7848101265822784,NEUTRAL,0.0,0.0,0.0,8,LOW (<15%),STRONG ACCEL (>1.5),WEAK (1-2x),ELEVATED (0.5-0.7)
2019-11-22,170,45,1.16,1.02,880,521,133,77.0,21,16,1332,735.0,5062,53.68,3.0,2019,0.15113636363636362,0.15789473684210525,1.5136363636363637,0.5920454545454545,1.7272727272727273,NEUTRAL,0.0,0.0,0.0,8,NORMAL (15-25%),STRONG ACCEL (>1.5),WEAK (1-2x),ELEVATED (0.5-0.7)
2019-11-25,336,59,1.98,1.26,1009,477,146,66.0,24,12,1497,654.0,5061,58.66,3.0,2019,0.14469772051536176,0.1643835616438356,1.483647175421209,0.47274529236868185,2.212121212121212,EXHAUSTION,0.0,0.0,0.0,7,NORMAL (15-25%),ACCELERATING (1.2-1.5),MODERATE (2-3x),MODERATE (0.3-0.5)
2019-11-26,124,123,1.92,1.29,1017,490,148,61.0,25,12,1431,672.0,5060,59.02,3.0,2019,0.1455260570304818,0.16891891891891891,1.407079646017699,0.48180924287118976,2.4262295081967213,EXHAUSTION,0.0,0.0,0.0,7,NORMAL (15-25%),ACCELERATING (1.2-1.5),MODERATE (2-3x),MODERATE (0.3-0.5)
2019-11-27,125,41,2.33,1.44,1018,463,153,53.0,24,9,1411,634.0,5063,61.49,3.0,2019,0.15029469548133595,0.1568627450980392,1.3860510805500983,0.4548133595284872,2.8867924528301887,NEUTRAL,0.0,0.0,0.0,8,NORMAL (15-25%),ACCELERATING (1.2-1.5),MODERATE (2-3x),MODERATE (0.3-0.5)
2019-11-29,83,29,2.82,1.59,961,459,165,50.0,27,10,1358,639.0,5066,58.99,3.0,2019,0.1716961498439126,0.16363636363636364,1.413111342351717,0.47762747138397504,3.3,NEUTRAL,0.0,0.0,0.0,8,NORMAL (15-25%),ACCELERATING (1.2-1.5),STRONG (3-5x),MODERATE (0.3-0.5)
2019-12-02,129,240,1.62,1.37,893,485,120,63.0,27,12,1208,706.0,5066,52.81,3.0,2019,0.1343784994400896,0.225,1.3527435610302352,0.5431131019036954,1.9047619047619047,EXHAUSTION,0.0,0.0,0.0,7,NORMAL (15-25%),ACCELERATING (1.2-1.5),WEAK (1-2x),ELEVATED (0.5-0.7)
2019-12-03,134,106,1.1,1.51,868,486,118,68.0,29,12,1123,749.0,5066,48.45,3.0,2019,0.1359447004608295,0.2457627118644068,1.293778801843318,0.5599078341013825,1.7352941176470589,EXHAUSTION,0.0,0.0,0.0,7,NORMAL (15-25%),ACCELERATING (1.2-1.5),WEAK (1-2x),ELEVATED (0.5-0.7)
2019-12-04,176,80,1.3,1.6,876,463,109,58.0,29,11,1182,702.0,5064,52.56,3.0,2019,0.12442922374429223,0.26605504587155965,1.3493150684931507,0.5285388127853882,1.8793103448275863,EXHAUSTION,0.0,0.0,0.0,6,ELEVATED (25-35%),ACCELERATING (1.2-1.5),WEAK (1-2x),ELEVATED (0.5-0.7)
2019-12-05,97,126,1.07,1.56,818,468,117,53.0,31,12,1162,734.0,5064,52.98,3.0,2019,0.1430317848410758,0.26495726495726496,1.4205378973105134,0.5721271393643031,2.207547169811321,EXHAUSTION,0.0,0.0,0.0,7,ELEVATED (25-35%),ACCELERATING (1.2-1.5),MODERATE (2-3x),ELEVATED (0.5-0.7)
2019-12-06,210,63,1.21,1.74,895,436,122,40.0,30,8,1274,660.0,5067,59.33,3.0,2019,0.13631284916201117,0.2459016393442623,1.423463687150838,0.4871508379888268,3.05,EXHAUSTION,0.0,0.0,0.0,7,NORMAL (15-25%),ACCELERATING (1.2-1.5),STRONG (3-5x),MODERATE (0.3-0.5)
2019-12-09,152,106,1.6,1.61,847,427,110,34.0,29,7,1213,664.0,5072,56.89,3.0,2019,0.12987012987012986,0.2636363636363636,1.4321133412042504,0.5041322314049587,3.235294117647059,EXHAUSTION,0.0,0.0,0.0,7,ELEVATED (25-35%),ACCELERATING (1.2-1.5),STRONG (3-5x),ELEVATED (0.5-0.7)
2019-12-10,148,78,1.73,1.39,846,423,123,31.0,32,7,1211,659.0,5072,54.68,3.0,2019,0.1453900709219858,0.2601626016260163,1.4314420803782506,0.5,3.967741935483871,EXHAUSTION,0.0,0.0,0.0,7,ELEVATED (25-35%),ACCELERATING (1.2-1.5),STRONG (3-5x),MODERATE (0.3-0.5)
2019-12-11,144,92,1.62,1.45,873,434,114,31.0,32,7,1205,657.0,5072,55.27,3.0,2019,0.13058419243986255,0.2807017543859649,1.3802978235967927,0.49713631156930127,3.6774193548387095,EXHAUSTION,0.0,0.0,0.0,7,ELEVATED (25-35%),ACCELERATING (1.2-1.5),STRONG (3-5x),MODERATE (0.3-0.5)
2019-12-12,272,82,2.2,1.54,949,393,133,28.0,40,4,1287,641.0,5073,58.26,3.0,2019,0.14014752370916755,0.3007518796992481,1.356164383561644,0.41412012644889357,4.75,EXHAUSTION,0.0,0.0,0.0,7,ELEVATED (25-35%),ACCELERATING (1.2-1.5),STRONG (3-5x),MODERATE (0.3-0.5)
2019-12-13,101,94,1.07,1.07,925,409,130,26.0,39,4,1221,658.0,5079,56.86,3.0,2020,0.14054054054054055,0.3,1.32,0.44216216216216214,5.0,EXHAUSTION,0.0,0.0,0.0,7,ELEVATED (25-35%),ACCELERATING (1.2-1.5),STRONG (3-5x),MODERATE (0.3-0.5)
2019-12-13,101,94,1.81,1.46,925,409,130,26.0,39,4,1221,658.0,5079,56.86,3.0,2019,0.14054054054054055,0.3,1.32,0.44216216216216214,5.0,EXHAUSTION,0.0,0.0,0.0,7,ELEVATED (25-35%),ACCELERATING (1.2-1.5),STRONG (3-5x),MODERATE (0.3-0.5)
2019-12-16,213,130,1.84,1.72,965,394,114,21.0,38,4,1263,626.0,5079,60.15,3.0,2019,0.11813471502590674,0.3333333333333333,1.3088082901554403,0.4082901554404145,5.428571428571429,EXHAUSTION,0.0,0.0,0.0,6,ELEVATED (25-35%),ACCELERATING (1.2-1.5),VERY STRONG (>5x),MODERATE (0.3-0.5)
2019-12-16,213,130,1.4,1.4,965,394,114,21.0,38,4,1263,626.0,5079,60.15,3.0,2020,0.11813471502590674,0.3333333333333333,1.3088082901554403,0.4082901554404145,5.428571428571429,EXHAUSTION,0.0,0.0,0.0,6,ELEVATED (25-35%),ACCELERATING (1.2-1.5),VERY STRONG (>5x),MODERATE (0.3-0.5)
2019-12-17,147,92,1.79,1.76,1008,376,140,19.0,35,3,1301,612.0,5079,61.85,3.0,2019,0.1388888888888889,0.25,1.2906746031746033,0.373015873015873,7.368421052631579,EXHAUSTION,0.0,0.0,0.0,7,NORMAL (15-25%),ACCELERATING (1.2-1.5),VERY STRONG (>5x),MODERATE (0.3-0.5)
2019-12-17,147,92,1.46,1.46,1008,376,140,19.0,35,3,1301,612.0,5079,61.85,3.0,2020,0.1388888888888889,0.25,1.2906746031746033,0.373015873015873,7.368421052631579,EXHAUSTION,0.0,0.0,0.0,7,NORMAL (15-25%),ACCELERATING (1.2-1.5),VERY STRONG (>5x),MODERATE (0.3-0.5)
2019-12-18,150,82,1.54,1.54,1034,365,132,19.0,30,4,1330,582.0,5080,63.91,3.0,2020,0.1276595744680851,0.22727272727272727,1.2862669245647969,0.3529980657640232,6.947368421052632,EXHAUSTION,0.0,0.0,0.0,6,NORMAL (15-25%),ACCELERATING (1.2-1.5),VERY STRONG (>5x),MODERATE (0.3-0.5)
2019-12-18,150,82,1.84,1.73,1034,365,132,19.0,30,4,1330,582.0,5080,63.91,3.0,2019,0.1276595744680851,0.22727272727272727,1.2862669245647969,0.3529980657640232,6.947368421052632,EXHAUSTION,0.0,0.0,0.0,6,NORMAL (15-25%),ACCELERATING (1.2-1.5),VERY STRONG (>5x),MODERATE (0.3-0.5)
2019-12-19,162,67,1.66,1.92,1085,347,135,18.0,29,3,1290,547.0,5082,65.41,3.0,2019,0.12442396313364056,0.21481481481481482,1.1889400921658986,0.31981566820276497,7.5,EXHAUSTION,0.0,0.0,0.0,6,NORMAL (15-25%),SLIGHT ACCEL (1.0-1.2),VERY STRONG (>5x),MODERATE (0.3-0.5)
2019-12-19,162,67,1.66,1.66,1085,347,135,18.0,29,3,1290,547.0,5082,65.41,3.0,2020,0.12442396313364056,0.21481481481481482,1.1889400921658986,0.31981566820276497,7.5,EXHAUSTION,0.0,0.0,0.0,6,NORMAL (15-25%),SLIGHT ACCEL (1.0-1.2),VERY STRONG (>5x),MODERATE (0.3-0.5)
2019-12-20,166,93,1.81,1.81,1104,347,146,17.0,26,3,1298,533.0,5084,65.73,3.0,2019,0.1322463768115942,0.1780821917808219,1.1757246376811594,0.31431159420289856,8.588235294117647,EXHAUSTION,0.0,0.0,0.0,7,NORMAL (15-25%),SLIGHT ACCEL (1.0-1.2),VERY STRONG (>5x),MODERATE (0.3-0.5)
2019-12-20,166,93,1.81,1.68,1104,347,146,17.0,26,3,1298,533.0,5084,65.73,3.0,2020,0.1322463768115942,0.1780821917808219,1.1757246376811594,0.31431159420289856,8.588235294117647,EXHAUSTION,0.0,0.0,0.0,7,NORMAL (15-25%),SLIGHT ACCEL (1.0-1.2),VERY STRONG (>5x),MODERATE (0.3-0.5)
2019-12-23,143,55,1.97,1.9,1133,327,147,13.0,40,2,1326,492.0,5084,66.22,3.0,2019,0.1297440423654016,0.272108843537415,1.1703442188879083,0.2886142983230362,11.307692307692308,EXHAUSTION,0.0,0.0,0.0,7,ELEVATED (25-35%),SLIGHT ACCEL (1.0-1.2),VERY STRONG (>5x),LOW (<0.3)
2019-12-23,143,55,1.97,1.77,1133,327,147,13.0,40,2,1326,492.0,5084,66.22,3.0,2020,0.1297440423654016,0.272108843537415,1.1703442188879083,0.2886142983230362,11.307692307692308,EXHAUSTION,0.0,0.0,0.0,7,ELEVATED (25-35%),SLIGHT ACCEL (1.0-1.2),VERY STRONG (>5x),LOW (<0.3)
2019-12-24,66,14,2.21,1.95,1172,312,138,16.0,36,2,1332,454.0,5085,67.27,3.0,2019,0.11774744027303755,0.2608695652173913,1.136518771331058,0.26621160409556316,8.625,EXHAUSTION,0.0,0.0,0.0,6,ELEVATED (25-35%),SLIGHT ACCEL (1.0-1.2),VERY STRONG (>5x),LOW (<0.3)
2019-12-24,66,14,2.21,1.83,1172,312,138,16.0,36,2,1332,454.0,5085,67.27,3.0,2020,0.11774744027303755,0.2608695652173913,1.136518771331058,0.26621160409556316,8.625,EXHAUSTION,0.0,0.0,0.0,6,ELEVATED (25-35%),SLIGHT ACCEL (1.0-1.2),VERY STRONG (>5x),LOW (<0.3)
2019-12-26,161,87,2.21,1.83,1177,302,134,17.0,41,3,1315,430.0,5085,66.76,3.0,2020,0.11384876805437553,0.30597014925373134,1.1172472387425658,0.25658453695836875,7.882352941176471,EXHAUSTION,0.0,0.0,0.0,6,ELEVATED (25-35%),SLIGHT ACCEL (1.0-1.2),VERY STRONG (>5x),LOW (<0.3)
2019-12-26,161,87,2.21,1.99,1177,302,134,17.0,41,3,1315,430.0,5085,66.76,3.0,2019,0.11384876805437553,0.30597014925373134,1.1172472387425658,0.25658453695836875,7.882352941176471,EXHAUSTION,0.0,0.0,0.0,6,ELEVATED (25-35%),SLIGHT ACCEL (1.0-1.2),VERY STRONG (>5x),LOW (<0.3)
2019-12-27,90,118,1.71,1.68,1145,311,107,17.0,34,4,1220,454.0,5081,65.55,3.0,2020,0.09344978165938865,0.3177570093457944,1.0655021834061136,0.27161572052401745,6.294117647058823,EXHAUSTION,0.0,0.0,0.0,4,ELEVATED (25-35%),SLIGHT ACCEL (1.0-1.2),VERY STRONG (>5x),LOW (<0.3)
2019-12-27,90,118,1.71,1.68,1145,311,107,17.0,34,4,1220,454.0,5081,65.55,3.0,2019,0.09344978165938865,0.3177570093457944,1.0655021834061136,0.27161572052401745,6.294117647058823,EXHAUSTION,0.0,0.0,0.0,4,ELEVATED (25-35%),SLIGHT ACCEL (1.0-1.2),VERY STRONG (>5x),LOW (<0.3)
2019-12-30,118,102,1.54,1.69,1137,324,112,19.0,36,5,1197,493.0,5083,63.35,3.0,2019,0.09850483729111698,0.32142857142857145,1.0527704485488127,0.2849604221635884,5.894736842105263,EXHAUSTION,0.0,0.0,0.0,4,ELEVATED (25-35%),SLIGHT ACCEL (1.0-1.2),VERY STRONG (>5x),LOW (<0.3)
2019-12-30,118,102,1.54,1.69,1137,324,112,19.0,36,5,1197,493.0,5083,63.35,3.0,2020,0.09850483729111698,0.32142857142857145,1.0527704485488127,0.2849604221635884,5.894736842105263,EXHAUSTION,0.0,0.0,0.0,4,ELEVATED (25-35%),SLIGHT ACCEL (1.0-1.2),VERY STRONG (>5x),LOW (<0.3)
2019-12-31,172,39,1.69,1.84,1160,296,136,14.0,35,4,1230,444.0,5083,66.24,3.0,2019,0.11724137931034483,0.25735294117647056,1.0603448275862069,0.25517241379310346,9.714285714285714,EXHAUSTION,0.0,0.0,0.0,6,ELEVATED (25-35%),SLIGHT ACCEL (1.0-1.2),VERY STRONG (>5x),LOW (<0.3)
2019-12-31,172,39,1.69,1.84,1160,296,136,14.0,35,4,1230,444.0,5083,66.24,3.0,2020,0.11724137931034483,0.25735294117647056,1.0603448275862069,0.25517241379310346,9.714285714285714,EXHAUSTION,0.0,0.0,0.0,6,ELEVATED (25-35%),SLIGHT ACCEL (1.0-1.2),VERY STRONG (>5x),LOW (<0.3)
2020-01-02,165,96,1.6,1.85,1178,293,115,18.0,30,4,1255,452.0,5084,65.57,3.0,2020,0.09762308998302208,0.2608695652173913,1.065365025466893,0.24872665534804753,6.388888888888889,EXHAUSTION,0.0,0.0,0.0,4,ELEVATED (25-35%),SLIGHT ACCEL (1.0-1.2),VERY STRONG (>5x),LOW (<0.3)
2020-01-03,123,76,1.55,1.83,1148,305,97,22.0,30,4,1169,477.0,5083,63.5,3.0,2020,0.08449477351916376,0.30927835051546393,1.0182926829268293,0.2656794425087108,4.409090909090909,EXHAUSTION,0.0,0.0,0.0,3,ELEVATED (25-35%),SLIGHT ACCEL (1.0-1.2),STRONG (3-5x),LOW (<0.3)
2020-01-06,221,73,2.07,1.89,1164,302,117,18.0,31,3,1171,455.0,5082,64.33,3.0,2020,0.10051546391752578,0.26495726495726496,1.0060137457044673,0.25945017182130586,6.5,EXHAUSTION,0.0,0.0,0.0,5,ELEVATED (25-35%),SLIGHT ACCEL (1.0-1.2),VERY STRONG (>5x),LOW (<0.3)
2020-01-07,147,71,2.33,1.92,1135,302,91,21.0,34,3,1182,461.0,5077,60.4,3.0,2020,0.0801762114537445,0.37362637362637363,1.041409691629956,0.26607929515418505,4.333333333333333,EXHAUSTION,0.0,0.0,0.0,3,HIGH (35-50%),SLIGHT ACCEL (1.0-1.2),STRONG (3-5x),LOW (<0.3)
2020-01-08,124,166,1.62,1.65,1125,323,99,21.0,29,4,1177,511.0,5078,61.0,3.0,2020,0.088,0.29292929292929293,1.0462222222222222,0.2871111111111111,4.714285714285714,EXHAUSTION,0.0,0.0,0.0,3,ELEVATED (25-35%),SLIGHT ACCEL (1.0-1.2),STRONG (3-5x),LOW (<0.3)
2020-01-09,151,80,1.64,1.62,1148,314,88,20.0,28,4,1184,499.0,5079,61.03,3.0,2020,0.07665505226480836,0.3181818181818182,1.0313588850174216,0.2735191637630662,4.4,EXHAUSTION,0.0,0.0,0.0,2,ELEVATED (25-35%),SLIGHT ACCEL (1.0-1.2),STRONG (3-5x),LOW (<0.3)
2020-01-10,123,125,1.49,1.52,1106,321,85,19.0,26,4,1121,557.0,5083,58.7,3.0,2020,0.07685352622061482,0.3058823529411765,1.0135623869801085,0.29023508137432186,4.473684210526316,EXHAUSTION,0.0,0.0,0.0,2,ELEVATED (25-35%),SLIGHT ACCEL (1.0-1.2),STRONG (3-5x),LOW (<0.3)
2020-01-13,182,149,1.23,1.56,1113,348,94,28.0,21,5,1165,577.0,5083,62.28,3.0,2020,0.08445642407906559,0.22340425531914893,1.0467205750224617,0.31266846361185985,3.357142857142857,EXHAUSTION,0.0,0.0,0.0,3,NORMAL (15-25%),SLIGHT ACCEL (1.0-1.2),STRONG (3-5x),MODERATE (0.3-0.5)
2020-01-14,196,51,1.36,1.73,1106,342,102,22.0,28,3,1166,544.0,5076,62.98,3.0,2020,0.0922242314647378,0.27450980392156865,1.054249547920434,0.3092224231464738,4.636363636363637,EXHAUSTION,0.0,0.0,0.0,4,ELEVATED (25-35%),SLIGHT ACCEL (1.0-1.2),STRONG (3-5x),MODERATE (0.3-0.5)
2020-01-15,175,76,1.72,1.67,1125,338,101,21.0,25,3,1207,529.0,5076,65.4,3.0,2020,0.08977777777777778,0.24752475247524752,1.0728888888888888,0.30044444444444446,4.809523809523809,EXHAUSTION,0.0,0.0,0.0,4,NORMAL (15-25%),SLIGHT ACCEL (1.0-1.2),STRONG (3-5x),MODERATE (0.3-0.5)
2020-01-16,232,44,2.04,1.84,1192,301,116,16.0,30,2,1310,479.0,5077,71.23,3.0,2020,0.09731543624161074,0.25862068965517243,1.098993288590604,0.2525167785234899,7.25,EXHAUSTION,0.0,0.0,0.0,4,ELEVATED (25-35%),SLIGHT ACCEL (1.0-1.2),VERY STRONG (>5x),LOW (<0.3)
2020-01-17,126,106,2.14,1.78,1149,317,113,19.0,31,2,1295,510.0,5078,69.61,3.0,2020,0.09834638816362054,0.2743362831858407,1.1270670147954742,0.2758920800696258,5.947368421052632,EXHAUSTION,0.0,0.0,0.0,4,ELEVATED (25-35%),SLIGHT ACCEL (1.0-1.2),VERY STRONG (>5x),LOW (<0.3)
2020-01-21,141,199,1.83,1.5,1091,348,110,29.0,27,2,1237,571.0,5079,64.0,3.0,2020,0.1008249312557287,0.24545454545454545,1.1338221814848763,0.31897341888175984,3.793103448275862,EXHAUSTION,0.0,0.0,0.0,5,NORMAL (15-25%),SLIGHT ACCEL (1.0-1.2),STRONG (3-5x),MODERATE (0.3-0.5)
2020-01-22,103,85,1.52,1.44,1072,372,95,25.0,21,2,1198,596.0,5079,61.33,3.0,2020,0.08861940298507463,0.22105263157894736,1.117537313432836,0.34701492537313433,3.8,EXHAUSTION,0.0,0.0,0.0,4,NORMAL (15-25%),SLIGHT ACCEL (1.0-1.2),STRONG (3-5x),MODERATE (0.3-0.5)
2020-01-23,106,114,1.29,1.49,1070,388,90,38.0,12,3,1145,666.0,5079,60.1,3.0,2020,0.08411214953271028,0.13333333333333333,1.0700934579439252,0.36261682242990656,2.3684210526315788,EXHAUSTION,0.0,0.0,0.0,3,LOW (<15%),SLIGHT ACCEL (1.0-1.2),MODERATE (2-3x),MODERATE (0.3-0.5)
2020-01-24,67,240,0.73,1.22,969,425,80,60.0,11,3,1011,788.0,5079,52.15,3.0,2020,0.0825593395252838,0.1375,1.043343653250774,0.43859649122807015,1.3333333333333333,EXHAUSTION,0.0,0.0,0.0,3,LOW (<15%),SLIGHT ACCEL (1.0-1.2),WEAK (1-2x),MODERATE (0.3-0.5)
2020-01-27,68,267,0.54,1.05,888,485,62,80.0,13,2,871,975.0,5078,45.45,3.0,2020,0.06981981981981981,0.20967741935483872,0.9808558558558559,0.5461711711711712,0.775,EXHAUSTION,0.0,0.0,0.0,2,NORMAL (15-25%),FLAT (0.8-1.0),NEGATIVE (<1x),ELEVATED (0.5-0.7)
2020-01-28,136,69,0.62,1.08,920,473,73,65.0,16,2,931,904.0,5078,48.49,3.0,2020,0.07934782608695652,0.2191780821917808,1.0119565217391304,0.5141304347826087,1.123076923076923,EXHAUSTION,0.0,0.0,0.0,3,NORMAL (15-25%),SLIGHT ACCEL (1.0-1.2),WEAK (1-2x),ELEVATED (0.5-0.7)
2020-01-29,102,145,0.57,0.93,888,494,81,63.0,19,3,905,966.0,5078,47.26,3.0,2020,0.09121621621621621,0.2345679012345679,1.0191441441441442,0.5563063063063063,1.2857142857142858,EXHAUSTION,0.0,0.0,-0.33333333333333337,4,NORMAL (15-25%),SLIGHT ACCEL (1.0-1.2),WEAK (1-2x),ELEVATED (0.5-0.7)
2020-01-30,94,157,0.53,0.82,852,511,70,85.0,16,4,851,1040.0,5081,46.86,3.0,2020,0.08215962441314555,0.22857142857142856,0.9988262910798122,0.5997652582159625,0.8235294117647058,EXHAUSTION,0.0,0.0,-0.33333333333333337,3,NORMAL (15-25%),FLAT (0.8-1.0),NEGATIVE (<1x),ELEVATED (0.5-0.7)
2020-01-31,70,316,0.49,0.6,780,570,63,96.0,14,5,706,1261.0,5025,38.24,3.0,2020,0.08076923076923077,0.2222222222222222,0.9051282051282051,0.7307692307692307,0.65625,EXHAUSTION,0.0,0.0,0.0,3,NORMAL (15-25%),FLAT (0.8-1.0),NEGATIVE (<1x),HIGH (0.7-1.0)
2020-02-03,144,100,0.69,0.61,784,565,70,107.0,17,4,737,1173.0,5027,41.4,3.0,2020,0.08928571428571429,0.24285714285714285,0.9400510204081632,0.7206632653061225,0.6542056074766355,EXHAUSTION,0.0,0.0,0.0,4,NORMAL (15-25%),FLAT (0.8-1.0),NEGATIVE (<1x),HIGH (0.7-1.0)
2020-02-04,258,77,0.84,0.73,839,546,75,110.0,14,5,830,1085.0,5006,47.34,3.0,2020,0.08939213349225268,0.18666666666666668,0.9892729439809297,0.6507747318235996,0.6818181818181818,EXHAUSTION,0.0,0.0,0.0,4,NORMAL (15-25%),FLAT (0.8-1.0),NEGATIVE (<1x),ELEVATED (0.5-0.7)
2020-02-05,334,80,1.23,0.88,883,482,84,79.0,19,2,916,927.0,5006,54.32,3.0,2020,0.09513023782559456,0.2261904761904762,1.0373725934314835,0.5458663646659117,1.0632911392405062,EXHAUSTION,0.0,0.0,0.0,4,NORMAL (15-25%),SLIGHT ACCEL (1.0-1.2),WEAK (1-2x),ELEVATED (0.5-0.7)
2020-02-06,153,154,1.32,0.89,858,516,96,84.0,16,4,922,974.0,5010,52.13,3.0,2020,0.11188811188811189,0.16666666666666666,1.0745920745920745,0.6013986013986014,1.1428571428571428,EXHAUSTION,0.0,0.0,-0.33333333333333337,5,NORMAL (15-25%),SLIGHT ACCEL (1.0-1.2),WEAK (1-2x),ELEVATED (0.5-0.7)
2020-02-07,80,214,1.55,0.91,806,548,84,99.0,19,7,815,1090.0,5012,47.67,3.0,2020,0.10421836228287841,0.2261904761904762,1.011166253101737,0.6799007444168734,0.8484848484848485,EXHAUSTION,0.0,0.0,-0.33333333333333337,5,NORMAL (15-25%),SLIGHT ACCEL (1.0-1.2),NEGATIVE (<1x),ELEVATED (0.5-0.7)
2020-02-10,169,120,1.54,1.08,812,548,101,99.0,20,7,859,1074.0,4884,49.44,3.0,2020,0.12438423645320197,0.19801980198019803,1.0578817733990147,0.6748768472906403,1.02020202020202,EXHAUSTION,0.0,0.0,-0.33333333333333337,6,NORMAL (15-25%),SLIGHT ACCEL (1.0-1.2),WEAK (1-2x),ELEVATED (0.5-0.7)
2020-02-11,194,104,1.38,1.09,814,505,91,90.0,12,7,907,994.0,4887,51.82,3.0,2020,0.11179361179361179,0.13186813186813187,1.1142506142506143,0.6203931203931204,1.011111111111111,EXHAUSTION,0.0,0.0,-0.33333333333333337,5,LOW (<15%),SLIGHT ACCEL (1.0-1.2),WEAK (1-2x),ELEVATED (0.5-0.7)
2020-02-12,198,87,1.17,1.2,833,487,96,76.0,14,7,998,939.0,4887,55.11,3.0,2020,0.11524609843937575,0.14583333333333334,1.1980792316926772,0.5846338535414166,1.263157894736842,EXHAUSTION,0.0,-0.33333333333333337,-0.33333333333333337,6,LOW (<15%),SLIGHT ACCEL (1.0-1.2),WEAK (1-2x),ELEVATED (0.5-0.7)
2020-02-13,106,124,1.15,1.24,830,497,82,87.0,14,9,991,991.0,4892,53.8,3.0,2020,0.09879518072289156,0.17073170731707318,1.193975903614458,0.5987951807228916,0.9425287356321839,EXHAUSTION,0.0,-0.33333333333333337,-0.33333333333333337,4,NORMAL (15-25%),SLIGHT ACCEL (1.0-1.2),NEGATIVE (<1x),ELEVATED (0.5-0.7)
2020-02-14,124,135,1.39,1.47,822,502,72,102.0,11,10,1021,1009.0,4896,53.31,3.0,2020,0.08759124087591241,0.1527777777777778,1.2420924574209247,0.610705596107056,0.7058823529411765,EXHAUSTION,0.0,0.0,-0.33333333333333337,3,NORMAL (15-25%),ACCELERATING (1.2-1.5),NEGATIVE (<1x),ELEVATED (0.5-0.7)
2020-02-18,194,107,1.46,1.51,831,496,78,87.0,11,8,1025,1010.0,4896,51.33,3.0,2020,0.09386281588447654,0.14102564102564102,1.2334536702767749,0.5968712394705175,0.896551724137931,EXHAUSTION,0.0,0.0,-0.33333333333333337,4,LOW (<15%),ACCELERATING (1.2-1.5),NEGATIVE (<1x),ELEVATED (0.5-0.7)
2020-02-19,237,103,1.54,1.46,854,480,93,71.0,16,9,1116,979.0,4897,50.13,3.0,2020,0.10889929742388758,0.17204301075268819,1.306791569086651,0.5620608899297423,1.3098591549295775,EXHAUSTION,0.0,0.0,-0.33333333333333337,5,NORMAL (15-25%),ACCELERATING (1.2-1.5),WEAK (1-2x),ELEVATED (0.5-0.7)
2020-02-20,200,98,1.52,1.33,868,474,105,63.0,22,8,1145,948.0,4897,52.26,3.0,2020,0.12096774193548387,0.20952380952380953,1.3191244239631337,0.5460829493087558,1.6666666666666667,EXHAUSTION,-0.33333333333333337,0.0,-0.33333333333333337,6,NORMAL (15-25%),ACCELERATING (1.2-1.5),WEAK (1-2x),ELEVATED (0.5-0.7)
2020-02-21,127,179,1.42,1.28,822,504,97,69.0,22,10,1020,1023.0,4898,48.9,3.0,2020,0.11800486618004866,0.2268041237113402,1.2408759124087592,0.6131386861313869,1.4057971014492754,EXHAUSTION,-0.33333333333333337,-0.33333333333333337,-0.33333333333333337,6,NORMAL (15-25%),ACCELERATING (1.2-1.5),WEAK (1-2x),ELEVATED (0.5-0.7)
2020-02-24,55,816,0.62,0.86,678,628,87,79.0,19,9,778,1349.0,4900,34.34,3.0,2020,0.12831858407079647,0.21839080459770116,1.1474926253687316,0.9262536873156342,1.1012658227848102,EXHAUSTION,0.0,-0.33333333333333337,-0.33333333333333337,6,NORMAL (15-25%),SLIGHT ACCEL (1.0-1.2),WEAK (1-2x),HIGH (0.7-1.0)
2020-02-25,57,928,0.32,0.56,568,769,74,103.0,18,11,558,1831.0,4900,21.14,3.0,2020,0.13028169014084506,0.24324324324324326,0.9823943661971831,1.3538732394366197,0.7184466019417476,EXHAUSTION,0.0,-0.33333333333333337,-0.33333333333333337,7,NORMAL (15-25%),FLAT (0.8-1.0),NEGATIVE (<1x),EXTREME (>1.0)
2020-02-26,77,322,0.22,0.47,544,882,58,151.0,20,12,521,1983.0,4900,18.53,3.0,2020,0.10661764705882353,0.3448275862068966,0.9577205882352942,1.6213235294117647,0.3841059602649007,EXHAUSTION,0.0,-0.33333333333333337,-0.33333333333333337,5,ELEVATED (25-35%),FLAT (0.8-1.0),NEGATIVE (<1x),EXTREME (>1.0)
2020-02-27,109,1273,0.12,0.31,446,1113,43,188.0,17,13,401,2584.0,4900,9.35,2.0,2020,0.09641255605381166,0.3953488372093023,0.899103139013453,2.495515695067265,0.22872340425531915,EXHAUSTION,0.5,0.0,0.0,4,HIGH (35-50%),FLAT (0.8-1.0),NEGATIVE (<1x),EXTREME (>1.0)
2020-02-28,223,497,0.14,0.31,433,1170,45,198.0,16,14,422,2862.0,4900,7.0,2.0,2020,0.10392609699769054,0.35555555555555557,0.9745958429561201,2.7020785219399537,0.22727272727272727,EXHAUSTION,0.0,0.0,0.0,5,HIGH (35-50%),FLAT (0.8-1.0),NEGATIVE (<1x),EXTREME (>1.0)
2020-03-02,220,70,0.22,0.34,476,1021,68,144.0,23,15,485,2329.0,4904,11.39,3.0,2020,0.14285714285714285,0.3382352941176471,1.01890756302521,2.1449579831932772,0.4722222222222222,EXHAUSTION,-0.33333333333333337,-0.33333333333333337,-0.33333333333333337,7,ELEVATED (25-35%),SLIGHT ACCEL (1.0-1.2),NEGATIVE (<1x),EXTREME (>1.0)
2020-03-03,113,397,0.29,0.3,447,1188,64,196.0,17,16,427,2628.0,4904,9.39,3.0,2020,0.14317673378076062,0.265625,0.9552572706935123,2.6577181208053693,0.32653061224489793,EXHAUSTION,-0.33333333333333337,-0.33333333333333337,-0.33333333333333337,7,ELEVATED (25-35%),FLAT (0.8-1.0),NEGATIVE (<1x),EXTREME (>1.0)
2020-03-04,366,52,0.45,0.33,507,1064,69,187.0,20,14,604,2196.0,4903,17.47,3.0,2020,0.13609467455621302,0.2898550724637681,1.1913214990138068,2.09861932938856,0.3689839572192513,EXHAUSTION,-0.33333333333333337,-0.33333333333333337,-0.33333333333333337,7,ELEVATED (25-35%),SLIGHT ACCEL (1.0-1.2),NEGATIVE (<1x),EXTREME (>1.0)
2020-03-05,80,884,0.53,0.26,459,1355,64,404.0,18,18,482,2571.0,4902,12.98,3.0,2020,0.1394335511982571,0.28125,1.0501089324618735,2.952069716775599,0.15841584158415842,EXHAUSTION,-0.33333333333333337,-0.33333333333333337,-0.33333333333333337,7,ELEVATED (25-35%),SLIGHT ACCEL (1.0-1.2),NEGATIVE (<1x),EXTREME (>1.0)
2020-03-06,87,697,0.41,0.23,417,1547,54,494.0,17,27,400,2795.0,4904,9.4,2.0,2020,0.12949640287769784,0.3148148148148148,0.9592326139088729,3.709832134292566,0.10931174089068826,EXHAUSTION,0.0,0.0,0.0,7,ELEVATED (25-35%),FLAT (0.8-1.0),NEGATIVE (<1x),EXTREME (>1.0)
2020-03-09,24,2107,0.16,0.19,292,2370,26,1147.0,8,103,238,3347.0,4904,4.24,2.0,2020,0.08904109589041095,0.3076923076923077,0.815068493150685,8.116438356164384,0.022667829119442023,EXHAUSTION,0.0,0.0,0.0,4,ELEVATED (25-35%),FLAT (0.8-1.0),NEGATIVE (<1x),EXTREME (>1.0)
2020-03-10,565,157,0.29,0.29,320,2167,27,944.0,8,96,363,3205.0,4902,5.72,2.0,2020,0.084375,0.2962962962962963,1.134375,6.771875,0.028601694915254237,EXHAUSTION,0.0,0.0,0.0,3,ELEVATED (25-35%),SLIGHT ACCEL (1.0-1.2),NEGATIVE (<1x),EXTREME (>1.0)
2020-03-11,44,1240,0.16,0.25,253,2525,19,1499.0,5,137,241,3468.0,4899,2.97,2.0,2020,0.07509881422924901,0.2631578947368421,0.9525691699604744,9.980237154150197,0.012675116744496331,EXHAUSTION,0.0,0.0,0.0,2,ELEVATED (25-35%),FLAT (0.8-1.0),NEGATIVE (<1x),EXTREME (>1.0)
2020-03-12,42,2525,0.11,0.2,160,3288,11,2434.0,3,365,144,3716.0,4899,1.69,2.0,2020,0.06875,0.2727272727272727,0.9,20.55,0.0045193097781429745,EXHAUSTION,0.0,0.0,0.0,2,ELEVATED (25-35%),FLAT (0.8-1.0),NEGATIVE (<1x),
2020-03-13,935,159,0.26,0.3,274,2892,14,1949.0,7,248,783,3569.0,4900,3.02,2.0,2020,0.051094890510948905,0.5,2.8576642335766422,10.554744525547445,0.007183170856849667,EXHAUSTION,0.0,0.0,0.0,0,HIGH (35-50%),STRONG ACCEL (>1.5),NEGATIVE (<1x),
2020-03-16,79,1452,0.3,0.24,160,3448,11,2682.0,5,643,223,3742.0,4901,1.64,2.0,2020,0.06875,0.45454545454545453,1.39375,21.55,0.004101416853094705,EXHAUSTION,0.0,0.0,0.0,2,HIGH (35-50%),ACCELERATING (1.2-1.5),NEGATIVE (<1x),
2020-03-17,1178,464,0.39,0.35,346,3169,16,2300.0,5,615,972,3613.0,4904,3.47,2.0,2020,0.046242774566473986,0.3125,2.8092485549132946,9.158959537572255,0.006956521739130435,EXHAUSTION,0.0,0.0,0.0,0,ELEVATED (25-35%),STRONG ACCEL (>1.5),NEGATIVE (<1x),EXTREME (>1.0)
2020-03-18,87,1293,0.39,0.28,215,3450,15,2728.0,6,1121,464,3706.0,4902,2.71,2.0,2020,0.06976744186046512,0.4,2.158139534883721,16.046511627906977,0.005498533724340176,EXHAUSTION,0.0,0.0,0.0,2,HIGH (35-50%),STRONG ACCEL (>1.5),NEGATIVE (<1x),
2020-03-19,976,168,0.92,0.39,622,3360,12,2613.0,6,830,1528,3704.0,4904,2.55,2.0,2020,0.01929260450160772,0.5,2.4565916398713825,5.401929260450161,0.004592422502870264,EXHAUSTION,0.0,0.0,0.0,0,HIGH (35-50%),STRONG ACCEL (>1.5),NEGATIVE (<1x),EXTREME (>1.0)
2020-03-20,439,1139,0.61,0.41,642,3502,15,2759.0,6,850,1333,3758.0,4904,2.55,2.0,2020,0.02336448598130841,0.4,2.0763239875389408,5.454828660436137,0.005436752446538601,EXHAUSTION,0.0,0.0,0.0,0,HIGH (35-50%),STRONG ACCEL (>1.5),NEGATIVE (<1x),EXTREME (>1.0)
2020-03-23,144,347,0.83,0.5,592,3548,17,2717.0,6,852,1235,3776.0,4904,1.89,2.0,2020,0.028716216216216218,0.35294117647058826,2.0861486486486487,5.993243243243243,0.006256900993743099,EXHAUSTION,0.0,0.0,0.0,0,HIGH (35-50%),STRONG ACCEL (>1.5),NEGATIVE (<1x),EXTREME (>1.0)
2020-03-24,1382,87,1.0,0.6,1217,3328,17,2118.0,6,489,2514,3708.0,4904,2.5,2.0,2020,0.013968775677896467,0.35294117647058826,2.065735414954807,2.7345932621199673,0.008026440037771483,EXHAUSTION,0.0,0.0,0.0,0,HIGH (35-50%),STRONG ACCEL (>1.5),NEGATIVE (<1x),EXTREME (>1.0)
2020-03-25,946,210,1.99,0.79,1633,3289,12,1921.0,3,339,2865,3703.0,4903,2.96,2.0,2020,0.007348438456827924,0.25,1.7544396815676668,2.0140845070422535,0.006246746486205101,EXHAUSTION,0.0,0.0,0.0,0,NORMAL (15-25%),STRONG ACCEL (>1.5),NEGATIVE (<1x),EXTREME (>1.0)
2020-03-26,840,84,2.01,1.3,2284,2946,18,1302.0,5,203,3423,3569.0,4903,4.39,2.0,2020,0.00788091068301226,0.2777777777777778,1.4986865148861646,1.2898423817863398,0.013824884792626729,EXHAUSTION,0.0,0.0,0.0,0,ELEVATED (25-35%),ACCELERATING (1.2-1.5),NEGATIVE (<1x),EXTREME (>1.0)
2020-03-27,128,449,2.92,1.09,1828,3117,17,1500.0,6,254,3005,3624.0,4904,3.78,2.0,2020,0.009299781181619256,0.35294117647058826,1.6438730853391685,1.7051422319474836,0.011333333333333334,EXHAUSTION,0.0,0.0,0.0,0,HIGH (35-50%),STRONG ACCEL (>1.5),NEGATIVE (<1x),EXTREME (>1.0)
2020-03-30,520,312,3.34,1.46,2001,2966,19,1547.0,5,312,3189,3491.0,4904,5.51,2.0,2020,0.009495252373813094,0.2631578947368421,1.593703148425787,1.4822588705647177,0.012281835811247576,EXHAUSTION,0.0,0.0,0.0,0,ELEVATED (25-35%),STRONG ACCEL (>1.5),NEGATIVE (<1x),EXTREME (>1.0)
2020-03-31,384,395,1.94,1.3,1918,2962,21,1414.0,4,277,3160,3500.0,4899,5.22,2.0,2020,0.010948905109489052,0.19047619047619047,1.6475495307612096,1.5443169968717414,0.01485148514851485,EXHAUSTION,0.0,0.0,0.0,0,NORMAL (15-25%),STRONG ACCEL (>1.5),NEGATIVE (<1x),EXTREME (>1.0)
2020-04-01,66,964,0.88,1.4,1222,3206,17,2013.0,2,464,2420,3610.0,4901,3.94,2.0,2020,0.013911620294599018,0.11764705882352941,1.9803600654664484,2.623567921440262,0.008445106805762544,EXHAUSTION,0.0,0.0,0.0,0,LOW (<15%),STRONG ACCEL (>1.5),NEGATIVE (<1x),EXTREME (>1.0)
2020-04-02,372,270,0.62,1.23,1335,3125,13,1726.0,3,384,2569,3547.0,4900,4.76,2.0,2020,0.009737827715355805,0.23076923076923078,1.9243445692883896,2.3408239700374533,0.007531865585168019,EXHAUSTION,0.0,0.0,0.0,0,NORMAL (15-25%),STRONG ACCEL (>1.5),NEGATIVE (<1x),EXTREME (>1.0)
2020-04-03,125,631,0.57,1.31,1129,3175,18,1770.0,3,368,2209,3556.0,4904,4.55,2.0,2020,0.015943312666076175,0.16666666666666666,1.9565987599645704,2.812223206377325,0.010169491525423728,EXHAUSTION,0.0,0.0,0.0,0,NORMAL (15-25%),STRONG ACCEL (>1.5),NEGATIVE (<1x),EXTREME (>1.0)
2020-04-06,1591,38,1.1,1.85,1885,2897,46,802.0,8,132,3104,3401.0,4903,7.87,2.0,2020,0.02440318302387268,0.17391304347826086,1.646684350132626,1.5368700265251989,0.057356608478802994,EXHAUSTION,0.0,0.0,0.0,0,NORMAL (15-25%),STRONG ACCEL (>1.5),NEGATIVE (<1x),EXTREME (>1.0)
2020-04-07,555,234,1.27,1.54,1964,2894,37,860.0,6,109,3181,3380.0,4904,8.12,2.0,2020,0.01883910386965377,0.16216216216216217,1.6196537678207739,1.4735234215885946,0.04302325581395349,EXHAUSTION,0.0,0.0,0.0,0,NORMAL (15-25%),STRONG ACCEL (>1.5),NEGATIVE (<1x),EXTREME (>1.0)
2020-04-08,648,36,2.72,1.53,2534,2706,79,421.0,13,43,3476,3235.0,4904,13.53,2.0,2020,0.031176006314127862,0.16455696202531644,1.3717442778216258,1.0678768745067087,0.1876484560570071,EXHAUSTION,0.0,0.0,0.0,0,NORMAL (15-25%),ACCELERATING (1.2-1.5),NEGATIVE (<1x),EXTREME (>1.0)
2020-04-09,1165,79,4.01,1.63,2953,2523,460,93.0,50,15,3637,2945.0,4904,24.35,2.0,2020,0.15577378936674569,0.10869565217391304,1.2316288520149001,0.8543853708093464,4.946236559139785,NEUTRAL,0.0,0.0,0.0,8,LOW (<15%),ACCELERATING (1.2-1.5),STRONG (3-5x),HIGH (0.7-1.0)
2020-04-13,236,134,8.05,1.83,2737,2620,166,179.0,33,21,3556,2911.0,4907,19.79,2.0,2020,0.06065034709535988,0.19879518072289157,1.29923273657289,0.9572524662038728,0.9273743016759777,EXHAUSTION,0.0,0.0,0.0,1,NORMAL (15-25%),ACCELERATING (1.2-1.5),NEGATIVE (<1x),HIGH (0.7-1.0)
2020-04-14,700,112,5.55,2.02,2895,2482,893,44.0,144,12,3576,2709.0,4907,28.15,2.0,2020,0.3084628670120898,0.1612541993281075,1.2352331606217617,0.8573402417962004,20.295454545454547,MID_BULL,0.0,0.0,0.0,9,NORMAL (15-25%),ACCELERATING (1.2-1.5),VERY STRONG (>5x),HIGH (0.7-1.0)
2020-04-15,114,766,2.54,1.71,2463,2638,513,95.0,86,12,3344,2821.0,4907,21.48,2.0,2020,0.20828258221680876,0.16764132553606237,1.357693869265124,1.0710515631343889,5.4,NEUTRAL,0.0,0.0,0.0,9,NORMAL (15-25%),ACCELERATING (1.2-1.5),VERY STRONG (>5x),EXTREME (>1.0)
2020-04-16,241,381,1.67,2.14,2358,2627,1137,35.0,352,9,3222,2782.0,4906,23.52,2.0,2020,0.4821882951653944,0.3095866314863676,1.366412213740458,1.1140797285835453,32.48571428571429,MID_BULL,0.0,0.0,0.0,9,ELEVATED (25-35%),ACCELERATING (1.2-1.5),VERY STRONG (>5x),EXTREME (>1.0)
2020-04-17,992,69,1.56,2.57,2763,2477,1005,34.0,209,6,3483,2568.0,4905,34.29,2.0,2020,0.36373507057546145,0.20796019900497512,1.260586319218241,0.8964893231994209,29.558823529411764,EARLY_BULL,0.0,0.0,0.0,9,NORMAL (15-25%),ACCELERATING (1.2-1.5),VERY STRONG (>5x),HIGH (0.7-1.0)
2020-04-20,229,360,1.35,2.93,2553,2523,1085,33.0,201,6,3354,2613.0,4905,30.61,2.0,2020,0.42499020759890327,0.18525345622119815,1.3137485311398356,0.9882491186839013,32.878787878787875,EARLY_BULL,0.0,0.0,0.0,9,NORMAL (15-25%),ACCELERATING (1.2-1.5),VERY STRONG (>5x),HIGH (0.7-1.0)
2020-04-21,110,450,0.83,1.9,2339,2612,1087,19.0,165,8,3244,2764.0,4905,26.43,2.0,2020,0.46472851646002566,0.15179392824287027,1.3869174861051732,1.1167165455322787,57.21052631578947,EARLY_BULL,0.0,0.0,0.0,9,NORMAL (15-25%),ACCELERATING (1.2-1.5),VERY STRONG (>5x),EXTREME (>1.0)
2020-04-22,357,100,1.42,1.93,2468,2512,503,39.0,66,7,3264,2456.0,4904,33.78,2.0,2020,0.20380875202593193,0.1312127236580517,1.3225283630470017,1.0178282009724473,12.897435897435898,NEUTRAL,0.0,0.0,0.0,9,LOW (<15%),ACCELERATING (1.2-1.5),VERY STRONG (>5x),EXTREME (>1.0)
2020-04-23,488,117,1.99,1.8,2532,2469,397,48.0,63,9,3329,2269.0,4904,33.78,2.0,2020,0.15679304897314375,0.15869017632241814,1.3147709320695102,0.9751184834123223,8.270833333333334,NEUTRAL,0.0,0.0,0.0,8,NORMAL (15-25%),ACCELERATING (1.2-1.5),VERY STRONG (>5x),HIGH (0.7-1.0)
2020-04-24,332,83,1.37,1.48,2623,2371,290,68.0,55,10,3352,1768.0,4907,45.03,2.0,2020,0.11056042699199391,0.1896551724137931,1.2779260388867708,0.9039268013724743,4.264705882352941,EXHAUSTION,0.0,0.0,0.0,5,NORMAL (15-25%),ACCELERATING (1.2-1.5),STRONG (3-5x),HIGH (0.7-1.0)
2020-04-27,1102,47,3.0,1.88,2960,2168,576,28.0,90,5,3530,1445.0,4907,59.25,2.0,2020,0.1945945945945946,0.15625,1.1925675675675675,0.7324324324324324,20.571428571428573,NEUTRAL,0.0,0.0,0.0,9,NORMAL (15-25%),SLIGHT ACCEL (1.0-1.2),VERY STRONG (>5x),HIGH (0.7-1.0)
2020-04-28,598,145,5.85,1.81,3082,2084,524,19.0,106,7,3610,1028.0,4911,69.55,2.0,2020,0.1700194678780013,0.20229007633587787,1.1713173264114212,0.6761842959117457,27.57894736842105,NEUTRAL,0.0,0.0,0.5,8,NORMAL (15-25%),SLIGHT ACCEL (1.0-1.2),VERY STRONG (>5x),ELEVATED (0.5-0.7)
2020-04-29,1376,58,8.66,3.22,3329,1799,836,17.0,169,6,3694,577.0,4911,82.6,2.0,2020,0.2511264644037248,0.2021531100478469,1.1096425352958847,0.5404025232802644,49.1764705882353,MID_BULL,0.0,0.0,0.5,9,NORMAL (15-25%),SLIGHT ACCEL (1.0-1.2),VERY STRONG (>5x),ELEVATED (0.5-0.7)
2020-04-30,164,442,4.61,3.07,3142,2022,1131,14.0,254,5,3638,770.0,4914,77.21,2.0,2020,0.3599618077657543,0.22458001768346597,1.1578612348822406,0.6435391470401018,80.78571428571429,MID_BULL,0.0,0.0,0.5,9,NORMAL (15-25%),SLIGHT ACCEL (1.0-1.2),VERY STRONG (>5x),ELEVATED (0.5-0.7)
2020-05-01,90,547,2.69,2.06,2912,2244,800,12.0,169,4,3523,1030.0,4914,68.57,2.0,2020,0.27472527472527475,0.21125,1.2098214285714286,0.7706043956043956,66.66666666666667,MID_BULL,0.0,0.0,0.5,9,NORMAL (15-25%),ACCELERATING (1.2-1.5),VERY STRONG (>5x),HIGH (0.7-1.0)
2020-05-04,235,157,1.83,2.26,2899,2236,1027,9.0,231,1,3470,1048.0,4915,68.87,2.0,2020,0.3542600896860987,0.2249269717624148,1.1969644705070714,0.7713004484304933,114.11111111111111,MID_BULL,0.0,0.0,0.5,9,NORMAL (15-25%),SLIGHT ACCEL (1.0-1.2),,HIGH (0.7-1.0)
2020-05-05,325,251,1.51,2.6,2882,2189,574,12.0,110,2,3429,1132.0,4914,69.68,2.0,2020,0.1991672449687717,0.1916376306620209,1.1897987508674532,0.7595419847328244,47.833333333333336,NEUTRAL,0.0,0.0,0.5,9,NORMAL (15-25%),SLIGHT ACCEL (1.0-1.2),VERY STRONG (>5x),HIGH (0.7-1.0)
2020-05-06,204,309,0.6,2.28,2739,2229,491,20.0,103,1,3239,1448.0,4914,63.94,2.0,2020,0.17926250456370937,0.20977596741344195,1.1825483753194597,0.8138006571741512,24.55,NEUTRAL,0.0,0.0,0.5,8,NORMAL (15-25%),SLIGHT ACCEL (1.0-1.2),VERY STRONG (>5x),HIGH (0.7-1.0)
2020-05-07,567,131,1.02,2.3,2838,2139,396,22.0,86,3,3301,1203.0,4912,71.67,2.0,2020,0.13953488372093023,0.21717171717171718,1.1631430584918958,0.7536997885835095,18.0,EXHAUSTION,0.0,0.0,0.5,7,NORMAL (15-25%),SLIGHT ACCEL (1.0-1.2),VERY STRONG (>5x),HIGH (0.7-1.0)
2020-05-08,791,74,2.3,2.52,3084,1941,379,30.0,80,3,3439,788.0,4913,82.3,2.0,2020,0.1228923476005188,0.21108179419525067,1.1151102464332037,0.6293774319066148,12.633333333333333,EXHAUSTION,0.0,0.0,0.5,6,NORMAL (15-25%),SLIGHT ACCEL (1.0-1.2),VERY STRONG (>5x),ELEVATED (0.5-0.7)
2020-05-11,387,376,1.99,1.9,2959,1979,433,30.0,108,6,3124,1027.0,4910,75.94,2.0,2020,0.14633322068266305,0.24942263279445728,1.0557620817843867,0.6688070294018249,14.433333333333334,EXHAUSTION,0.0,0.0,0.5,7,NORMAL (15-25%),SLIGHT ACCEL (1.0-1.2),VERY STRONG (>5x),ELEVATED (0.5-0.7)
2020-05-12,183,594,1.44,1.47,2741,2160,277,48.0,72,3,2784,1437.0,4910,64.85,2.0,2020,0.10105800802626778,0.259927797833935,1.015687705217074,0.7880335643925575,5.770833333333333,EXHAUSTION,0.0,0.5,0.5,5,ELEVATED (25-35%),SLIGHT ACCEL (1.0-1.2),VERY STRONG (>5x),HIGH (0.7-1.0)
2020-05-13,92,989,0.93,0.79,2523,2316,292,48.0,72,2,2398,1957.0,4910,52.29,2.0,2020,0.11573523583036067,0.2465753424657534,0.9504558065794689,0.9179548156956004,6.083333333333333,EXHAUSTION,0.0,0.5,0.5,6,NORMAL (15-25%),FLAT (0.8-1.0),VERY STRONG (>5x),HIGH (0.7-1.0)
2020-05-14,259,128,0.79,0.88,2567,2324,331,36.0,74,1,2441,1895.0,4934,54.72,2.0,2020,0.12894429294896767,0.22356495468277945,0.9509154655239579,0.905336969224776,9.194444444444445,EXHAUSTION,0.0,0.5,0.5,7,NORMAL (15-25%),FLAT (0.8-1.0),VERY STRONG (>5x),HIGH (0.7-1.0)
2020-05-15,323,115,0.56,1.08,2622,2257,264,54.0,58,3,2503,1759.0,4933,56.57,2.0,2020,0.10068649885583524,0.2196969696969697,0.9546147978642258,0.8607932875667429,4.888888888888889,EXHAUSTION,0.0,0.5,0.5,5,NORMAL (15-25%),FLAT (0.8-1.0),STRONG (3-5x),HIGH (0.7-1.0)
2020-05-18,1490,72,1.24,1.52,2983,1931,441,28.0,109,2,3057,1060.0,4943,75.01,2.0,2020,0.14783774723432785,0.2471655328798186,1.0248072410325175,0.647334897753939,15.75,EXHAUSTION,0.0,0.5,0.5,7,NORMAL (15-25%),SLIGHT ACCEL (1.0-1.2),VERY STRONG (>5x),ELEVATED (0.5-0.7)
2020-05-19,188,131,1.64,1.54,2904,2025,505,26.0,113,1,2879,1303.0,4970,68.81,2.0,2020,0.17389807162534435,0.22376237623762377,0.9913911845730028,0.6973140495867769,19.423076923076923,NEUTRAL,0.5,0.5,0.5,8,NORMAL (15-25%),FLAT (0.8-1.0),VERY STRONG (>5x),ELEVATED (0.5-0.7)
2020-05-20,652,59,5.77,1.85,3043,1884,540,27.0,122,1,3096,1025.0,4970,73.32,2.0,2020,0.1774564574433125,0.22592592592592592,1.0174170226749917,0.619125862635557,20.0,NEUTRAL,0.5,0.5,0.5,8,NORMAL (15-25%),SLIGHT ACCEL (1.0-1.2),VERY STRONG (>5x),ELEVATED (0.5-0.7)
2020-05-21,261,88,6.27,1.76,3057,1855,488,27.0,111,1,3077,1015.0,4970,74.04,2.0,2020,0.159633627739614,0.22745901639344263,1.006542361792607,0.6068040562643114,18.074074074074073,NEUTRAL,0.5,0.5,0.5,8,NORMAL (15-25%),SLIGHT ACCEL (1.0-1.2),VERY STRONG (>5x),ELEVATED (0.5-0.7)
2020-05-22,222,89,6.41,1.54,3059,1777,465,30.0,90,2,2814,1008.0,4970,73.06,2.0,2020,0.15201046093494605,0.1935483870967742,0.919908466819222,0.5809087937234391,15.5,NEUTRAL,0.5,0.5,0.5,8,NORMAL (15-25%),FLAT (0.8-1.0),VERY STRONG (>5x),ELEVATED (0.5-0.7)
2020-05-26,1292,166,4.91,2.04,3281,1474,402,35.0,78,2,3164,713.0,4970,82.18,2.0,2020,0.12252362084730266,0.19402985074626866,0.9643401402011582,0.4492532764401097,11.485714285714286,EXHAUSTION,0.5,0.5,0.5,6,NORMAL (15-25%),FLAT (0.8-1.0),VERY STRONG (>5x),MODERATE (0.3-0.5)
2020-05-27,748,111,6.19,2.84,3482,1187,420,28.0,77,3,3288,608.0,4927,86.82,3.0,2020,0.12062033314187248,0.18333333333333332,0.9442848937392303,0.34089603676048247,15.0,EXHAUSTION,0.0,0.0,0.0,6,NORMAL (15-25%),FLAT (0.8-1.0),VERY STRONG (>5x),MODERATE (0.3-0.5)
2020-05-28,141,268,3.69,4.54,3385,1261,175,51.0,45,2,3144,760.0,4927,85.13,3.0,2020,0.051698670605613,0.2571428571428571,0.9288035450516987,0.3725258493353028,3.4313725490196076,EXHAUSTION,0.0,0.0,0.0,0,ELEVATED (25-35%),FLAT (0.8-1.0),STRONG (3-5x),MODERATE (0.3-0.5)
2020-05-29,231,322,2.76,3.9,3308,1225,261,46.0,58,4,3064,847.0,4927,82.88,3.0,2020,0.07889963724304716,0.2222222222222222,0.9262394195888755,0.37031438935912936,5.673913043478261,EXHAUSTION,0.0,0.0,0.0,3,NORMAL (15-25%),FLAT (0.8-1.0),VERY STRONG (>5x),MODERATE (0.3-0.5)
2020-06-01,329,64,2.94,4.05,3330,1186,464,31.0,77,3,3099,753.0,4925,85.03,3.0,2020,0.13933933933933934,0.16594827586206898,0.9306306306306307,0.35615615615615615,14.96774193548387,EXHAUSTION,0.0,0.0,0.0,7,NORMAL (15-25%),FLAT (0.8-1.0),VERY STRONG (>5x),MODERATE (0.3-0.5)
2020-06-02,397,103,2.13,3.18,3375,1116,504,27.0,82,3,3174,708.0,4920,87.07,3.0,2020,0.14933333333333335,0.1626984126984127,0.9404444444444444,0.33066666666666666,18.666666666666668,EXHAUSTION,0.0,0.0,0.0,8,NORMAL (15-25%),FLAT (0.8-1.0),VERY STRONG (>5x),MODERATE (0.3-0.5)
2020-06-03,903,113,2.3,3.74,3529,882,627,22.0,109,4,3303,578.0,4922,88.76,3.0,2020,0.17767072825162936,0.17384370015948963,0.9359591952394446,0.24992915840181354,28.5,NEUTRAL,0.0,0.0,0.0,8,NORMAL (15-25%),FLAT (0.8-1.0),VERY STRONG (>5x),LOW (<0.3)
2020-06-04,489,131,3.2,3.45,3567,797,770,25.0,161,7,3260,579.0,4930,87.58,3.0,2020,0.2158676759181385,0.20909090909090908,0.9139332772638071,0.22343706195682647,30.8,NEUTRAL,0.0,0.0,0.0,9,NORMAL (15-25%),FLAT (0.8-1.0),VERY STRONG (>5x),LOW (<0.3)
2020-06-05,1252,74,6.95,4.17,3705,529,959,28.0,193,5,3422,491.0,4932,90.5,3.0,2020,0.25883940620782725,0.20125130344108447,0.9236167341430499,0.1427800269905533,34.25,MID_BULL,0.0,0.0,0.0,9,NORMAL (15-25%),FLAT (0.8-1.0),VERY STRONG (>5x),LOW (<0.3)
2020-06-08,712,55,7.88,4.62,3795,350,853,25.0,179,5,3526,397.0,4933,92.39,3.0,2020,0.22476943346508563,0.20984759671746775,0.9291172595520422,0.0922266139657444,34.12,NEUTRAL,0.0,0.0,0.0,9,NORMAL (15-25%),FLAT (0.8-1.0),VERY STRONG (>5x),LOW (<0.3)
2020-06-09,211,207,6.15,3.74,3756,323,820,30.0,156,5,3468,473.0,4936,90.8,3.0,2020,0.21831735889243875,0.1902439024390244,0.9233226837060703,0.08599574014909478,27.333333333333332,NEUTRAL,0.0,0.0,0.0,9,NORMAL (15-25%),FLAT (0.8-1.0),VERY STRONG (>5x),LOW (<0.3)
2020-06-10,211,572,2.77,2.55,3680,431,803,26.0,128,5,3369,807.0,4936,89.31,3.0,2020,0.21820652173913044,0.15940224159402241,0.9154891304347826,0.11711956521739131,30.884615384615383,NEUTRAL,0.0,0.0,0.0,9,NORMAL (15-25%),FLAT (0.8-1.0),VERY STRONG (>5x),LOW (<0.3)
2020-06-11,41,2081,0.81,1.28,3344,743,522,29.0,68,5,2582,2346.0,4937,69.17,3.0,2020,0.15610047846889952,0.13026819923371646,0.7721291866028708,0.222188995215311,18.0,NEUTRAL,0.0,0.0,0.0,8,LOW (<15%),DECELERATING (<0.8),VERY STRONG (>5x),LOW (<0.3)
2020-06-12,297,31,0.5,1.41,3439,552,643,27.0,101,5,2751,1873.0,4944,74.07,3.0,2020,0.186972957255016,0.15707620528771385,0.7999418435591742,0.16051177667926722,23.814814814814813,NEUTRAL,0.0,0.0,0.0,9,NORMAL (15-25%),DECELERATING (<0.8),VERY STRONG (>5x),LOW (<0.3)
2020-06-15,494,74,0.42,1.46,3502,489,686,19.0,105,3,2944,1529.0,4947,76.75,3.0,2020,0.19588806396344946,0.15306122448979592,0.8406624785836665,0.13963449457452884,36.10526315789474,NEUTRAL,0.0,0.0,0.0,9,NORMAL (15-25%),FLAT (0.8-1.0),VERY STRONG (>5x),LOW (<0.3)
2020-06-16,492,52,0.55,1.51,3577,403,435,20.0,67,3,3099,1204.0,4946,82.81,3.0,2020,0.12161028795079676,0.15402298850574714,0.8663684651942969,0.11266424377970366,21.75,EXHAUSTION,0.0,0.0,0.0,6,NORMAL (15-25%),FLAT (0.8-1.0),VERY STRONG (>5x),LOW (<0.3)
2020-06-17,193,243,0.61,1.25,3480,522,392,22.0,65,3,2934,1516.0,4947,76.99,3.0,2020,0.11264367816091954,0.16581632653061223,0.843103448275862,0.15,17.818181818181817,EXHAUSTION,0.0,0.0,0.0,5,NORMAL (15-25%),FLAT (0.8-1.0),VERY STRONG (>5x),LOW (<0.3)
2020-06-18,222,124,3.24,1.17,3477,534,292,26.0,58,3,2926,1561.0,4946,75.11,3.0,2020,0.08398044291055508,0.19863013698630136,0.8415300546448088,0.1535806729939603,11.23076923076923,EXHAUSTION,0.0,0.0,0.0,3,NORMAL (15-25%),FLAT (0.8-1.0),VERY STRONG (>5x),LOW (<0.3)
2020-06-19,287,344,2.02,0.84,3384,581,267,23.0,53,4,2854,1685.0,4952,68.69,3.0,2020,0.07890070921985816,0.19850187265917604,0.8433806146572104,0.1716903073286052,11.608695652173912,EXHAUSTION,0.0,0.0,0.0,3,NORMAL (15-25%),FLAT (0.8-1.0),VERY STRONG (>5x),LOW (<0.3)
2020-06-22,179,83,1.62,0.69,3369,589,273,19.0,54,4,2880,1639.0,4954,67.89,3.0,2020,0.08103294746215495,0.1978021978021978,0.8548530721282279,0.17482932620955774,14.368421052631579,EXHAUSTION,0.0,0.0,0.0,3,NORMAL (15-25%),FLAT (0.8-1.0),VERY STRONG (>5x),LOW (<0.3)
2020-06-23,255,111,1.26,0.72,3325,564,208,25.0,50,4,2877,1622.0,4954,67.02,3.0,2020,0.06255639097744362,0.2403846153846154,0.8652631578947368,0.16962406015037593,8.32,EXHAUSTION,0.0,0.0,0.0,1,NORMAL (15-25%),FLAT (0.8-1.0),VERY STRONG (>5x),LOW (<0.3)
2020-06-24,89,924,0.65,0.63,2848,763,136,45.0,35,3,2424,2142.0,4954,47.86,3.0,2020,0.047752808988764044,0.25735294117647056,0.851123595505618,0.2679073033707865,3.022222222222222,EXHAUSTION,0.0,0.0,0.0,0,ELEVATED (25-35%),FLAT (0.8-1.0),STRONG (3-5x),LOW (<0.3)
2020-06-25,280,74,0.71,1.35,2854,719,186,35.0,50,3,2539,1977.0,4954,52.29,3.0,2020,0.06517168885774352,0.26881720430107525,0.8896285914505957,0.251927119831815,5.314285714285714,EXHAUSTION,0.0,0.0,0.0,1,ELEVATED (25-35%),FLAT (0.8-1.0),VERY STRONG (>5x),LOW (<0.3)
2020-06-26,175,1073,0.43,0.86,2625,892,141,51.0,33,2,2227,2334.0,4966,40.14,3.0,2020,0.053714285714285714,0.23404255319148937,0.8483809523809523,0.3398095238095238,2.764705882352941,EXHAUSTION,0.0,0.0,0.0,1,NORMAL (15-25%),FLAT (0.8-1.0),MODERATE (2-3x),MODERATE (0.3-0.5)
2020-06-29,180,59,0.44,0.76,2787,745,138,41.0,28,1,2523,1980.0,4967,54.75,3.0,2020,0.04951560818083961,0.2028985507246377,0.9052744886975242,0.2673125224255472,3.3658536585365852,EXHAUSTION,0.0,0.0,0.0,0,NORMAL (15-25%),FLAT (0.8-1.0),STRONG (3-5x),LOW (<0.3)
2020-06-30,340,107,0.48,0.7,2850,719,132,48.0,32,3,2649,1766.0,4967,60.23,3.0,2020,0.04631578947368421,0.24242424242424243,0.9294736842105263,0.25228070175438594,2.75,EXHAUSTION,0.0,0.0,0.0,0,NORMAL (15-25%),FLAT (0.8-1.0),MODERATE (2-3x),LOW (<0.3)
2020-07-01,198,215,0.77,0.71,2778,782,132,58.0,25,4,2466,1922.0,4965,53.94,3.0,2020,0.047516198704103674,0.1893939393939394,0.8876889848812095,0.2814974802015839,2.2758620689655173,EXHAUSTION,0.0,0.0,0.0,0,NORMAL (15-25%),FLAT (0.8-1.0),MODERATE (2-3x),LOW (<0.3)
2020-07-02,184,93,0.7,0.7,2785,785,139,82.0,33,1,2345,1915.0,4968,56.19,3.0,2020,0.04991023339317774,0.23741007194244604,0.8420107719928187,0.28186714542190305,1.6951219512195121,EXHAUSTION,0.0,0.0,0.0,0,NORMAL (15-25%),FLAT (0.8-1.0),WEAK (1-2x),LOW (<0.3)
2020-07-06,247,124,1.92,0.74,2806,730,140,146.0,31,4,2055,1820.0,4968,60.16,3.0,2020,0.04989308624376337,0.22142857142857142,0.7323592302209551,0.2601568068424804,0.958904109589041,EXHAUSTION,0.0,0.0,0.0,0,NORMAL (15-25%),DECELERATING (<0.8),NEGATIVE (<1x),LOW (<0.3)
2020-07-07,157,337,1.29,0.68,2616,865,116,370.0,35,22,1741,2112.0,4964,45.87,3.0,2020,0.04434250764525994,0.3017241379310345,0.665519877675841,0.33065749235474007,0.31351351351351353,EXHAUSTION,0.0,0.0,0.0,0,ELEVATED (25-35%),DECELERATING (<0.8),NEGATIVE (<1x),MODERATE (0.3-0.5)
2020-07-08,299,80,1.28,0.7,2318,856,139,251.0,37,11,1632,2069.0,4964,45.77,3.0,2020,0.05996548748921484,0.26618705035971224,0.7040552200172563,0.36928386540120794,0.5537848605577689,EXHAUSTION,0.0,0.0,0.0,1,ELEVATED (25-35%),DECELERATING (<0.8),NEGATIVE (<1x),MODERATE (0.3-0.5)
2020-07-09,126,458,0.93,0.83,2082,1012,134,198.0,36,5,1437,2314.0,4964,34.92,3.0,2020,0.0643611911623439,0.26865671641791045,0.6902017291066282,0.4860710854947166,0.6767676767676768,EXHAUSTION,0.0,0.0,0.0,1,ELEVATED (25-35%),DECELERATING (<0.8),NEGATIVE (<1x),MODERATE (0.3-0.5)
2020-07-10,335,77,1.08,0.85,2115,881,207,30.0,51,4,1528,2095.0,4971,43.79,3.0,2020,0.09787234042553192,0.2463768115942029,0.7224586288416076,0.416548463356974,6.9,EXHAUSTION,0.0,0.0,0.0,4,NORMAL (15-25%),DECELERATING (<0.8),VERY STRONG (>5x),MODERATE (0.3-0.5)
2020-07-13,115,567,0.68,1.03,1986,964,143,79.0,36,6,1179,2233.0,4971,39.75,3.0,2020,0.07200402819738168,0.2517482517482518,0.5936555891238671,0.48539778449144005,1.8101265822784811,EXHAUSTION,0.0,0.0,0.0,2,ELEVATED (25-35%),DECELERATING (<0.8),WEAK (1-2x),MODERATE (0.3-0.5)
2020-07-14,228,77,0.88,1.04,2077,934,125,96.0,36,3,1307,2101.0,4971,46.23,3.0,2020,0.0601829561868079,0.288,0.6292729898892634,0.4496870486278286,1.3020833333333333,EXHAUSTION,0.0,0.0,0.0,1,ELEVATED (25-35%),DECELERATING (<0.8),WEAK (1-2x),MODERATE (0.3-0.5)
2020-07-15,995,26,1.49,1.4,2309,738,131,75.0,37,3,1842,1700.0,4975,58.84,3.0,2020,0.056734517106972714,0.2824427480916031,0.797747942832395,0.31961888263317456,1.7466666666666666,EXHAUSTION,0.0,0.0,0.0,1,ELEVATED (25-35%),DECELERATING (<0.8),WEAK (1-2x),MODERATE (0.3-0.5)
2020-07-16,192,64,2.3,1.51,2280,759,120,62.0,34,3,1735,1746.0,4977,56.1,3.0,2020,0.05263157894736842,0.2833333333333333,0.7609649122807017,0.33289473684210524,1.935483870967742,EXHAUSTION,0.0,0.0,0.0,1,ELEVATED (25-35%),DECELERATING (<0.8),WEAK (1-2x),MODERATE (0.3-0.5)
2020-07-17,314,93,2.23,1.58,2278,759,142,62.0,38,4,1729,1705.0,4977,56.1,3.0,2020,0.06233538191395961,0.2676056338028169,0.7589991220368745,0.33318700614574187,2.2903225806451615,EXHAUSTION,0.0,0.0,0.0,1,ELEVATED (25-35%),DECELERATING (<0.8),MODERATE (2-3x),MODERATE (0.3-0.5)
2020-07-20,318,133,5.21,1.61,2181,806,160,61.0,39,8,1664,1743.0,4977,50.28,3.0,2020,0.07336084364970197,0.24375,0.7629527739569005,0.3695552498853737,2.622950819672131,EXHAUSTION,0.0,0.0,0.0,2,NORMAL (15-25%),DECELERATING (<0.8),MODERATE (2-3x),MODERATE (0.3-0.5)
2020-07-21,574,88,5.92,2.1,2296,680,139,54.0,39,5,1884,1581.0,4976,58.26,3.0,2020,0.06054006968641115,0.2805755395683453,0.8205574912891986,0.2961672473867596,2.574074074074074,EXHAUSTION,0.0,0.0,0.0,1,ELEVATED (25-35%),FLAT (0.8-1.0),MODERATE (2-3x),LOW (<0.3)
2020-07-22,219,74,3.58,2.06,2277,705,141,58.0,37,8,1881,1604.0,4976,60.0,3.0,2020,0.061923583662714096,0.2624113475177305,0.8260869565217391,0.3096179183135705,2.4310344827586206,EXHAUSTION,0.0,0.0,0.0,1,ELEVATED (25-35%),FLAT (0.8-1.0),MODERATE (2-3x),MODERATE (0.3-0.5)
2020-07-23,181,163,2.91,2.55,2212,721,183,53.0,39,4,1886,1655.0,4976,59.59,3.0,2020,0.08273056057866185,0.21311475409836064,0.8526220614828209,0.3259493670886076,3.452830188679245,EXHAUSTION,0.0,0.0,0.0,3,NORMAL (15-25%),FLAT (0.8-1.0),STRONG (3-5x),MODERATE (0.3-0.5)
2020-07-24,99,139,2.33,2.27,2054,795,150,72.0,37,7,1664,1812.0,4988,53.79,3.0,2020,0.0730282375851996,0.24666666666666667,0.810126582278481,0.3870496592015579,2.0833333333333335,EXHAUSTION,0.0,0.0,0.0,2,NORMAL (15-25%),FLAT (0.8-1.0),MODERATE (2-3x),MODERATE (0.3-0.5)
2020-07-27,340,152,2.29,3.43,2063,799,224,44.0,47,5,1783,1523.0,4990,55.2,3.0,2020,0.10857973824527388,0.20982142857142858,0.8642753271934076,0.38730004847309746,5.090909090909091,EXHAUSTION,0.0,0.0,0.0,5,NORMAL (15-25%),FLAT (0.8-1.0),VERY STRONG (>5x),MODERATE (0.3-0.5)
2020-07-28,144,190,1.37,3.01,1950,820,155,54.0,35,6,1647,1332.0,4993,53.41,3.0,2020,0.07948717948717948,0.22580645161290322,0.8446153846153847,0.4205128205128205,2.8703703703703702,EXHAUSTION,0.0,0.0,0.0,3,NORMAL (15-25%),FLAT (0.8-1.0),MODERATE (2-3x),MODERATE (0.3-0.5)
2020-07-29,471,144,1.57,2.3,2090,778,150,59.0,34,5,1961,1094.0,4992,61.16,3.0,2020,0.07177033492822966,0.22666666666666666,0.9382775119617225,0.3722488038277512,2.542372881355932,EXHAUSTION,0.0,0.0,0.0,2,NORMAL (15-25%),FLAT (0.8-1.0),MODERATE (2-3x),MODERATE (0.3-0.5)
2020-07-30,240,187,1.59,2.13,2005,794,159,58.0,40,5,1777,1143.0,4992,55.98,3.0,2020,0.07930174563591022,0.25157232704402516,0.886284289276808,0.39600997506234414,2.7413793103448274,EXHAUSTION,0.0,0.0,0.0,3,ELEVATED (25-35%),FLAT (0.8-1.0),MODERATE (2-3x),MODERATE (0.3-0.5)
2020-07-31,144,282,1.4,1.76,1924,860,160,62.0,34,4,1642,1281.0,4998,51.46,3.0,2020,0.08316008316008316,0.2125,0.8534303534303534,0.446985446985447,2.5806451612903225,EXHAUSTION,0.0,0.0,0.0,3,NORMAL (15-25%),FLAT (0.8-1.0),MODERATE (2-3x),MODERATE (0.3-0.5)
2020-08-03,409,84,1.59,1.88,1997,780,172,52.0,40,2,1791,1172.0,4998,55.02,3.0,2020,0.08612919379068602,0.23255813953488372,0.8968452679018528,0.3905858788182273,3.3076923076923075,EXHAUSTION,0.0,0.0,0.0,3,NORMAL (15-25%),FLAT (0.8-1.0),STRONG (3-5x),MODERATE (0.3-0.5)
2020-08-04,373,75,2.12,1.76,2062,741,210,34.0,47,2,1908,1017.0,5001,59.29,3.0,2020,0.10184287099903007,0.22380952380952382,0.9253152279340446,0.35935984481086325,6.176470588235294,EXHAUSTION,0.0,0.0,0.0,5,NORMAL (15-25%),FLAT (0.8-1.0),VERY STRONG (>5x),MODERATE (0.3-0.5)
2020-08-05,437,104,2.19,1.87,2140,675,248,36.0,52,0,2141,918.0,5003,67.02,3.0,2020,0.11588785046728972,0.20967741935483872,1.000467289719626,0.31542056074766356,6.888888888888889,EXHAUSTION,0.0,0.0,0.0,6,NORMAL (15-25%),SLIGHT ACCEL (1.0-1.2),VERY STRONG (>5x),MODERATE (0.3-0.5)
2020-08-06,251,204,2.15,1.86,2119,718,308,36.0,60,1,2106,943.0,5009,66.5,3.0,2020,0.145351580934403,0.19480519480519481,0.9938650306748467,0.33883907503539407,8.555555555555555,EXHAUSTION,0.0,0.0,0.0,7,NORMAL (15-25%),FLAT (0.8-1.0),VERY STRONG (>5x),MODERATE (0.3-0.5)
2020-08-07,380,130,3.1,2.05,2215,669,305,41.0,53,2,2334,904.0,5015,72.16,3.0,2020,0.13769751693002258,0.1737704918032787,1.05372460496614,0.30203160270880364,7.439024390243903,EXHAUSTION,0.0,0.0,0.0,7,NORMAL (15-25%),SLIGHT ACCEL (1.0-1.2),VERY STRONG (>5x),MODERATE (0.3-0.5)
2020-08-10,526,119,3.11,2.22,2330,615,400,26.0,68,2,2545,830.0,5015,77.66,3.0,2020,0.17167381974248927,0.17,1.092274678111588,0.26394849785407726,15.384615384615385,NEUTRAL,0.0,0.0,0.0,8,NORMAL (15-25%),SLIGHT ACCEL (1.0-1.2),VERY STRONG (>5x),LOW (<0.3)
2020-08-11,181,324,2.01,2.06,2292,670,332,36.0,48,2,2474,904.0,5019,76.81,3.0,2020,0.14485165794066318,0.14457831325301204,1.0794066317626527,0.29232111692844676,9.222222222222221,EXHAUSTION,0.0,0.0,0.0,7,LOW (<15%),SLIGHT ACCEL (1.0-1.2),VERY STRONG (>5x),LOW (<0.3)
2020-08-12,162,153,1.61,1.87,2287,674,241,44.0,41,3,2481,922.0,5023,77.78,3.0,2020,0.10537822474857893,0.17012448132780084,1.084827284652383,0.29470922606034106,5.4772727272727275,EXHAUSTION,0.0,0.0,0.0,5,NORMAL (15-25%),SLIGHT ACCEL (1.0-1.2),VERY STRONG (>5x),LOW (<0.3)
2020-08-13,204,108,1.74,1.94,2240,683,252,42.0,48,3,2398,897.0,5025,75.49,3.0,2020,0.1125,0.19047619047619047,1.0705357142857144,0.3049107142857143,6.0,EXHAUSTION,0.0,0.0,0.0,5,NORMAL (15-25%),SLIGHT ACCEL (1.0-1.2),VERY STRONG (>5x),MODERATE (0.3-0.5)
2020-08-14,162,133,1.48,2.15,2169,702,239,52.0,47,2,2322,908.0,5033,76.13,3.0,2020,0.11018902720147533,0.19665271966527198,1.070539419087137,0.3236514522821577,4.596153846153846,EXHAUSTION,0.0,0.0,0.0,5,NORMAL (15-25%),SLIGHT ACCEL (1.0-1.2),STRONG (3-5x),MODERATE (0.3-0.5)
2020-08-17,330,128,1.23,2.03,2076,703,259,58.0,51,4,2304,869.0,5033,75.69,3.0,2020,0.12475915221579961,0.1969111969111969,1.1098265895953756,0.3386319845857418,4.4655172413793105,EXHAUSTION,0.0,0.0,0.0,6,NORMAL (15-25%),SLIGHT ACCEL (1.0-1.2),STRONG (3-5x),MODERATE (0.3-0.5)
2020-08-18,111,186,1.37,1.73,1735,766,204,58.0,38,4,2096,929.0,5038,69.71,3.0,2020,0.11757925072046109,0.18627450980392157,1.2080691642651298,0.44149855907780977,3.5172413793103448,EXHAUSTION,0.0,0.0,0.0,6,NORMAL (15-25%),ACCELERATING (1.2-1.5),STRONG (3-5x),MODERATE (0.3-0.5)
2020-08-19,145,146,1.36,1.5,1701,787,201,57.0,41,5,2020,968.0,5040,67.45,3.0,2020,0.11816578483245149,0.20398009950248755,1.1875367430922987,0.4626690182245738,3.526315789473684,EXHAUSTION,0.0,0.0,0.0,6,NORMAL (15-25%),SLIGHT ACCEL (1.0-1.2),STRONG (3-5x),MODERATE (0.3-0.5)
2020-08-20,141,150,1.2,1.49,1592,822,203,53.0,43,5,1913,1005.0,5040,64.54,3.0,2020,0.12751256281407036,0.21182266009852216,1.2016331658291457,0.5163316582914573,3.830188679245283,EXHAUSTION,0.0,0.0,0.0,6,NORMAL (15-25%),ACCELERATING (1.2-1.5),STRONG (3-5x),ELEVATED (0.5-0.7)
2020-08-21,88,267,0.93,1.2,1485,917,215,49.0,47,6,1779,1126.0,5040,60.56,3.0,2020,0.1447811447811448,0.2186046511627907,1.197979797979798,0.6175084175084176,4.387755102040816,EXHAUSTION,0.0,0.0,0.0,7,NORMAL (15-25%),SLIGHT ACCEL (1.0-1.2),STRONG (3-5x),ELEVATED (0.5-0.7)
2020-08-24,330,265,0.8,1.0,1538,859,215,61.0,48,10,1957,1085.0,5051,68.4,3.0,2020,0.1397919375812744,0.22325581395348837,1.2724317295188556,0.55851755526658,3.5245901639344264,EXHAUSTION,0.0,0.0,0.0,7,NORMAL (15-25%),ACCELERATING (1.2-1.5),STRONG (3-5x),ELEVATED (0.5-0.7)
2020-08-25,152,59,0.97,1.14,1469,846,234,51.0,49,7,2000,1040.0,5051,68.0,3.0,2020,0.1592920353982301,0.2094017094017094,1.3614703880190606,0.5759019741320627,4.588235294117647,NEUTRAL,0.0,0.0,0.0,8,NORMAL (15-25%),ACCELERATING (1.2-1.5),STRONG (3-5x),ELEVATED (0.5-0.7)
2020-08-26,193,176,0.99,1.15,1420,891,188,56.0,41,7,1768,1103.0,5051,64.5,3.0,2020,0.1323943661971831,0.21808510638297873,1.2450704225352112,0.6274647887323944,3.357142857142857,EXHAUSTION,0.0,0.0,0.0,7,NORMAL (15-25%),ACCELERATING (1.2-1.5),STRONG (3-5x),ELEVATED (0.5-0.7)
2020-08-27,175,186,0.98,1.08,1441,902,183,73.0,35,11,1770,1141.0,5052,66.95,3.0,2020,0.12699514226231784,0.1912568306010929,1.2283136710617626,0.6259541984732825,2.506849315068493,EXHAUSTION,0.0,0.0,0.0,6,NORMAL (15-25%),ACCELERATING (1.2-1.5),MODERATE (2-3x),ELEVATED (0.5-0.7)
2020-08-28,267,49,1.52,1.2,1515,849,251,65.0,53,10,1778,1037.0,5057,71.15,3.0,2020,0.16567656765676567,0.21115537848605578,1.1735973597359737,0.5603960396039604,3.8615384615384616,NEUTRAL,0.0,0.0,0.0,8,NORMAL (15-25%),SLIGHT ACCEL (1.0-1.2),STRONG (3-5x),ELEVATED (0.5-0.7)
2020-08-31,179,274,1.3,1.01,1375,886,198,77.0,45,10,1548,1102.0,5054,62.35,3.0,2020,0.144,0.22727272727272727,1.1258181818181818,0.6443636363636364,2.5714285714285716,EXHAUSTION,0.0,0.0,0.0,7,NORMAL (15-25%),SLIGHT ACCEL (1.0-1.2),MODERATE (2-3x),ELEVATED (0.5-0.7)
2020-09-01,241,191,1.2,1.08,1419,905,197,87.0,52,10,1591,1110.0,5054,63.29,3.0,2020,0.13883016208597604,0.2639593908629442,1.121212121212121,0.6377730796335448,2.264367816091954,EXHAUSTION,0.0,0.0,0.0,7,ELEVATED (25-35%),SLIGHT ACCEL (1.0-1.2),MODERATE (2-3x),ELEVATED (0.5-0.7)
2020-09-02,256,151,1.31,1.14,1493,880,183,96.0,44,13,1670,1076.0,5054,67.35,3.0,2020,0.12257200267916946,0.24043715846994534,1.1185532484929672,0.5894172806430007,1.90625,EXHAUSTION,0.0,0.0,0.0,6,NORMAL (15-25%),SLIGHT ACCEL (1.0-1.2),WEAK (1-2x),ELEVATED (0.5-0.7)
2020-09-03,53,665,0.75,0.85,1259,964,129,115.0,29,15,1303,1310.0,5056,57.89,3.0,2020,0.10246227164416204,0.2248062015503876,1.03494837172359,0.7656870532168387,1.1217391304347826,EXHAUSTION,0.0,0.0,0.0,5,NORMAL (15-25%),SLIGHT ACCEL (1.0-1.2),WEAK (1-2x),HIGH (0.7-1.0)
2020-09-04,124,236,0.56,0.87,1225,983,112,115.0,20,18,1229,1392.0,5056,54.55,3.0,2020,0.09142857142857143,0.17857142857142858,1.003265306122449,0.8024489795918367,0.9739130434782609,EXHAUSTION,0.0,0.0,0.0,4,NORMAL (15-25%),SLIGHT ACCEL (1.0-1.2),NEGATIVE (<1x),HIGH (0.7-1.0)
2020-09-08,149,368,0.51,0.76,1106,1049,85,141.0,19,19,1073,1570.0,5059,42.49,3.0,2020,0.07685352622061482,0.2235294117647059,0.9701627486437613,0.9484629294755877,0.6028368794326241,EXHAUSTION,0.0,0.0,0.0,2,NORMAL (15-25%),FLAT (0.8-1.0),NEGATIVE (<1x),HIGH (0.7-1.0)
2020-09-09,296,72,0.59,0.82,1210,922,114,104.0,30,16,1183,1432.0,5058,48.4,3.0,2020,0.09421487603305785,0.2631578947368421,0.9776859504132231,0.7619834710743801,1.0961538461538463,EXHAUSTION,0.0,0.0,0.0,4,ELEVATED (25-35%),FLAT (0.8-1.0),WEAK (1-2x),HIGH (0.7-1.0)
2020-09-10,137,226,0.48,0.78,1128,879,99,127.0,29,12,1106,1579.0,5058,41.75,3.0,2020,0.08776595744680851,0.29292929292929293,0.9804964539007093,0.7792553191489362,0.7795275590551181,EXHAUSTION,0.0,0.0,0.0,3,ELEVATED (25-35%),FLAT (0.8-1.0),NEGATIVE (<1x),HIGH (0.7-1.0)
2020-09-11,119,132,0.8,0.77,1117,859,84,121.0,25,14,1067,1665.0,5058,40.17,3.0,2020,0.07520143240823635,0.2976190476190476,0.955237242614145,0.7690241718889884,0.6942148760330579,EXHAUSTION,0.0,0.0,0.0,2,ELEVATED (25-35%),FLAT (0.8-1.0),NEGATIVE (<1x),HIGH (0.7-1.0)
2020-09-14,656,59,1.58,0.93,1232,770,128,90.0,28,12,1302,1378.0,5069,49.08,3.0,2020,0.1038961038961039,0.21875,1.0568181818181819,0.625,1.4222222222222223,EXHAUSTION,0.0,0.0,0.0,5,NORMAL (15-25%),SLIGHT ACCEL (1.0-1.2),WEAK (1-2x),ELEVATED (0.5-0.7)
2020-09-15,236,93,2.48,1.03,1223,767,123,95.0,32,11,1283,1400.0,5071,49.0,3.0,2020,0.10057236304170074,0.2601626016260163,1.0490596892886346,0.6271463614063778,1.2947368421052632,EXHAUSTION,0.0,0.0,0.0,5,ELEVATED (25-35%),SLIGHT ACCEL (1.0-1.2),WEAK (1-2x),ELEVATED (0.5-0.7)
2020-09-16,338,93,2.46,1.13,1283,735,152,74.0,28,7,1389,1313.0,5079,51.95,3.0,2020,0.11847233047544817,0.18421052631578946,1.082618862042089,0.5728760717069369,2.054054054054054,EXHAUSTION,0.0,0.0,0.0,6,NORMAL (15-25%),SLIGHT ACCEL (1.0-1.2),MODERATE (2-3x),ELEVATED (0.5-0.7)
2020-09-17,177,95,3.23,1.12,1253,715,143,69.0,28,7,1358,1384.0,5089,48.75,3.0,2020,0.11412609736632083,0.1958041958041958,1.0837988826815643,0.5706304868316041,2.072463768115942,EXHAUSTION,0.0,0.0,0.0,6,NORMAL (15-25%),SLIGHT ACCEL (1.0-1.2),MODERATE (2-3x),ELEVATED (0.5-0.7)
2020-09-18,311,232,3.0,1.58,1237,711,144,59.0,36,7,1289,1432.0,5089,43.53,3.0,2020,0.116410670978173,0.25,1.042037186742118,0.5747776879547292,2.440677966101695,EXHAUSTION,0.0,0.0,0.0,6,NORMAL (15-25%),SLIGHT ACCEL (1.0-1.2),MODERATE (2-3x),ELEVATED (0.5-0.7)
2020-09-21,52,242,1.48,1.53,1016,820,114,63.0,29,7,919,1886.0,5089,28.71,3.0,2020,0.11220472440944881,0.2543859649122807,0.9045275590551181,0.8070866141732284,1.8095238095238095,EXHAUSTION,0.0,0.0,0.0,5,ELEVATED (25-35%),FLAT (0.8-1.0),WEAK (1-2x),HIGH (0.7-1.0)
2020-09-22,149,99,1.35,1.84,1014,803,97,71.0,22,6,900,1849.0,5089,30.71,3.0,2020,0.09566074950690336,0.2268041237113402,0.8875739644970414,0.7919132149901381,1.3661971830985915,EXHAUSTION,0.0,0.0,0.0,4,NORMAL (15-25%),FLAT (0.8-1.0),WEAK (1-2x),HIGH (0.7-1.0)
2020-09-23,49,731,0.53,1.11,851,999,70,121.0,17,9,680,2332.0,5089,19.58,3.0,2020,0.08225616921269095,0.24285714285714285,0.799059929494712,1.173913043478261,0.5785123966942148,EXHAUSTION,0.0,0.0,0.0,3,NORMAL (15-25%),DECELERATING (<0.8),NEGATIVE (<1x),EXTREME (>1.0)
2020-09-24,118,184,0.46,1.13,855,1011,63,116.0,15,8,607,2302.0,5089,17.85,3.0,2020,0.07368421052631578,0.23809523809523808,0.7099415204678362,1.182456140350877,0.5431034482758621,EXHAUSTION,0.0,0.0,0.0,2,NORMAL (15-25%),DECELERATING (<0.8),NEGATIVE (<1x),EXTREME (>1.0)
2020-09-25,259,39,0.48,1.26,911,919,76,94.0,22,7,725,2062.0,5089,23.29,3.0,2020,0.08342480790340286,0.2894736842105263,0.7958287596048299,1.008781558726674,0.8085106382978723,EXHAUSTION,0.0,0.0,0.0,3,ELEVATED (25-35%),DECELERATING (<0.8),NEGATIVE (<1x),EXTREME (>1.0)
2020-09-28,455,57,0.93,1.15,1008,820,76,94.0,25,8,860,1705.0,5089,33.58,3.0,2020,0.07539682539682539,0.32894736842105265,0.8531746031746031,0.8134920634920635,0.8085106382978723,EXHAUSTION,0.0,0.0,0.0,2,ELEVATED (25-35%),FLAT (0.8-1.0),NEGATIVE (<1x),HIGH (0.7-1.0)
2020-09-29,222,123,0.97,1.12,964,820,85,96.0,24,9,871,1692.0,5131,29.06,3.0,2020,0.08817427385892117,0.2823529411764706,0.9035269709543569,0.8506224066390041,0.8854166666666666,EXHAUSTION,0.0,0.0,0.0,3,ELEVATED (25-35%),FLAT (0.8-1.0),NEGATIVE (<1x),HIGH (0.7-1.0)
2020-09-30,157,100,2.41,1.02,946,843,70,97.0,21,8,891,1658.0,5138,29.91,3.0,2020,0.07399577167019028,0.3,0.9418604651162791,0.8911205073995772,0.7216494845360825,EXHAUSTION,0.0,0.0,0.0,2,ELEVATED (25-35%),FLAT (0.8-1.0),NEGATIVE (<1x),HIGH (0.7-1.0)
2020-10-01,284,80,3.45,1.09,1016,802,74,92.0,25,6,1058,1513.0,5138,35.33,3.0,2020,0.07283464566929133,0.33783783783783783,1.0413385826771653,0.7893700787401575,0.8043478260869565,EXHAUSTION,0.0,0.0,0.0,2,ELEVATED (25-35%),SLIGHT ACCEL (1.0-1.2),NEGATIVE (<1x),HIGH (0.7-1.0)
2020-10-02,203,115,2.78,1.1,1033,795,112,65.0,24,4,1138,1407.0,5165,41.77,3.0,2020,0.10842207163601161,0.21428571428571427,1.101645692158761,0.7696030977734754,1.7230769230769232,EXHAUSTION,0.0,0.0,0.0,5,NORMAL (15-25%),SLIGHT ACCEL (1.0-1.2),WEAK (1-2x),HIGH (0.7-1.0)
2020-10-05,501,38,3.0,1.53,1184,683,167,57.0,33,3,1519,1125.0,5165,49.61,3.0,2020,0.14104729729729729,0.19760479041916168,1.2829391891891893,0.5768581081081081,2.9298245614035086,EXHAUSTION,0.0,0.0,0.0,7,NORMAL (15-25%),ACCELERATING (1.2-1.5),MODERATE (2-3x),ELEVATED (0.5-0.7)
2020-10-06,141,174,2.54,1.46,1161,725,172,49.0,37,4,1449,1177.0,5166,46.23,3.0,2020,0.14814814814814814,0.21511627906976744,1.248062015503876,0.6244616709732989,3.510204081632653,EXHAUSTION,0.0,0.0,0.0,7,NORMAL (15-25%),ACCELERATING (1.2-1.5),STRONG (3-5x),ELEVATED (0.5-0.7)
2020-10-07,362,31,3.4,2.87,1318,636,180,45.0,30,2,1809,990.0,5166,53.08,3.0,2020,0.13657056145675264,0.16666666666666666,1.372534142640364,0.48254931714719274,4.0,EXHAUSTION,0.0,0.0,0.0,7,NORMAL (15-25%),ACCELERATING (1.2-1.5),STRONG (3-5x),MODERATE (0.3-0.5)
2020-10-08,358,53,3.81,3.63,1462,601,205,35.0,32,1,2116,838.0,5166,60.69,3.0,2020,0.140218878248974,0.15609756097560976,1.4473324213406293,0.4110807113543092,5.857142857142857,EXHAUSTION,0.0,0.0,0.0,7,NORMAL (15-25%),ACCELERATING (1.2-1.5),VERY STRONG (>5x),MODERATE (0.3-0.5)
2020-10-09,259,70,4.43,3.5,1434,578,226,32.0,47,1,2141,785.0,5166,61.1,3.0,2020,0.15760111576011157,0.2079646017699115,1.4930264993026499,0.403068340306834,7.0625,NEUTRAL,0.0,0.0,0.0,8,NORMAL (15-25%),ACCELERATING (1.2-1.5),VERY STRONG (>5x),MODERATE (0.3-0.5)
2020-10-12,180,104,3.01,3.0,1461,584,198,41.0,38,3,2237,797.0,5189,63.05,3.0,2020,0.13552361396303902,0.1919191919191919,1.5311430527036276,0.3997262149212868,4.829268292682927,EXHAUSTION,0.0,0.0,0.0,7,NORMAL (15-25%),STRONG ACCEL (>1.5),STRONG (3-5x),MODERATE (0.3-0.5)
2020-10-13,187,150,3.3,2.88,1343,605,193,37.0,39,3,2038,837.0,5189,58.67,3.0,2020,0.14370811615785556,0.20207253886010362,1.5174981384959048,0.4504839910647803,5.216216216216216,EXHAUSTION,0.0,0.0,0.0,7,NORMAL (15-25%),STRONG ACCEL (>1.5),VERY STRONG (>5x),MODERATE (0.3-0.5)
2020-10-14,127,123,2.22,2.77,1248,628,162,47.0,32,5,1888,875.0,5190,55.51,3.0,2020,0.12980769230769232,0.19753086419753085,1.5128205128205128,0.5032051282051282,3.4468085106382977,EXHAUSTION,0.0,0.0,0.0,7,NORMAL (15-25%),STRONG ACCEL (>1.5),STRONG (3-5x),ELEVATED (0.5-0.7)
2020-10-15,171,98,1.7,2.6,1292,618,172,42.0,33,6,2039,857.0,5190,57.12,3.0,2020,0.13312693498452013,0.19186046511627908,1.578173374613003,0.47832817337461303,4.095238095238095,EXHAUSTION,0.0,0.0,0.0,7,NORMAL (15-25%),STRONG ACCEL (>1.5),STRONG (3-5x),MODERATE (0.3-0.5)
2020-10-16,143,114,1.37,2.54,1276,637,162,53.0,25,6,1977,852.0,5207,56.45,3.0,2020,0.12695924764890282,0.15432098765432098,1.5493730407523512,0.4992163009404389,3.056603773584906,EXHAUSTION,0.0,0.0,0.0,6,NORMAL (15-25%),STRONG ACCEL (>1.5),STRONG (3-5x),MODERATE (0.3-0.5)
2020-10-19,149,204,1.13,1.85,1186,677,208,40.0,27,4,1792,973.0,5207,50.63,3.0,2020,0.17537942664418213,0.12980769230769232,1.5109612141652613,0.5708263069139966,5.2,NEUTRAL,0.0,0.0,0.0,8,LOW (<15%),STRONG ACCEL (>1.5),VERY STRONG (>5x),ELEVATED (0.5-0.7)
2020-10-20,166,145,1.11,1.92,1195,699,205,39.0,28,5,1869,956.0,5207,53.57,3.0,2020,0.17154811715481172,0.13658536585365855,1.5640167364016737,0.5849372384937238,5.256410256410256,NEUTRAL,0.0,0.0,0.0,8,LOW (<15%),STRONG ACCEL (>1.5),VERY STRONG (>5x),ELEVATED (0.5-0.7)
2020-10-21,134,233,0.96,1.45,1147,727,283,31.0,36,3,1762,964.0,5207,49.76,3.0,2020,0.24673060156931126,0.127208480565371,1.5361813426329556,0.6338273757628596,9.129032258064516,NEUTRAL,0.0,0.0,0.0,9,LOW (<15%),STRONG ACCEL (>1.5),VERY STRONG (>5x),ELEVATED (0.5-0.7)
2020-10-22,416,84,1.29,1.46,1288,689,364,22.0,38,3,1995,875.0,5207,55.35,3.0,2020,0.2826086956521739,0.1043956043956044,1.548913043478261,0.5349378881987578,16.545454545454547,MID_BULL,0.0,0.0,0.0,9,LOW (<15%),STRONG ACCEL (>1.5),VERY STRONG (>5x),ELEVATED (0.5-0.7)
2020-10-23,159,61,1.41,1.39,1348,676,318,26.0,37,4,2066,837.0,5236,59.02,3.0,2020,0.23590504451038577,0.11635220125786164,1.532640949554896,0.5014836795252225,12.23076923076923,NEUTRAL,0.0,0.0,0.0,9,LOW (<15%),STRONG ACCEL (>1.5),VERY STRONG (>5x),ELEVATED (0.5-0.7)
2020-10-26,58,538,0.88,0.98,1119,766,163,43.0,20,4,1657,1089.0,5236,46.32,3.0,2020,0.1456657730116175,0.12269938650306748,1.480786416443253,0.6845397676496873,3.7906976744186047,EXHAUSTION,0.0,0.0,0.0,7,LOW (<15%),ACCELERATING (1.2-1.5),STRONG (3-5x),ELEVATED (0.5-0.7)
2020-10-27,133,216,0.8,0.91,1054,791,159,43.0,18,4,1516,1207.0,5236,39.57,3.0,2020,0.150853889943074,0.11320754716981132,1.4383301707779885,0.7504743833017078,3.697674418604651,NEUTRAL,0.0,0.0,0.0,8,LOW (<15%),ACCELERATING (1.2-1.5),STRONG (3-5x),HIGH (0.7-1.0)
2020-10-28,62,983,0.44,0.59,819,949,96,54.0,16,6,1169,1655.0,5248,25.3,3.0,2020,0.11721611721611722,0.16666666666666666,1.4273504273504274,1.1587301587301588,1.7777777777777777,EXHAUSTION,0.0,0.0,0.0,6,NORMAL (15-25%),ACCELERATING (1.2-1.5),WEAK (1-2x),EXTREME (>1.0)
2020-10-29,284,106,0.37,0.63,879,905,104,60.0,17,7,1258,1533.0,5248,30.49,3.0,2020,0.11831626848691695,0.16346153846153846,1.4311717861205915,1.0295790671217293,1.7333333333333334,EXHAUSTION,0.0,0.0,0.0,6,NORMAL (15-25%),ACCELERATING (1.2-1.5),WEAK (1-2x),EXTREME (>1.0)
2020-10-30,96,379,0.28,0.56,788,997,76,77.0,15,8,1117,1732.0,5248,27.28,3.0,2020,0.09644670050761421,0.19736842105263158,1.41751269035533,1.265228426395939,0.987012987012987,EXHAUSTION,0.0,0.0,0.0,4,NORMAL (15-25%),ACCELERATING (1.2-1.5),NEGATIVE (<1x),EXTREME (>1.0)
2020-11-02,325,89,0.51,0.65,861,929,54,81.0,10,11,1325,1540.0,5248,38.31,3.0,2020,0.0627177700348432,0.18518518518518517,1.5389082462253194,1.0789779326364692,0.6666666666666666,EXHAUSTION,0.0,0.0,0.0,1,NORMAL (15-25%),STRONG ACCEL (>1.5),NEGATIVE (<1x),EXTREME (>1.0)
2020-11-03,539,56,0.81,0.8,1043,841,89,55.0,12,9,1684,1242.0,5248,48.8,3.0,2020,0.08533077660594439,0.1348314606741573,1.6145733461169702,0.8063279002876318,1.6181818181818182,EXHAUSTION,0.0,0.0,0.0,3,LOW (<15%),STRONG ACCEL (>1.5),WEAK (1-2x),HIGH (0.7-1.0)
2020-11-04,405,296,1.78,0.88,965,818,78,72.0,13,9,1621,1198.0,5248,48.22,3.0,2020,0.08082901554404145,0.16666666666666666,1.6797927461139897,0.8476683937823835,1.0833333333333333,EXHAUSTION,0.0,0.0,0.0,3,NORMAL (15-25%),STRONG ACCEL (>1.5),WEAK (1-2x),HIGH (0.7-1.0)
2020-11-05,672,75,2.28,0.98,1165,728,91,57.0,18,7,2061,938.0,5276,69.78,3.0,2020,0.07811158798283262,0.1978021978021978,1.769098712446352,0.6248927038626609,1.5964912280701755,EXHAUSTION,0.0,0.0,0.0,3,NORMAL (15-25%),STRONG ACCEL (>1.5),WEAK (1-2x),ELEVATED (0.5-0.7)
2020-11-06,188,240,2.82,0.93,1080,772,99,75.0,19,10,1895,1046.0,5276,52.43,3.0,2020,0.09166666666666666,0.1919191919191919,1.7546296296296295,0.7148148148148148,1.32,EXHAUSTION,0.0,0.0,0.0,4,NORMAL (15-25%),STRONG ACCEL (>1.5),WEAK (1-2x),HIGH (0.7-1.0)
2020-11-09,1458,456,2.9,1.44,1580,668,175,85.0,21,9,2480,898.0,5281,67.83,3.0,2020,0.11075949367088607,0.12,1.5696202531645569,0.42278481012658226,2.0588235294117645,EXHAUSTION,0.0,0.0,0.0,5,LOW (<15%),STRONG ACCEL (>1.5),MODERATE (2-3x),MODERATE (0.3-0.5)
2020-11-10,342,123,2.58,1.56,1756,630,273,88.0,26,9,2655,837.0,5281,71.72,3.0,2020,0.15546697038724375,0.09523809523809523,1.5119589977220957,0.35876993166287013,3.102272727272727,NEUTRAL,0.0,0.0,0.0,8,LOW (<15%),STRONG ACCEL (>1.5),STRONG (3-5x),MODERATE (0.3-0.5)
2020-11-11,218,91,2.92,2.37,1720,595,254,69.0,25,6,2643,795.0,5281,73.42,3.0,2020,0.14767441860465116,0.0984251968503937,1.5366279069767441,0.34593023255813954,3.681159420289855,EXHAUSTION,0.0,0.0,0.0,7,LOW (<15%),STRONG ACCEL (>1.5),STRONG (3-5x),MODERATE (0.3-0.5)
2020-11-12,155,243,2.05,2.15,1546,626,158,71.0,22,6,2353,876.0,5288,69.45,3.0,2020,0.10219922380336352,0.13924050632911392,1.5219922380336353,0.4049159120310479,2.2253521126760565,EXHAUSTION,0.0,0.0,0.0,5,LOW (<15%),STRONG ACCEL (>1.5),MODERATE (2-3x),MODERATE (0.3-0.5)
2020-11-13,383,54,2.64,2.72,1779,565,244,66.0,28,6,2620,790.0,5297,74.43,3.0,2020,0.13715570545250141,0.11475409836065574,1.4727374929735806,0.31759415401911184,3.696969696969697,EXHAUSTION,0.0,0.0,0.0,7,LOW (<15%),ACCELERATING (1.2-1.5),STRONG (3-5x),MODERATE (0.3-0.5)
2020-11-16,773,86,3.13,2.98,2038,510,457,52.0,51,7,2815,731.0,5297,78.58,3.0,2020,0.22423945044160942,0.11159737417943107,1.3812561334641806,0.25024533856722275,8.788461538461538,NEUTRAL,0.0,0.0,0.0,9,LOW (<15%),ACCELERATING (1.2-1.5),VERY STRONG (>5x),LOW (<0.3)
2020-11-17,231,77,3.19,2.77,2050,488,446,47.0,57,7,2787,715.0,5297,78.31,3.0,2020,0.2175609756097561,0.12780269058295965,1.3595121951219513,0.23804878048780487,9.48936170212766,NEUTRAL,0.0,0.0,0.0,9,LOW (<15%),ACCELERATING (1.2-1.5),VERY STRONG (>5x),LOW (<0.3)
2020-11-18,220,166,2.81,2.88,1991,497,405,36.0,59,6,2646,780.0,5297,75.63,3.0,2020,0.20341536916122552,0.145679012345679,1.32898041185334,0.24962330487192366,11.25,NEUTRAL,0.0,0.0,0.0,9,LOW (<15%),ACCELERATING (1.2-1.5),VERY STRONG (>5x),LOW (<0.3)
2020-11-19,257,54,4.27,2.66,2054,451,354,33.0,68,6,2677,713.0,5321,77.74,3.0,2020,0.17234664070107109,0.192090395480226,1.3033106134371957,0.2195715676728335,10.727272727272727,NEUTRAL,0.0,0.0,0.0,8,NORMAL (15-25%),ACCELERATING (1.2-1.5),VERY STRONG (>5x),LOW (<0.3)
2020-11-20,254,81,3.74,3.0,2062,426,343,31.0,63,6,2700,707.0,5332,76.6,3.0,2020,0.16634335596508246,0.1836734693877551,1.3094083414161009,0.20659553831231814,11.064516129032258,NEUTRAL,0.0,0.0,0.0,8,NORMAL (15-25%),ACCELERATING (1.2-1.5),VERY STRONG (>5x),LOW (<0.3)
2020-11-23,688,110,3.38,3.25,2242,403,606,28.0,121,7,2808,678.0,5340,78.39,3.0,2020,0.27029438001784123,0.19966996699669967,1.2524531668153434,0.17975022301516502,21.642857142857142,MID_BULL,0.0,0.0,0.0,9,NORMAL (15-25%),ACCELERATING (1.2-1.5),VERY STRONG (>5x),LOW (<0.3)
2020-11-24,746,109,4.16,3.66,2397,395,865,25.0,176,6,2917,656.0,5340,79.6,3.0,2020,0.36086775135586147,0.20346820809248556,1.2169378389653733,0.16478931998331248,34.6,EARLY_BULL,0.0,0.0,0.0,9,NORMAL (15-25%),ACCELERATING (1.2-1.5),VERY STRONG (>5x),LOW (<0.3)
2020-11-25,241,52,5.38,3.83,2415,365,1034,24.0,229,4,2978,618.0,5340,79.24,3.0,2020,0.42815734989648035,0.22147001934235977,1.2331262939958592,0.15113871635610765,43.083333333333336,EARLY_BULL,0.0,0.0,0.0,9,NORMAL (15-25%),ACCELERATING (1.2-1.5),VERY STRONG (>5x),LOW (<0.3)
2020-11-27,203,17,5.78,4.96,2443,327,938,17.0,211,3,3063,549.0,5352,79.56,3.0,2020,0.3839541547277937,0.22494669509594883,1.2537863282848956,0.13385182153090464,55.1764705882353,EARLY_BULL,0.0,0.0,0.0,9,NORMAL (15-25%),ACCELERATING (1.2-1.5),VERY STRONG (>5x),LOW (<0.3)
2020-11-30,270,638,2.32,2.79,2334,349,871,13.0,210,2,2931,601.0,5352,76.68,3.0,2020,0.3731790916880891,0.24110218140068887,1.255784061696658,0.149528706083976,67.0,EARLY_BULL,0.0,0.0,0.0,9,NORMAL (15-25%),ACCELERATING (1.2-1.5),VERY STRONG (>5x),LOW (<0.3)
2020-12-01,245,123,1.82,2.35,2378,360,791,12.0,197,2,3012,606.0,5360,78.05,3.0,2020,0.33263246425567705,0.24905183312262957,1.2666105971404542,0.15138772077375945,65.91666666666667,MID_BULL,0.0,0.0,0.0,9,NORMAL (15-25%),ACCELERATING (1.2-1.5),VERY STRONG (>5x),LOW (<0.3)
2020-12-02,238,92,1.3,2.33,2411,361,698,17.0,161,3,2970,598.0,5364,77.5,3.0,2020,0.28950642886768974,0.23065902578796563,1.231854002488594,0.1497304023226877,41.05882352941177,MID_BULL,0.0,0.0,0.0,9,NORMAL (15-25%),ACCELERATING (1.2-1.5),VERY STRONG (>5x),LOW (<0.3)
2020-12-03,301,102,1.29,2.5,2473,350,806,23.0,207,2,3043,584.0,5364,77.22,3.0,2020,0.3259199353012535,0.25682382133995035,1.2304892842701172,0.14152850788515972,35.04347826086956,MID_BULL,0.0,0.0,0.0,9,ELEVATED (25-35%),ACCELERATING (1.2-1.5),VERY STRONG (>5x),LOW (<0.3)
2020-12-04,573,48,1.62,2.74,2651,312,784,28.0,220,2,3215,504.0,5364,79.58,3.0,2020,0.2957374575631837,0.28061224489795916,1.2127499056959639,0.11769143719351188,28.0,MID_BULL,0.0,0.0,0.0,9,ELEVATED (25-35%),ACCELERATING (1.2-1.5),VERY STRONG (>5x),LOW (<0.3)
2020-12-07,286,141,3.25,2.65,2630,325,839,22.0,226,1,3202,530.0,5364,79.95,3.0,2020,0.31901140684410645,0.2693682955899881,1.2174904942965779,0.12357414448669202,38.13636363636363,MID_BULL,0.0,0.0,0.0,9,ELEVATED (25-35%),ACCELERATING (1.2-1.5),VERY STRONG (>5x),LOW (<0.3)
2020-12-08,294,85,3.62,2.41,2673,313,552,20.0,135,1,3253,508.0,5364,80.42,3.0,2020,0.20650953984287318,0.24456521739130435,1.2169846614291058,0.11709689487467265,27.6,NEUTRAL,0.0,0.0,0.0,9,NORMAL (15-25%),ACCELERATING (1.2-1.5),VERY STRONG (>5x),LOW (<0.3)
2020-12-09,165,341,2.26,1.72,2590,358,453,19.0,111,2,3146,631.0,5394,79.51,3.0,2020,0.1749034749034749,0.24503311258278146,1.2146718146718147,0.13822393822393822,23.842105263157894,NEUTRAL,0.0,0.0,0.0,8,NORMAL (15-25%),ACCELERATING (1.2-1.5),VERY STRONG (>5x),LOW (<0.3)
2020-12-10,309,50,2.45,1.76,2654,334,503,20.0,128,1,3215,581.0,5404,79.25,3.0,2020,0.18952524491333836,0.2544731610337972,1.2113790504898267,0.12584777694046723,25.15,NEUTRAL,0.0,0.0,0.0,9,ELEVATED (25-35%),ACCELERATING (1.2-1.5),VERY STRONG (>5x),LOW (<0.3)
2020-12-11,167,161,1.57,1.6,2598,345,553,23.0,123,2,3180,620.0,5418,77.51,3.0,2020,0.2128560431100847,0.2224231464737794,1.2240184757505774,0.13279445727482678,24.043478260869566,NEUTRAL,0.0,0.0,0.0,9,NORMAL (15-25%),ACCELERATING (1.2-1.5),VERY STRONG (>5x),LOW (<0.3)
2020-12-14,284,260,1.36,2.04,2564,364,432,21.0,112,3,3141,693.0,5418,75.53,3.0,2020,0.1684867394695788,0.25925925925925924,1.2250390015600625,0.1419656786271451,20.571428571428573,NEUTRAL,0.0,0.0,0.0,8,ELEVATED (25-35%),ACCELERATING (1.2-1.5),VERY STRONG (>5x),LOW (<0.3)
2020-12-15,349,85,4.11,4.11,2698,340,404,23.0,101,5,3309,648.0,5418,80.66,3.0,2021,0.1497405485544848,0.25,1.22646404744255,0.12601927353595255,17.565217391304348,EXHAUSTION,0.0,0.0,0.0,8,NORMAL (15-25%),ACCELERATING (1.2-1.5),VERY STRONG (>5x),LOW (<0.3)
2020-12-15,349,85,1.42,2.17,2698,340,404,23.0,101,5,3309,648.0,5418,80.66,3.0,2020,0.1497405485544848,0.25,1.22646404744255,0.12601927353595255,17.565217391304348,EXHAUSTION,0.0,0.0,0.0,8,NORMAL (15-25%),ACCELERATING (1.2-1.5),VERY STRONG (>5x),LOW (<0.3)
2020-12-16,204,119,2.71,2.71,2647,345,370,18.0,90,3,3242,688.0,5418,79.82,3.0,2021,0.1397808840196449,0.24324324324324326,1.22478277295051,0.1303362296939932,20.555555555555557,EXHAUSTION,0.0,0.0,0.0,7,NORMAL (15-25%),ACCELERATING (1.2-1.5),VERY STRONG (>5x),LOW (<0.3)
2020-12-16,204,119,1.95,2.11,2647,345,370,18.0,90,3,3242,688.0,5418,79.82,3.0,2020,0.1397808840196449,0.24324324324324326,1.22478277295051,0.1303362296939932,20.555555555555557,EXHAUSTION,0.0,0.0,0.0,7,NORMAL (15-25%),ACCELERATING (1.2-1.5),VERY STRONG (>5x),LOW (<0.3)
2020-12-17,390,86,1.96,2.2,2755,332,439,19.0,105,3,3352,622.0,5418,82.79,3.0,2020,0.15934664246823957,0.23917995444191345,1.2166969147005444,0.120508166969147,23.105263157894736,NEUTRAL,0.0,0.0,0.0,8,NORMAL (15-25%),ACCELERATING (1.2-1.5),VERY STRONG (>5x),LOW (<0.3)
2020-12-17,390,86,3.25,3.25,2755,332,439,19.0,105,3,3352,622.0,5418,82.79,3.0,2021,0.15934664246823957,0.23917995444191345,1.2166969147005444,0.120508166969147,23.105263157894736,NEUTRAL,0.0,0.0,0.0,8,NORMAL (15-25%),ACCELERATING (1.2-1.5),VERY STRONG (>5x),LOW (<0.3)
2020-12-18,303,330,1.74,1.66,2730,348,434,25.0,103,2,3204,693.0,5435,80.03,3.0,2020,0.15897435897435896,0.23732718894009217,1.1736263736263737,0.12747252747252746,17.36,NEUTRAL,0.0,0.0,0.0,8,NORMAL (15-25%),SLIGHT ACCEL (1.0-1.2),VERY STRONG (>5x),LOW (<0.3)
2020-12-18,303,330,2.01,2.01,2730,348,434,25.0,103,2,3204,693.0,5435,80.03,3.0,2021,0.15897435897435896,0.23732718894009217,1.1736263736263737,0.12747252747252746,17.36,NEUTRAL,0.0,0.0,0.0,8,NORMAL (15-25%),SLIGHT ACCEL (1.0-1.2),VERY STRONG (>5x),LOW (<0.3)
2020-12-21,189,74,2.07,1.67,2695,335,403,26.0,114,2,3073,725.0,5435,76.56,3.0,2020,0.14953617810760667,0.28287841191067,1.1402597402597403,0.12430426716141002,15.5,EXHAUSTION,0.0,0.0,0.0,8,ELEVATED (25-35%),SLIGHT ACCEL (1.0-1.2),VERY STRONG (>5x),LOW (<0.3)
2020-12-21,189,74,2.07,2.07,2695,335,403,26.0,114,2,3073,725.0,5435,76.56,3.0,2021,0.14953617810760667,0.28287841191067,1.1402597402597403,0.12430426716141002,15.5,EXHAUSTION,0.0,0.0,0.0,8,ELEVATED (25-35%),SLIGHT ACCEL (1.0-1.2),VERY STRONG (>5x),LOW (<0.3)
2020-12-22,331,109,1.97,2.2,2709,330,404,37.0,126,3,3019,767.0,5448,74.72,3.0,2021,0.1491325212255445,0.3118811881188119,1.1144333702473237,0.12181616832779624,10.91891891891892,EXHAUSTION,0.0,0.0,0.0,7,ELEVATED (25-35%),SLIGHT ACCEL (1.0-1.2),VERY STRONG (>5x),LOW (<0.3)
2020-12-22,331,109,1.97,1.67,2709,330,404,37.0,126,3,3019,767.0,5448,74.72,3.0,2020,0.1491325212255445,0.3118811881188119,1.1144333702473237,0.12181616832779624,10.91891891891892,EXHAUSTION,0.0,0.0,0.0,7,ELEVATED (25-35%),SLIGHT ACCEL (1.0-1.2),VERY STRONG (>5x),LOW (<0.3)
2020-12-23,404,68,2.42,2.49,2788,282,402,26.0,128,3,2989,654.0,5448,76.39,3.0,2021,0.1441893830703013,0.31840796019900497,1.0720946915351506,0.10114777618364419,15.461538461538462,EXHAUSTION,0.0,0.0,0.0,7,ELEVATED (25-35%),SLIGHT ACCEL (1.0-1.2),VERY STRONG (>5x),LOW (<0.3)
2020-12-23,404,68,2.42,2.18,2788,282,402,26.0,128,3,2989,654.0,5448,76.39,3.0,2020,0.1441893830703013,0.31840796019900497,1.0720946915351506,0.10114777618364419,15.461538461538462,EXHAUSTION,0.0,0.0,0.0,7,ELEVATED (25-35%),SLIGHT ACCEL (1.0-1.2),VERY STRONG (>5x),LOW (<0.3)
2020-12-24,90,21,2.19,2.06,2759,308,366,30.0,114,4,2963,697.0,5448,77.39,3.0,2020,0.13265675969554186,0.3114754098360656,1.073939833272925,0.1116346502355926,12.2,EXHAUSTION,0.0,0.0,0.0,7,ELEVATED (25-35%),SLIGHT ACCEL (1.0-1.2),VERY STRONG (>5x),LOW (<0.3)
2020-12-24,90,21,2.19,2.53,2759,308,366,30.0,114,4,2963,697.0,5448,77.39,3.0,2021,0.13265675969554186,0.3114754098360656,1.073939833272925,0.1116346502355926,12.2,EXHAUSTION,0.0,0.0,0.0,7,ELEVATED (25-35%),SLIGHT ACCEL (1.0-1.2),VERY STRONG (>5x),LOW (<0.3)
2020-12-28,289,376,2.01,1.85,2740,340,315,40.0,93,3,2588,748.0,5457,76.09,3.0,2020,0.11496350364963503,0.29523809523809524,0.9445255474452555,0.12408759124087591,7.875,EXHAUSTION,0.0,0.0,0.0,6,ELEVATED (25-35%),FLAT (0.8-1.0),VERY STRONG (>5x),LOW (<0.3)
2020-12-28,289,376,2.01,2.01,2740,340,315,40.0,93,3,2588,748.0,5457,76.09,3.0,2021,0.11496350364963503,0.29523809523809524,0.9445255474452555,0.12408759124087591,7.875,EXHAUSTION,0.0,0.0,0.0,6,ELEVATED (25-35%),FLAT (0.8-1.0),VERY STRONG (>5x),LOW (<0.3)
2020-12-29,94,275,1.42,1.71,2572,390,284,44.0,87,4,2315,939.0,5453,71.66,3.0,2020,0.1104199066874028,0.30633802816901406,0.9000777604976672,0.15163297045101087,6.454545454545454,EXHAUSTION,0.0,0.0,0.0,5,ELEVATED (25-35%),FLAT (0.8-1.0),VERY STRONG (>5x),LOW (<0.3)
2020-12-29,94,275,1.42,1.71,2572,390,284,44.0,87,4,2315,939.0,5453,71.66,3.0,2021,0.1104199066874028,0.30633802816901406,0.9000777604976672,0.15163297045101087,6.454545454545454,EXHAUSTION,0.0,0.0,0.0,5,ELEVATED (25-35%),FLAT (0.8-1.0),VERY STRONG (>5x),LOW (<0.3)
2020-12-30,274,54,1.45,1.7,2634,363,298,35.0,91,4,2391,855.0,5455,72.83,3.0,2021,0.11313591495823842,0.3053691275167785,0.907744874715262,0.1378132118451025,8.514285714285714,EXHAUSTION,0.0,0.0,0.0,6,ELEVATED (25-35%),FLAT (0.8-1.0),VERY STRONG (>5x),LOW (<0.3)
2020-12-30,274,54,1.45,1.7,2634,363,298,35.0,91,4,2391,855.0,5455,72.83,3.0,2020,0.11313591495823842,0.3053691275167785,0.907744874715262,0.1378132118451025,8.514285714285714,EXHAUSTION,0.0,0.0,0.0,6,ELEVATED (25-35%),FLAT (0.8-1.0),VERY STRONG (>5x),LOW (<0.3)
2020-12-31,138,188,0.97,1.58,2615,412,300,36.0,85,2,2359,937.0,5455,72.97,3.0,2021,0.1147227533460803,0.2833333333333333,0.9021032504780114,0.1575525812619503,8.333333333333334,EXHAUSTION,0.0,0.0,0.0,6,ELEVATED (25-35%),FLAT (0.8-1.0),VERY STRONG (>5x),LOW (<0.3)
2020-12-31,138,188,0.97,1.58,2615,412,300,36.0,85,2,2359,937.0,5455,72.97,3.0,2020,0.1147227533460803,0.2833333333333333,0.9021032504780114,0.1575525812619503,8.333333333333334,EXHAUSTION,0.0,0.0,0.0,6,ELEVATED (25-35%),FLAT (0.8-1.0),VERY STRONG (>5x),LOW (<0.3)
2021-01-04,334,375,0.89,1.31,2520,403,248,31.0,70,3,2103,984.0,5451,63.64,3.0,2021,0.09841269841269841,0.28225806451612906,0.8345238095238096,0.1599206349206349,8.0,EXHAUSTION,0.0,0.0,0.0,4,ELEVATED (25-35%),FLAT (0.8-1.0),VERY STRONG (>5x),LOW (<0.3)
2021-01-05,480,45,1.41,1.65,2607,361,232,33.0,67,3,2193,817.0,5451,69.83,3.0,2021,0.08899117759877254,0.28879310344827586,0.8411967779056386,0.13847334100498657,7.03030303030303,EXHAUSTION,0.0,0.0,0.0,4,ELEVATED (25-35%),FLAT (0.8-1.0),VERY STRONG (>5x),LOW (<0.3)
2021-01-06,1135,126,3.0,2.18,2783,349,275,26.0,72,3,2633,751.0,5460,74.62,3.0,2021,0.09881422924901186,0.26181818181818184,0.9461013295005389,0.12540424002874595,10.576923076923077,EXHAUSTION,0.0,0.0,0.0,4,ELEVATED (25-35%),FLAT (0.8-1.0),VERY STRONG (>5x),LOW (<0.3)
2021-01-07,439,37,3.28,2.35,2930,279,313,24.0,85,2,2813,591.0,5473,74.53,3.0,2021,0.1068259385665529,0.2715654952076677,0.9600682593856655,0.09522184300341296,13.041666666666666,EXHAUSTION,0.0,0.0,0.0,5,ELEVATED (25-35%),FLAT (0.8-1.0),VERY STRONG (>5x),LOW (<0.3)
2021-01-08,289,176,3.53,2.13,2864,279,331,24.0,92,2,2718,599.0,5481,73.82,3.0,2021,0.11557262569832402,0.27794561933534745,0.9490223463687151,0.09741620111731844,13.791666666666666,EXHAUSTION,0.0,0.0,0.0,6,ELEVATED (25-35%),FLAT (0.8-1.0),VERY STRONG (>5x),LOW (<0.3)
2021-01-11,298,86,5.62,2.17,2845,271,308,27.0,83,4,2674,632.0,5486,69.55,3.0,2021,0.10826010544815466,0.2694805194805195,0.9398945518453427,0.09525483304042179,11.407407407407407,EXHAUSTION,0.0,0.0,0.0,5,ELEVATED (25-35%),FLAT (0.8-1.0),VERY STRONG (>5x),LOW (<0.3)
2021-01-12,569,52,5.72,2.86,2948,253,409,21.0,94,2,2820,569.0,5497,72.44,3.0,2021,0.1387381275440977,0.22982885085574573,0.9565807327001357,0.08582089552238806,19.476190476190474,EXHAUSTION,0.0,0.0,0.0,7,NORMAL (15-25%),FLAT (0.8-1.0),VERY STRONG (>5x),LOW (<0.3)
2021-01-13,285,136,3.86,3.33,2913,243,394,18.0,100,2,2658,602.0,5504,71.58,3.0,2021,0.13525575008582216,0.25380710659898476,0.9124613800205973,0.08341915550978372,21.88888888888889,EXHAUSTION,0.0,0.0,0.0,7,ELEVATED (25-35%),FLAT (0.8-1.0),VERY STRONG (>5x),LOW (<0.3)
2021-01-14,615,49,4.12,3.61,3005,208,428,14.0,112,1,2863,507.0,5510,72.53,3.0,2021,0.14242928452579035,0.2616822429906542,0.9527454242928453,0.06921797004991681,30.571428571428573,EXHAUSTION,0.0,0.0,0.0,7,ELEVATED (25-35%),FLAT (0.8-1.0),VERY STRONG (>5x),LOW (<0.3)
2021-01-15,175,278,3.23,3.4,2922,237,370,15.0,105,2,2636,622.0,5523,70.4,3.0,2021,0.1266255989048597,0.28378378378378377,0.9021218343600274,0.0811088295687885,24.666666666666668,EXHAUSTION,0.0,0.0,0.0,6,ELEVATED (25-35%),FLAT (0.8-1.0),VERY STRONG (>5x),LOW (<0.3)
2021-01-19,490,82,3.57,4.48,3019,214,393,19.0,117,4,2783,527.0,5521,71.28,3.0,2021,0.13017555481947665,0.29770992366412213,0.9218284200066247,0.07088439880755217,20.68421052631579,EXHAUSTION,0.0,0.0,0.0,7,ELEVATED (25-35%),FLAT (0.8-1.0),VERY STRONG (>5x),LOW (<0.3)
2021-01-20,291,101,2.87,4.08,3048,213,406,17.0,112,2,2775,532.0,5524,73.73,3.0,2021,0.1332020997375328,0.27586206896551724,0.9104330708661418,0.06988188976377953,23.88235294117647,EXHAUSTION,0.0,0.0,0.0,7,ELEVATED (25-35%),FLAT (0.8-1.0),VERY STRONG (>5x),LOW (<0.3)
2021-01-21,264,175,2.68,3.17,3007,217,382,20.0,102,2,2618,597.0,5525,71.08,3.0,2021,0.12703691386764218,0.2670157068062827,0.8706351845693382,0.07216494845360824,19.1,EXHAUSTION,0.0,0.0,0.0,6,ELEVATED (25-35%),FLAT (0.8-1.0),VERY STRONG (>5x),LOW (<0.3)
2021-01-22,315,55,2.22,3.02,3041,195,399,18.0,102,2,2666,550.0,5536,69.7,3.0,2021,0.13120683985531076,0.2556390977443609,0.8766853008878658,0.06412364353830977,22.166666666666668,EXHAUSTION,0.0,0.0,0.0,7,ELEVATED (25-35%),FLAT (0.8-1.0),VERY STRONG (>5x),LOW (<0.3)
2021-01-25,419,206,2.87,3.05,3043,188,368,24.0,107,3,2555,584.0,5536,67.56,3.0,2021,0.12093328951692409,0.2907608695652174,0.8396319421623398,0.061781137035819916,15.333333333333334,EXHAUSTION,0.0,0.0,0.0,6,ELEVATED (25-35%),FLAT (0.8-1.0),VERY STRONG (>5x),LOW (<0.3)
2021-01-26,300,198,2.16,2.8,3001,203,373,32.0,114,3,2410,715.0,5555,63.05,3.0,2021,0.1242919026991003,0.30563002680965146,0.8030656447850717,0.06764411862712429,11.65625,EXHAUSTION,0.0,0.0,0.0,6,ELEVATED (25-35%),FLAT (0.8-1.0),VERY STRONG (>5x),LOW (<0.3)
2021-01-27,245,1120,0.88,1.42,2744,313,361,43.0,114,2,2014,1267.0,5565,46.18,3.0,2021,0.1315597667638484,0.3157894736842105,0.7339650145772595,0.11406705539358601,8.395348837209303,EXHAUSTION,0.0,0.0,0.0,7,ELEVATED (25-35%),DECELERATING (<0.8),VERY STRONG (>5x),LOW (<0.3)
2021-01-28,295,105,0.93,1.44,2801,296,376,24.0,120,1,2059,1140.0,5574,52.82,3.0,2021,0.13423777222420563,0.3191489361702128,0.7350946090681899,0.10567654409139593,15.666666666666666,EXHAUSTION,0.0,0.0,0.0,7,ELEVATED (25-35%),DECELERATING (<0.8),VERY STRONG (>5x),LOW (<0.3)
2021-01-29,185,325,0.74,1.13,2660,358,324,32.0,102,3,1860,1483.0,5574,41.14,3.0,2021,0.12180451127819548,0.3148148148148148,0.6992481203007519,0.13458646616541353,10.125,EXHAUSTION,0.0,0.0,0.0,6,ELEVATED (25-35%),DECELERATING (<0.8),VERY STRONG (>5x),LOW (<0.3)
2021-02-01,530,44,0.87,1.38,2817,305,386,26.0,127,2,2107,1068.0,5591,50.81,3.0,2021,0.13702520411785588,0.3290155440414508,0.7479588214412496,0.10827121050763223,14.846153846153847,EXHAUSTION,0.0,0.0,0.0,7,ELEVATED (25-35%),DECELERATING (<0.8),VERY STRONG (>5x),LOW (<0.3)
2021-02-02,483,96,1.03,1.37,2908,281,435,24.0,119,1,2298,916.0,5591,58.04,3.0,2021,0.14958734525447043,0.2735632183908046,0.7902338376891335,0.09662998624484181,18.125,EXHAUSTION,0.0,0.0,0.0,8,ELEVATED (25-35%),DECELERATING (<0.8),VERY STRONG (>5x),LOW (<0.3)
2021-02-03,449,64,3.06,1.46,2930,229,431,21.0,138,1,2320,796.0,5607,59.91,3.0,2021,0.14709897610921502,0.32018561484918795,0.7918088737201365,0.07815699658703072,20.523809523809526,EXHAUSTION,0.0,0.0,0.0,7,ELEVATED (25-35%),DECELERATING (<0.8),VERY STRONG (>5x),LOW (<0.3)
2021-02-04,517,93,3.48,1.62,2984,210,415,13.0,133,1,2577,681.0,5619,65.96,3.0,2021,0.1390750670241287,0.3204819277108434,0.8636058981233244,0.07037533512064344,31.923076923076923,EXHAUSTION,0.0,0.0,0.0,7,ELEVATED (25-35%),FLAT (0.8-1.0),VERY STRONG (>5x),LOW (<0.3)
2021-02-05,466,63,6.79,1.68,2997,198,389,17.0,127,1,2699,614.0,5648,69.1,3.0,2021,0.12979646312979645,0.3264781491002571,0.9005672339005673,0.06606606606606606,22.88235294117647,EXHAUSTION,0.0,0.0,0.0,7,ELEVATED (25-35%),FLAT (0.8-1.0),VERY STRONG (>5x),LOW (<0.3)
2021-02-08,828,45,7.6,2.0,3114,150,490,15.0,158,2,3001,451.0,5648,74.71,3.0,2021,0.1573538856775851,0.3224489795918367,0.9637122671804753,0.04816955684007707,32.666666666666664,NEUTRAL,0.0,0.0,0.0,8,ELEVATED (25-35%),FLAT (0.8-1.0),VERY STRONG (>5x),LOW (<0.3)
2021-02-09,410,91,7.5,2.15,3088,149,508,14.0,161,0,3022,444.0,5669,74.35,3.0,2021,0.1645077720207254,0.3169291338582677,0.9786269430051814,0.04825129533678756,36.285714285714285,NEUTRAL,0.0,0.0,0.0,8,ELEVATED (25-35%),FLAT (0.8-1.0),VERY STRONG (>5x),LOW (<0.3)
2021-02-10,327,177,5.43,4.07,3057,165,452,15.0,153,0,3006,519.0,5669,74.54,3.0,2021,0.14785737651292116,0.33849557522123896,0.9833169774288518,0.053974484789008834,30.133333333333333,EXHAUSTION,0.0,0.0,0.0,7,ELEVATED (25-35%),FLAT (0.8-1.0),VERY STRONG (>5x),LOW (<0.3)
2021-02-11,254,150,4.34,3.88,2774,192,455,22.0,149,0,2902,629.0,5685,72.73,3.0,2021,0.1640230713770728,0.3274725274725275,1.046142754145638,0.0692141312184571,20.681818181818183,NEUTRAL,0.0,0.0,0.0,8,ELEVATED (25-35%),SLIGHT ACCEL (1.0-1.2),VERY STRONG (>5x),LOW (<0.3)
2021-02-12,288,94,3.78,4.96,2765,196,414,26.0,137,1,2935,614.0,5697,72.61,3.0,2021,0.14972875226039783,0.3309178743961353,1.061482820976492,0.07088607594936709,15.923076923076923,EXHAUSTION,0.0,0.0,0.0,8,ELEVATED (25-35%),SLIGHT ACCEL (1.0-1.2),VERY STRONG (>5x),LOW (<0.3)
2021-02-16,503,210,2.47,4.18,2764,218,461,26.0,151,1,2979,642.0,5700,71.12,3.0,2021,0.16678726483357453,0.3275488069414317,1.0777858176555717,0.0788712011577424,17.73076923076923,NEUTRAL,0.0,0.0,0.0,8,ELEVATED (25-35%),SLIGHT ACCEL (1.0-1.2),VERY STRONG (>5x),LOW (<0.3)
2021-02-17,206,177,1.95,3.65,2723,259,370,30.0,107,1,2908,764.0,5700,70.17,3.0,2021,0.1358795446199045,0.2891891891891892,1.0679397723099522,0.09511568123393316,12.333333333333334,EXHAUSTION,0.0,0.0,0.0,7,ELEVATED (25-35%),SLIGHT ACCEL (1.0-1.2),VERY STRONG (>5x),LOW (<0.3)
2021-02-18,144,356,1.41,2.71,2514,343,326,34.0,84,1,2696,1059.0,5700,65.78,3.0,2021,0.12967382657120127,0.25766871165644173,1.0723945902943517,0.1364359586316627,9.588235294117647,EXHAUSTION,0.0,0.0,0.0,7,ELEVATED (25-35%),SLIGHT ACCEL (1.0-1.2),VERY STRONG (>5x),LOW (<0.3)
2021-02-19,444,66,1.76,2.71,2577,311,387,21.0,102,1,2926,950.0,5718,67.95,3.0,2021,0.15017462165308498,0.26356589147286824,1.135428793170353,0.12068296468762127,18.428571428571427,NEUTRAL,0.0,0.0,0.0,8,ELEVATED (25-35%),SLIGHT ACCEL (1.0-1.2),VERY STRONG (>5x),LOW (<0.3)
2021-02-22,368,458,1.31,2.07,2542,401,352,59.0,87,1,2868,1123.0,5722,67.22,3.0,2021,0.13847364280094415,0.2471590909090909,1.128245476003147,0.15774980330448465,5.966101694915254,EXHAUSTION,0.0,0.0,0.0,7,NORMAL (15-25%),SLIGHT ACCEL (1.0-1.2),VERY STRONG (>5x),LOW (<0.3)
2021-02-23,106,754,0.7,1.2,2439,620,305,88.0,55,5,2636,1472.0,5722,67.22,3.0,2021,0.12505125051250512,0.18032786885245902,1.080770807708077,0.25420254202542025,3.465909090909091,EXHAUSTION,0.0,0.0,0.0,6,NORMAL (15-25%),SLIGHT ACCEL (1.0-1.2),STRONG (3-5x),LOW (<0.3)
2021-02-24,414,54,0.87,1.22,2615,542,395,74.0,75,6,2827,1321.0,5733,68.02,3.0,2021,0.15105162523900573,0.189873417721519,1.0810707456978967,0.2072657743785851,5.337837837837838,NEUTRAL,0.0,0.0,0.0,8,NORMAL (15-25%),SLIGHT ACCEL (1.0-1.2),VERY STRONG (>5x),LOW (<0.3)
2021-02-25,75,950,0.62,0.86,2303,753,389,106.0,66,11,2320,1733.0,5742,56.39,3.0,2021,0.16891011723838473,0.16966580976863754,1.0073816760746852,0.3269648284845853,3.669811320754717,NEUTRAL,0.0,0.0,0.0,8,NORMAL (15-25%),SLIGHT ACCEL (1.0-1.2),STRONG (3-5x),MODERATE (0.3-0.5)
2021-02-26,168,310,0.45,0.79,2164,840,324,101.0,61,9,2137,1803.0,5742,51.6,3.0,2021,0.14972273567467653,0.1882716049382716,0.9875231053604436,0.38817005545286504,3.207920792079208,EXHAUSTION,0.0,0.0,0.0,8,NORMAL (15-25%),FLAT (0.8-1.0),STRONG (3-5x),MODERATE (0.3-0.5)
2021-03-01,548,44,0.62,0.88,2391,721,543,61.0,105,10,2529,1530.0,5770,58.8,3.0,2021,0.22710163111668757,0.19337016574585636,1.0577164366373901,0.30154746967795903,8.901639344262295,NEUTRAL,0.0,0.0,0.0,9,NORMAL (15-25%),SLIGHT ACCEL (1.0-1.2),VERY STRONG (>5x),MODERATE (0.3-0.5)
2021-03-02,168,298,0.83,0.76,2270,785,381,103.0,74,10,2359,1645.0,5784,56.18,3.0,2021,0.16784140969162994,0.1942257217847769,1.0392070484581497,0.3458149779735683,3.6990291262135924,NEUTRAL,0.0,0.0,0.0,8,NORMAL (15-25%),SLIGHT ACCEL (1.0-1.2),STRONG (3-5x),MODERATE (0.3-0.5)
2021-03-03,185,646,0.51,0.67,2220,950,348,161.0,64,7,2238,1848.0,5784,53.75,3.0,2021,0.15675675675675677,0.1839080459770115,1.008108108108108,0.42792792792792794,2.1614906832298137,NEUTRAL,0.0,0.0,0.0,8,NORMAL (15-25%),SLIGHT ACCEL (1.0-1.2),MODERATE (2-3x),MODERATE (0.3-0.5)
2021-03-04,83,1272,0.45,0.53,1936,1202,213,293.0,40,15,1835,2166.0,5784,46.45,3.0,2021,0.11002066115702479,0.18779342723004694,0.9478305785123967,0.6208677685950413,0.726962457337884,EXHAUSTION,0.0,0.0,0.33333333333333326,5,NORMAL (15-25%),FLAT (0.8-1.0),NEGATIVE (<1x),ELEVATED (0.5-0.7)
2021-03-05,387,158,0.57,0.51,2065,1177,221,323.0,42,24,2034,2018.0,5784,53.51,3.0,2021,0.10702179176755448,0.19004524886877827,0.9849878934624697,0.5699757869249394,0.6842105263157895,EXHAUSTION,0.0,0.0,0.33333333333333326,5,NORMAL (15-25%),FLAT (0.8-1.0),NEGATIVE (<1x),ELEVATED (0.5-0.7)
2021-03-08,312,106,0.46,0.53,2108,1261,281,423.0,46,22,2103,2054.0,5833,55.39,3.0,2021,0.13330170777988615,0.16370106761565836,0.9976280834914611,0.5981973434535104,0.6643026004728132,EXHAUSTION,0.0,0.0,0.33333333333333326,7,NORMAL (15-25%),FLAT (0.8-1.0),NEGATIVE (<1x),ELEVATED (0.5-0.7)
2021-03-09,752,58,0.77,0.79,2213,1045,195,370.0,29,15,2380,1849.0,5839,57.85,3.0,2021,0.08811568007230004,0.14871794871794872,1.0754631721644825,0.4722096701310438,0.527027027027027,EXHAUSTION,0.0,0.0,0.33333333333333326,3,LOW (<15%),SLIGHT ACCEL (1.0-1.2),NEGATIVE (<1x),MODERATE (0.3-0.5)
2021-03-10,394,88,1.15,0.78,2311,1029,237,390.0,42,19,2597,1774.0,5848,61.67,3.0,2021,0.1025530073561229,0.17721518987341772,1.1237559498052792,0.4452617914322804,0.6076923076923076,EXHAUSTION,0.0,0.0,0.33333333333333326,5,NORMAL (15-25%),SLIGHT ACCEL (1.0-1.2),NEGATIVE (<1x),MODERATE (0.3-0.5)
2021-03-11,661,46,5.5,1.21,2476,827,275,252.0,42,13,3046,1586.0,5861,63.07,3.0,2021,0.11106623586429726,0.15272727272727274,1.2302100161550888,0.3340064620355412,1.0912698412698412,EXHAUSTION,0.0,0.0,0.33333333333333326,5,NORMAL (15-25%),ACCELERATING (1.2-1.5),WEAK (1-2x),MODERATE (0.3-0.5)
2021-03-12,246,73,6.37,1.34,2521,845,337,233.0,48,12,3098,1556.0,5876,63.9,3.0,2021,0.13367711225704085,0.142433234421365,1.228877429591432,0.33518445061483537,1.446351931330472,EXHAUSTION,0.0,0.0,0.33333333333333326,7,LOW (<15%),ACCELERATING (1.2-1.5),WEAK (1-2x),MODERATE (0.3-0.5)
2021-03-15,437,96,6.9,1.28,2564,766,322,233.0,53,13,3227,1483.0,5876,66.02,3.0,2021,0.12558502340093602,0.16459627329192547,1.2585803432137286,0.29875195007800315,1.3819742489270386,EXHAUSTION,0.0,0.0,0.33333333333333326,6,NORMAL (15-25%),ACCELERATING (1.2-1.5),WEAK (1-2x),LOW (<0.3)
2021-03-16,109,317,2.98,1.25,2371,888,217,287.0,35,17,3006,1596.0,5876,64.29,3.0,2021,0.0915225643188528,0.16129032258064516,1.2678194854491776,0.3745255166596373,0.7560975609756098,EXHAUSTION,0.0,0.0,0.33333333333333326,4,NORMAL (15-25%),ACCELERATING (1.2-1.5),NEGATIVE (<1x),MODERATE (0.3-0.5)
2021-03-17,258,80,2.8,1.59,2438,827,246,232.0,43,11,3083,1533.0,5905,64.43,3.0,2021,0.10090237899917966,0.17479674796747968,1.2645611156685808,0.3392124692370796,1.0603448275862069,EXHAUSTION,0.0,0.0,0.33333333333333326,5,NORMAL (15-25%),ACCELERATING (1.2-1.5),WEAK (1-2x),MODERATE (0.3-0.5)
2021-03-18,72,633,0.94,2.19,2193,986,228,257.0,42,13,2652,1785.0,5905,58.95,3.0,2021,0.1039671682626539,0.18421052631578946,1.2093023255813953,0.4496124031007752,0.8871595330739299,EXHAUSTION,0.0,0.33333333333333326,0.33333333333333326,5,NORMAL (15-25%),ACCELERATING (1.2-1.5),NEGATIVE (<1x),MODERATE (0.3-0.5)
2021-03-19,437,134,1.04,2.26,2229,924,198,267.0,41,12,2615,1714.0,5936,58.78,3.0,2021,0.08882907133243607,0.20707070707070707,1.1731718259309107,0.414535666218035,0.7415730337078652,EXHAUSTION,0.0,0.33333333333333326,0.33333333333333326,4,NORMAL (15-25%),SLIGHT ACCEL (1.0-1.2),NEGATIVE (<1x),MODERATE (0.3-0.5)
2021-03-22,131,98,0.8,2.15,2129,911,138,178.0,30,12,2429,1739.0,5936,57.83,3.0,2021,0.06481916392672617,0.21739130434782608,1.1409112259276655,0.4279004227336778,0.7752808988764045,EXHAUSTION,0.0,0.33333333333333326,0.33333333333333326,1,NORMAL (15-25%),SLIGHT ACCEL (1.0-1.2),NEGATIVE (<1x),MODERATE (0.3-0.5)
2021-03-23,38,1052,0.47,1.06,1743,1109,98,143.0,22,10,1734,2176.0,5950,46.92,3.0,2021,0.05622489959839357,0.22448979591836735,0.9948364888123924,0.6362593230063109,0.6853146853146853,EXHAUSTION,0.0,0.33333333333333326,0.33333333333333326,1,NORMAL (15-25%),FLAT (0.8-1.0),NEGATIVE (<1x),ELEVATED (0.5-0.7)
2021-03-24,61,656,0.29,0.77,1579,1292,60,299.0,13,16,1304,2420.0,5958,43.89,3.0,2021,0.03799873337555415,0.21666666666666667,0.8258391386953768,0.818239392020266,0.20066889632107024,EXHAUSTION,0.0,0.33333333333333326,0.33333333333333326,0,NORMAL (15-25%),FLAT (0.8-1.0),NEGATIVE (<1x),HIGH (0.7-1.0)
2021-03-25,367,86,0.51,0.67,1720,1236,92,151.0,18,10,1532,2232.0,5958,50.48,3.0,2021,0.053488372093023255,0.1956521739130435,0.8906976744186047,0.7186046511627907,0.609271523178808,EXHAUSTION,0.33333333333333326,0.33333333333333326,0.33333333333333326,1,NORMAL (15-25%),FLAT (0.8-1.0),NEGATIVE (<1x),HIGH (0.7-1.0)
2021-03-26,257,97,0.43,0.67,1827,1231,119,153.0,27,10,1689,2072.0,5991,54.62,3.0,2021,0.06513409961685823,0.226890756302521,0.9244663382594417,0.6737821565407772,0.7777777777777778,EXHAUSTION,0.33333333333333326,0.33333333333333326,0.33333333333333326,1,NORMAL (15-25%),FLAT (0.8-1.0),NEGATIVE (<1x),ELEVATED (0.5-0.7)
2021-03-29,74,515,0.33,0.49,1560,1366,69,312.0,13,12,1334,2312.0,6007,48.79,3.0,2021,0.04423076923076923,0.18840579710144928,0.8551282051282051,0.8756410256410256,0.22115384615384615,EXHAUSTION,0.33333333333333326,0.33333333333333326,0.33333333333333326,0,NORMAL (15-25%),FLAT (0.8-1.0),NEGATIVE (<1x),HIGH (0.7-1.0)
2021-03-30,269,113,0.7,0.57,1685,1354,85,214.0,15,11,1442,2193.0,6007,51.21,3.0,2021,0.050445103857566766,0.17647058823529413,0.8557863501483679,0.8035608308605341,0.397196261682243,EXHAUSTION,0.33333333333333326,0.33333333333333326,0.33333333333333326,0,NORMAL (15-25%),FLAT (0.8-1.0),NEGATIVE (<1x),HIGH (0.7-1.0)
2021-03-31,505,53,1.7,0.64,1709,1215,93,114.0,13,10,1553,2095.0,6007,49.37,3.0,2021,0.05441778818022235,0.13978494623655913,0.9087185488589818,0.7109420713867759,0.8157894736842105,EXHAUSTION,0.33333333333333326,0.33333333333333326,0.33333333333333326,1,LOW (<15%),FLAT (0.8-1.0),NEGATIVE (<1x),HIGH (0.7-1.0)
2021-04-01,354,44,1.77,0.88,1861,1134,179,61.0,30,5,1898,1866.0,6025,56.22,4.0,2021,0.09618484685652874,0.16759776536312848,1.0198817839871037,0.6093498119290703,2.9344262295081966,EXHAUSTION,0.0,0.0,0.0,4,NORMAL (15-25%),SLIGHT ACCEL (1.0-1.2),MODERATE (2-3x),ELEVATED (0.5-0.7)
2021-04-05,230,140,1.66,0.8,1905,1126,187,68.0,32,6,1959,1784.0,6036,57.15,4.0,2021,0.09816272965879265,0.1711229946524064,1.0283464566929135,0.5910761154855643,2.75,EXHAUSTION,0.0,0.0,0.0,4,NORMAL (15-25%),SLIGHT ACCEL (1.0-1.2),MODERATE (2-3x),ELEVATED (0.5-0.7)
2021-04-06,176,113,3.31,0.81,1884,1131,180,57.0,34,7,1941,1758.0,6035,57.64,4.0,2021,0.09554140127388536,0.18888888888888888,1.0302547770700636,0.6003184713375797,3.1578947368421053,EXHAUSTION,0.0,0.0,0.0,4,NORMAL (15-25%),SLIGHT ACCEL (1.0-1.2),STRONG (3-5x),ELEVATED (0.5-0.7)
2021-04-07,86,249,2.26,1.15,1727,1203,89,94.0,22,5,1648,1841.0,6035,54.59,4.0,2021,0.05153445280833816,0.24719101123595505,0.9542559351476549,0.6965836711059641,0.9468085106382979,EXHAUSTION,0.0,0.0,0.0,0,NORMAL (15-25%),FLAT (0.8-1.0),NEGATIVE (<1x),ELEVATED (0.5-0.7)
2021-04-08,226,68,1.75,1.72,1720,1149,94,109.0,19,6,1741,1741.0,6035,56.27,4.0,2021,0.05465116279069768,0.20212765957446807,1.0122093023255814,0.6680232558139535,0.8623853211009175,EXHAUSTION,0.0,0.0,0.0,1,NORMAL (15-25%),SLIGHT ACCEL (1.0-1.2),NEGATIVE (<1x),ELEVATED (0.5-0.7)
2021-04-09,104,155,1.13,1.47,1623,1188,74,170.0,20,9,1629,1706.0,6032,54.96,4.0,2021,0.04559457794208256,0.2702702702702703,1.0036968576709797,0.7319778188539742,0.43529411764705883,EXHAUSTION,0.0,0.0,0.0,0,ELEVATED (25-35%),SLIGHT ACCEL (1.0-1.2),NEGATIVE (<1x),HIGH (0.7-1.0)
2021-04-12,77,531,0.6,1.06,1530,1281,63,235.0,15,12,1523,1760.0,6053,55.14,4.0,2021,0.041176470588235294,0.23809523809523808,0.9954248366013072,0.8372549019607843,0.2680851063829787,EXHAUSTION,0.0,0.0,0.0,0,NORMAL (15-25%),FLAT (0.8-1.0),NEGATIVE (<1x),HIGH (0.7-1.0)
2021-04-13,143,137,0.56,1.35,1455,1267,44,258.0,13,12,1467,1762.0,6053,53.29,4.0,2021,0.030240549828178694,0.29545454545454547,1.0082474226804123,0.8707903780068729,0.17054263565891473,EXHAUSTION,0.0,0.0,0.0,0,ELEVATED (25-35%),SLIGHT ACCEL (1.0-1.2),NEGATIVE (<1x),HIGH (0.7-1.0)
2021-04-14,214,114,0.76,1.32,1478,1243,49,203.0,10,12,1549,1634.0,6060,55.98,4.0,2021,0.033152909336941816,0.20408163265306123,1.048037889039242,0.8410013531799729,0.2413793103448276,EXHAUSTION,0.0,0.0,0.0,0,NORMAL (15-25%),SLIGHT ACCEL (1.0-1.2),NEGATIVE (<1x),HIGH (0.7-1.0)
2021-04-15,139,313,0.54,0.94,1461,1249,43,271.0,11,14,1632,1606.0,6072,57.31,4.0,2021,0.02943189596167009,0.2558139534883721,1.1170431211498972,0.8548939082819986,0.15867158671586715,EXHAUSTION,0.0,0.0,0.0,0,ELEVATED (25-35%),SLIGHT ACCEL (1.0-1.2),NEGATIVE (<1x),HIGH (0.7-1.0)
2021-04-16,98,213,0.51,0.73,1458,1292,58,205.0,12,15,1488,1659.0,6081,57.33,4.0,2021,0.039780521262002745,0.20689655172413793,1.0205761316872428,0.8861454046639232,0.28292682926829266,EXHAUSTION,0.0,0.0,0.0,0,NORMAL (15-25%),SLIGHT ACCEL (1.0-1.2),NEGATIVE (<1x),HIGH (0.7-1.0)
2021-04-19,87,312,0.63,0.61,1330,1345,44,284.0,10,22,1311,1701.0,6093,53.66,4.0,2021,0.03308270676691729,0.22727272727272727,0.9857142857142858,1.0112781954887218,0.15492957746478872,EXHAUSTION,0.0,0.0,0.0,0,NORMAL (15-25%),FLAT (0.8-1.0),NEGATIVE (<1x),EXTREME (>1.0)
2021-04-20,69,513,0.41,0.48,1121,1407,32,331.0,9,26,1102,1863.0,6093,45.88,4.0,2021,0.028545941123996433,0.28125,0.9830508474576272,1.255129348795718,0.09667673716012085,EXHAUSTION,0.0,0.0,0.0,0,ELEVATED (25-35%),FLAT (0.8-1.0),NEGATIVE (<1x),EXTREME (>1.0)
2021-04-21,434,26,0.6,0.67,1313,1311,78,164.0,17,14,1401,1636.0,6098,52.68,4.0,2021,0.0594059405940594,0.21794871794871795,1.067022086824067,0.9984767707539984,0.47560975609756095,EXHAUSTION,0.0,0.0,0.0,1,NORMAL (15-25%),SLIGHT ACCEL (1.0-1.2),NEGATIVE (<1x),HIGH (0.7-1.0)
2021-04-22,169,73,0.75,0.64,1226,1293,109,104.0,21,6,1277,1644.0,6111,50.15,4.0,2021,0.08890701468189233,0.1926605504587156,1.0415986949429037,1.0546492659053834,1.0480769230769231,EXHAUSTION,0.0,0.0,0.0,4,NORMAL (15-25%),SLIGHT ACCEL (1.0-1.2),WEAK (1-2x),EXTREME (>1.0)
2021-04-23,303,32,1.11,0.77,1414,1252,111,91.0,19,4,1491,1502.0,6112,55.75,4.0,2021,0.0785007072135785,0.17117117117117117,1.0544554455445545,0.8854314002828855,1.2197802197802199,EXHAUSTION,0.0,0.0,0.0,3,NORMAL (15-25%),SLIGHT ACCEL (1.0-1.2),WEAK (1-2x),HIGH (0.7-1.0)
2021-04-26,472,35,2.13,1.2,1549,1180,129,57.0,30,4,1733,1354.0,6127,58.9,4.0,2021,0.08327953518398967,0.23255813953488372,1.118786313750807,0.7617817947062621,2.263157894736842,EXHAUSTION,0.0,0.0,0.0,3,NORMAL (15-25%),SLIGHT ACCEL (1.0-1.2),MODERATE (2-3x),HIGH (0.7-1.0)
2021-04-27,159,88,6.05,1.25,1558,1178,186,49.0,33,2,1688,1377.0,6127,59.19,4.0,2021,0.11938382541720154,0.1774193548387097,1.0834403080872914,0.7560975609756098,3.795918367346939,EXHAUSTION,0.0,0.0,0.0,6,NORMAL (15-25%),SLIGHT ACCEL (1.0-1.2),STRONG (3-5x),HIGH (0.7-1.0)
2021-04-28,258,55,4.81,1.32,1625,1149,160,44.0,27,2,1777,1319.0,6127,61.36,4.0,2021,0.09846153846153846,0.16875,1.0935384615384616,0.707076923076923,3.6363636363636362,EXHAUSTION,0.0,0.0,0.0,4,NORMAL (15-25%),SLIGHT ACCEL (1.0-1.2),STRONG (3-5x),HIGH (0.7-1.0)
2021-04-29,127,210,3.14,1.4,1630,1166,120,66.0,24,3,1698,1359.0,6141,60.18,4.0,2021,0.0736196319018405,0.2,1.041717791411043,0.7153374233128834,1.8181818181818181,EXHAUSTION,0.0,0.0,0.0,2,NORMAL (15-25%),SLIGHT ACCEL (1.0-1.2),WEAK (1-2x),HIGH (0.7-1.0)
2021-04-30,99,222,1.83,1.39,1491,1216,91,87.0,18,4,1465,1412.0,6149,55.61,4.0,2021,0.06103286384976526,0.1978021978021978,0.9825620389000671,0.8155600268276325,1.0459770114942528,EXHAUSTION,0.0,0.0,0.0,1,NORMAL (15-25%),FLAT (0.8-1.0),WEAK (1-2x),HIGH (0.7-1.0)
2021-05-03,284,197,1.2,1.64,1546,1207,84,97.0,24,5,1543,1288.0,6149,60.4,4.0,2021,0.054333764553686936,0.2857142857142857,0.9980595084087969,0.7807244501940491,0.865979381443299,EXHAUSTION,0.0,0.0,0.0,1,ELEVATED (25-35%),FLAT (0.8-1.0),NEGATIVE (<1x),HIGH (0.7-1.0)
2021-05-04,100,441,0.77,1.74,1328,1301,82,132.0,21,5,1375,1455.0,6164,56.83,4.0,2021,0.061746987951807226,0.25609756097560976,1.0353915662650603,0.9796686746987951,0.6212121212121212,EXHAUSTION,0.0,0.0,0.0,1,ELEVATED (25-35%),SLIGHT ACCEL (1.0-1.2),NEGATIVE (<1x),HIGH (0.7-1.0)
2021-05-05,204,158,0.66,1.44,1276,1318,93,110.0,25,6,1387,1426.0,6164,56.91,4.0,2021,0.07288401253918496,0.26881720430107525,1.0869905956112853,1.0329153605015673,0.8454545454545455,EXHAUSTION,0.0,0.0,0.0,2,ELEVATED (25-35%),SLIGHT ACCEL (1.0-1.2),NEGATIVE (<1x),EXTREME (>1.0)
2021-05-06,166,466,0.57,1.14,1233,1356,88,169.0,19,7,1391,1529.0,6174,56.95,4.0,2021,0.07137064071370641,0.2159090909090909,1.1281427412814273,1.099756690997567,0.5207100591715976,EXHAUSTION,0.0,0.0,0.0,2,NORMAL (15-25%),SLIGHT ACCEL (1.0-1.2),NEGATIVE (<1x),EXTREME (>1.0)
2021-05-07,278,89,0.76,1.09,1272,1320,127,140.0,23,7,1593,1383.0,6174,59.65,4.0,2021,0.09984276729559749,0.18110236220472442,1.2523584905660377,1.0377358490566038,0.9071428571428571,EXHAUSTION,0.0,0.0,0.0,5,NORMAL (15-25%),ACCELERATING (1.2-1.5),NEGATIVE (<1x),EXTREME (>1.0)
2021-05-10,89,666,0.46,0.68,1101,1419,109,172.0,22,12,1358,1555.0,6195,56.22,4.0,2021,0.09900090826521345,0.2018348623853211,1.2334241598546776,1.2888283378746594,0.6337209302325582,EXHAUSTION,0.0,0.0,0.0,4,NORMAL (15-25%),ACCELERATING (1.2-1.5),NEGATIVE (<1x),EXTREME (>1.0)
2021-05-11,198,177,0.6,0.67,970,1407,112,155.0,22,8,1214,1545.0,6195,51.65,4.0,2021,0.1154639175257732,0.19642857142857142,1.2515463917525773,1.4505154639175257,0.7225806451612903,EXHAUSTION,0.0,0.0,0.0,6,NORMAL (15-25%),ACCELERATING (1.2-1.5),NEGATIVE (<1x),EXTREME (>1.0)
2021-05-12,92,562,0.42,0.51,748,1503,71,219.0,12,13,884,1797.0,6195,38.17,4.0,2021,0.09491978609625669,0.16901408450704225,1.1818181818181819,2.0093582887700534,0.3242009132420091,EXHAUSTION,0.0,0.0,0.0,4,NORMAL (15-25%),SLIGHT ACCEL (1.0-1.2),NEGATIVE (<1x),EXTREME (>1.0)
2021-05-13,189,375,0.45,0.51,840,1493,70,251.0,14,14,956,1755.0,6215,46.18,4.0,2021,0.08333333333333333,0.2,1.138095238095238,1.7773809523809523,0.2788844621513944,EXHAUSTION,0.0,0.0,0.0,3,NORMAL (15-25%),SLIGHT ACCEL (1.0-1.2),NEGATIVE (<1x),EXTREME (>1.0)
2021-05-14,377,38,0.52,0.62,1012,1356,94,147.0,15,10,1300,1493.0,6212,53.54,4.0,2021,0.09288537549407115,0.1595744680851064,1.284584980237154,1.3399209486166008,0.6394557823129252,EXHAUSTION,0.0,0.0,0.0,4,NORMAL (15-25%),ACCELERATING (1.2-1.5),NEGATIVE (<1x),EXTREME (>1.0)
2021-05-17,300,66,0.95,0.66,1063,1325,139,102.0,22,6,1354,1440.0,6223,53.79,4.0,2021,0.13076199435559738,0.15827338129496402,1.2737535277516463,1.2464722483537158,1.3627450980392157,EXHAUSTION,0.0,0.0,0.0,7,NORMAL (15-25%),ACCELERATING (1.2-1.5),WEAK (1-2x),EXTREME (>1.0)
2021-05-18,317,72,1.15,0.83,1025,1281,180,67.0,28,5,1400,1403.0,6230,50.69,4.0,2021,0.17560975609756097,0.15555555555555556,1.3658536585365855,1.2497560975609756,2.6865671641791047,NEUTRAL,0.0,0.0,0.0,8,NORMAL (15-25%),ACCELERATING (1.2-1.5),MODERATE (2-3x),EXTREME (>1.0)
2021-05-19,91,164,1.78,0.78,948,1269,128,103.0,17,7,1210,1451.0,6230,47.26,4.0,2021,0.1350210970464135,0.1328125,1.2763713080168777,1.3386075949367089,1.2427184466019416,EXHAUSTION,0.0,0.0,0.0,7,LOW (<15%),ACCELERATING (1.2-1.5),WEAK (1-2x),EXTREME (>1.0)
2021-05-20,291,55,3.48,0.98,1038,1200,132,87.0,14,8,1431,1324.0,6236,49.71,4.0,2021,0.12716763005780346,0.10606060606060606,1.3786127167630058,1.1560693641618498,1.5172413793103448,EXHAUSTION,0.0,0.0,0.0,6,LOW (<15%),ACCELERATING (1.2-1.5),WEAK (1-2x),EXTREME (>1.0)
2021-05-21,217,40,3.06,0.98,1033,1170,122,107.0,17,7,1525,1365.0,6236,50.74,4.0,2021,0.1181026137463698,0.13934426229508196,1.4762826718296225,1.132623426911907,1.1401869158878504,EXHAUSTION,0.0,0.0,0.0,6,LOW (<15%),ACCELERATING (1.2-1.5),WEAK (1-2x),EXTREME (>1.0)
2021-05-24,159,132,2.32,1.33,1035,1125,118,162.0,14,8,1516,1236.0,6242,52.77,4.0,2021,0.11400966183574879,0.11864406779661017,1.4647342995169081,1.0869565217391304,0.7283950617283951,EXHAUSTION,0.0,0.0,0.0,6,LOW (<15%),ACCELERATING (1.2-1.5),NEGATIVE (<1x),EXTREME (>1.0)
2021-05-25,117,216,1.44,1.25,936,1109,91,162.0,16,10,1320,1328.0,6242,46.45,4.0,2021,0.09722222222222222,0.17582417582417584,1.4102564102564104,1.1848290598290598,0.5617283950617284,EXHAUSTION,0.0,0.0,0.0,4,NORMAL (15-25%),ACCELERATING (1.2-1.5),NEGATIVE (<1x),EXTREME (>1.0)
2021-05-26,387,36,2.44,2.05,1054,1027,95,137.0,19,9,1590,1149.0,6249,51.74,4.0,2021,0.09013282732447818,0.2,1.50853889943074,0.9743833017077799,0.6934306569343066,EXHAUSTION,0.0,0.0,0.0,4,NORMAL (15-25%),STRONG ACCEL (>1.5),NEGATIVE (<1x),HIGH (0.7-1.0)
2021-05-27,340,37,2.65,3.03,1163,946,117,94.0,20,7,1792,1011.0,6249,53.21,4.0,2021,0.10060189165950129,0.17094017094017094,1.5408426483233018,0.8134135855546002,1.2446808510638299,EXHAUSTION,0.0,0.0,0.0,5,NORMAL (15-25%),STRONG ACCEL (>1.5),WEAK (1-2x),HIGH (0.7-1.0)
2021-05-28,140,65,2.35,2.67,1171,932,140,90.0,24,8,1795,990.0,6255,53.67,4.0,2021,0.11955593509820667,0.17142857142857143,1.5328778821520068,0.7959009393680615,1.5555555555555556,EXHAUSTION,0.0,0.0,0.0,6,NORMAL (15-25%),STRONG ACCEL (>1.5),WEAK (1-2x),HIGH (0.7-1.0)
2021-06-01,428,74,3.3,2.79,1244,904,144,80.0,26,8,1947,907.0,6255,58.9,4.0,2021,0.1157556270096463,0.18055555555555555,1.565112540192926,0.7266881028938906,1.8,EXHAUSTION,0.0,0.0,0.0,6,NORMAL (15-25%),STRONG ACCEL (>1.5),WEAK (1-2x),HIGH (0.7-1.0)
2021-06-02,321,98,5.21,2.72,1301,836,178,56.0,45,7,1944,896.0,6255,57.84,4.0,2021,0.13681783243658724,0.25280898876404495,1.4942352036894697,0.6425826287471176,3.1785714285714284,EXHAUSTION,0.0,0.0,0.0,7,ELEVATED (25-35%),ACCELERATING (1.2-1.5),STRONG (3-5x),ELEVATED (0.5-0.7)
2021-06-03,160,167,3.15,2.78,1232,842,166,54.0,38,5,1887,962.0,6254,56.68,4.0,2021,0.13474025974025974,0.2289156626506024,1.531655844155844,0.6834415584415584,3.074074074074074,EXHAUSTION,0.0,0.0,0.0,7,NORMAL (15-25%),STRONG ACCEL (>1.5),STRONG (3-5x),ELEVATED (0.5-0.7)
2021-06-04,211,53,2.76,2.7,1292,812,191,43.0,41,6,1928,900.0,6254,57.08,4.0,2021,0.14783281733746131,0.21465968586387435,1.4922600619195046,0.628482972136223,4.441860465116279,EXHAUSTION,0.0,0.0,0.0,7,NORMAL (15-25%),ACCELERATING (1.2-1.5),STRONG (3-5x),ELEVATED (0.5-0.7)
2021-06-07,561,78,3.58,2.95,1381,728,215,41.0,49,3,2083,793.0,6255,58.43,4.0,2021,0.1556842867487328,0.22790697674418606,1.5083272990586531,0.5271542360608255,5.2439024390243905,NEUTRAL,0.0,0.0,0.0,8,NORMAL (15-25%),STRONG ACCEL (>1.5),VERY STRONG (>5x),ELEVATED (0.5-0.7)
2021-06-08,318,63,3.42,3.36,1444,674,325,28.0,82,3,2159,737.0,6261,62.01,4.0,2021,0.22506925207756232,0.2523076923076923,1.495152354570637,0.4667590027700831,11.607142857142858,NEUTRAL,0.0,0.0,0.0,9,ELEVATED (25-35%),ACCELERATING (1.2-1.5),VERY STRONG (>5x),MODERATE (0.3-0.5)
2021-06-09,194,92,3.19,4.01,1405,681,310,24.0,70,4,2104,792.0,6264,59.54,4.0,2021,0.2206405693950178,0.22580645161290322,1.497508896797153,0.48469750889679714,12.916666666666666,NEUTRAL,0.0,0.0,0.0,9,NORMAL (15-25%),ACCELERATING (1.2-1.5),VERY STRONG (>5x),MODERATE (0.3-0.5)
2021-06-10,106,67,3.94,3.5,1383,708,409,19.0,85,4,2084,823.0,6264,58.55,4.0,2021,0.2957339117859725,0.2078239608801956,1.5068691250903832,0.5119305856832972,21.526315789473685,MID_BULL,0.0,0.0,0.0,9,NORMAL (15-25%),STRONG ACCEL (>1.5),VERY STRONG (>5x),ELEVATED (0.5-0.7)
2021-06-11,173,52,3.84,3.23,1421,686,463,21.0,106,4,2100,778.0,6263,61.94,4.0,2021,0.32582688247712877,0.22894168466522677,1.477832512315271,0.4827586206896552,22.047619047619047,MID_BULL,0.0,0.0,0.0,9,NORMAL (15-25%),ACCELERATING (1.2-1.5),VERY STRONG (>5x),MODERATE (0.3-0.5)
2021-06-14,253,164,2.38,3.0,1425,661,341,24.0,73,4,2071,793.0,6263,58.67,4.0,2021,0.2392982456140351,0.21407624633431085,1.4533333333333334,0.463859649122807,14.208333333333334,NEUTRAL,0.0,0.0,0.0,9,NORMAL (15-25%),ACCELERATING (1.2-1.5),VERY STRONG (>5x),MODERATE (0.3-0.5)
2021-06-15,88,237,1.33,2.23,1309,729,291,24.0,54,3,1948,924.0,6263,58.69,4.0,2021,0.22230710466004583,0.18556701030927836,1.4881588999236057,0.5569136745607334,12.125,NEUTRAL,0.0,0.0,0.0,9,NORMAL (15-25%),ACCELERATING (1.2-1.5),VERY STRONG (>5x),ELEVATED (0.5-0.7)
2021-06-16,141,105,1.22,2.05,1327,698,259,32.0,47,6,1879,893.0,6277,54.95,4.0,2021,0.19517709118311982,0.18146718146718147,1.4159758854559157,0.5259984928409948,8.09375,NEUTRAL,0.0,0.0,0.0,9,NORMAL (15-25%),ACCELERATING (1.2-1.5),VERY STRONG (>5x),ELEVATED (0.5-0.7)
2021-06-17,149,452,0.8,1.61,1275,707,275,31.0,55,3,1783,1022.0,6274,46.58,4.0,2021,0.21568627450980393,0.2,1.3984313725490196,0.5545098039215687,8.870967741935484,NEUTRAL,0.0,0.0,0.0,9,NORMAL (15-25%),ACCELERATING (1.2-1.5),VERY STRONG (>5x),ELEVATED (0.5-0.7)
2021-06-18,101,521,0.49,1.14,1132,734,198,40.0,36,5,1596,1307.0,6277,37.07,4.0,2021,0.17491166077738515,0.18181818181818182,1.4098939929328622,0.6484098939929329,4.95,NEUTRAL,0.0,0.0,0.0,8,NORMAL (15-25%),ACCELERATING (1.2-1.5),STRONG (3-5x),ELEVATED (0.5-0.7)
2021-06-21,123,92,0.43,0.89,1214,712,202,40.0,35,4,1685,1079.0,6281,45.51,4.0,2021,0.16639209225700163,0.17326732673267325,1.387973640856672,0.586490939044481,5.05,NEUTRAL,0.0,0.0,0.0,8,NORMAL (15-25%),ACCELERATING (1.2-1.5),VERY STRONG (>5x),ELEVATED (0.5-0.7)
2021-06-22,160,89,0.54,0.8,1238,700,194,34.0,29,4,1639,1055.0,6281,45.22,4.0,2021,0.1567043618739903,0.14948453608247422,1.3239095315024232,0.5654281098546042,5.705882352941177,NEUTRAL,0.0,0.0,0.0,8,LOW (<15%),ACCELERATING (1.2-1.5),VERY STRONG (>5x),ELEVATED (0.5-0.7)
2021-06-23,265,43,0.67,0.86,1306,578,238,27.0,41,5,1703,945.0,6297,44.37,4.0,2021,0.18223583460949463,0.1722689075630252,1.3039816232771821,0.442572741194487,8.814814814814815,NEUTRAL,0.0,0.0,0.0,8,NORMAL (15-25%),ACCELERATING (1.2-1.5),VERY STRONG (>5x),MODERATE (0.3-0.5)
2021-06-24,332,41,1.25,0.99,1399,504,212,26.0,33,4,1839,808.0,6297,48.77,4.0,2021,0.15153681200857755,0.15566037735849056,1.3145103645461043,0.36025732666190136,8.153846153846153,NEUTRAL,0.0,0.0,0.0,8,NORMAL (15-25%),ACCELERATING (1.2-1.5),VERY STRONG (>5x),MODERATE (0.3-0.5)
2021-06-25,253,168,2.62,0.98,1388,505,170,33.0,26,3,1865,791.0,6297,50.59,4.0,2021,0.12247838616714697,0.15294117647058825,1.3436599423631124,0.3638328530259366,5.151515151515151,EXHAUSTION,0.0,0.0,0.0,6,NORMAL (15-25%),ACCELERATING (1.2-1.5),VERY STRONG (>5x),MODERATE (0.3-0.5)
2021-06-28,116,88,2.62,0.94,1333,497,187,26.0,28,2,1784,864.0,6312,44.9,4.0,2021,0.14028507126781695,0.1497326203208556,1.3383345836459115,0.37284321080270066,7.1923076923076925,EXHAUSTION,0.0,0.0,0.0,7,LOW (<15%),ACCELERATING (1.2-1.5),VERY STRONG (>5x),MODERATE (0.3-0.5)
2021-06-29,134,159,2.2,1.01,1268,532,156,39.0,24,4,1728,956.0,6312,42.75,4.0,2021,0.12302839116719243,0.15384615384615385,1.362776025236593,0.4195583596214511,4.0,EXHAUSTION,0.0,0.0,0.0,6,NORMAL (15-25%),ACCELERATING (1.2-1.5),STRONG (3-5x),MODERATE (0.3-0.5)
2021-06-30,196,142,1.72,1.02,1237,544,125,38.0,30,3,1630,958.0,6330,43.8,4.0,2021,0.10105092966855295,0.24,1.3177041228779305,0.4397736459175424,3.289473684210526,EXHAUSTION,0.0,0.0,0.0,5,NORMAL (15-25%),ACCELERATING (1.2-1.5),STRONG (3-5x),MODERATE (0.3-0.5)
2021-07-01,161,92,1.33,1.28,1239,527,144,40.0,27,4,1546,916.0,6330,48.14,4.0,2021,0.1162227602905569,0.1875,1.247780468119451,0.42534301856335754,3.6,EXHAUSTION,0.0,0.0,0.0,6,NORMAL (15-25%),ACCELERATING (1.2-1.5),STRONG (3-5x),MODERATE (0.3-0.5)
2021-07-02,80,141,1.1,1.73,1161,586,123,45.0,27,5,1401,1070.0,6330,48.12,4.0,2021,0.10594315245478036,0.21951219512195122,1.20671834625323,0.5047372954349698,2.7333333333333334,EXHAUSTION,0.0,0.0,0.0,5,NORMAL (15-25%),ACCELERATING (1.2-1.5),MODERATE (2-3x),ELEVATED (0.5-0.7)
2021-07-06,103,371,0.74,1.35,1073,648,100,71.0,20,9,1249,1364.0,6324,41.54,4.0,2021,0.09319664492078285,0.2,1.1640260950605779,0.6039142590866728,1.408450704225352,EXHAUSTION,0.0,0.0,0.0,4,NORMAL (15-25%),SLIGHT ACCEL (1.0-1.2),WEAK (1-2x),ELEVATED (0.5-0.7)
2021-07-07,85,354,0.57,1.08,957,755,78,111.0,18,11,1096,1593.0,6324,41.22,4.0,2021,0.08150470219435736,0.23076923076923078,1.1452455590386625,0.7889237199582028,0.7027027027027027,EXHAUSTION,0.0,0.0,0.0,3,NORMAL (15-25%),SLIGHT ACCEL (1.0-1.2),NEGATIVE (<1x),HIGH (0.7-1.0)
2021-07-08,107,167,0.48,0.91,927,747,77,105.0,18,11,985,1747.0,6324,35.0,4.0,2021,0.08306364617044229,0.23376623376623376,1.0625674217907228,0.8058252427184466,0.7333333333333333,EXHAUSTION,0.0,0.0,0.0,3,NORMAL (15-25%),SLIGHT ACCEL (1.0-1.2),NEGATIVE (<1x),HIGH (0.7-1.0)
2021-07-09,272,25,0.61,0.88,1032,626,81,73.0,19,10,1136,1377.0,6334,43.91,4.0,2021,0.07848837209302326,0.2345679012345679,1.1007751937984496,0.6065891472868217,1.1095890410958904,EXHAUSTION,0.0,0.0,0.0,3,NORMAL (15-25%),SLIGHT ACCEL (1.0-1.2),WEAK (1-2x),ELEVATED (0.5-0.7)
2021-07-12,141,107,0.69,0.85,1054,653,73,74.0,17,11,1112,1360.0,6334,45.56,4.0,2021,0.06925996204933586,0.2328767123287671,1.0550284629981024,0.6195445920303605,0.9864864864864865,EXHAUSTION,0.0,0.0,0.0,2,NORMAL (15-25%),SLIGHT ACCEL (1.0-1.2),NEGATIVE (<1x),ELEVATED (0.5-0.7)
2021-07-13,85,330,0.7,0.72,921,745,56,97.0,19,11,965,1619.0,6341,37.63,4.0,2021,0.06080347448425624,0.3392857142857143,1.0477741585233442,0.8089033659066233,0.5773195876288659,EXHAUSTION,0.0,0.0,0.0,1,ELEVATED (25-35%),SLIGHT ACCEL (1.0-1.2),NEGATIVE (<1x),HIGH (0.7-1.0)
2021-07-14,52,495,0.58,0.58,801,876,56,111.0,16,13,695,1872.0,6353,34.57,4.0,2021,0.06991260923845194,0.2857142857142857,0.867665418227216,1.0936329588014981,0.5045045045045045,EXHAUSTION,0.0,0.0,0.0,2,ELEVATED (25-35%),FLAT (0.8-1.0),NEGATIVE (<1x),EXTREME (>1.0)
2021-07-15,78,182,0.55,0.51,755,931,48,140.0,12,14,619,1972.0,6354,31.9,4.0,2021,0.06357615894039735,0.25,0.8198675496688742,1.2331125827814569,0.34285714285714286,EXHAUSTION,0.0,0.0,0.0,1,NORMAL (15-25%),FLAT (0.8-1.0),NEGATIVE (<1x),EXTREME (>1.0)
2021-07-16,68,298,0.3,0.43,675,1045,42,161.0,15,11,557,2174.0,6362,29.16,4.0,2021,0.06222222222222222,0.35714285714285715,0.8251851851851851,1.548148148148148,0.2608695652173913,EXHAUSTION,0.0,0.0,0.0,1,HIGH (35-50%),FLAT (0.8-1.0),NEGATIVE (<1x),EXTREME (>1.0)
2021-07-19,135,497,0.23,0.4,614,1144,43,147.0,15,9,479,2448.0,6362,20.71,4.0,2021,0.07003257328990228,0.3488372093023256,0.7801302931596091,1.8631921824104234,0.2925170068027211,EXHAUSTION,0.0,0.0,0.0,2,ELEVATED (25-35%),DECELERATING (<0.8),NEGATIVE (<1x),EXTREME (>1.0)
2021-07-20,429,39,0.5,0.58,747,966,53,125.0,15,11,615,2008.0,6365,29.19,4.0,2021,0.07095046854082998,0.2830188679245283,0.8232931726907631,1.2931726907630523,0.424,EXHAUSTION,0.0,0.0,0.0,2,ELEVATED (25-35%),FLAT (0.8-1.0),NEGATIVE (<1x),EXTREME (>1.0)
2021-07-21,335,34,1.0,0.78,860,815,59,88.0,15,7,771,1741.0,6369,33.79,4.0,2021,0.0686046511627907,0.2542372881355932,0.8965116279069767,0.9476744186046512,0.6704545454545454,EXHAUSTION,0.0,0.0,0.0,2,ELEVATED (25-35%),FLAT (0.8-1.0),NEGATIVE (<1x),HIGH (0.7-1.0)
2021-07-22,97,173,1.02,0.78,787,916,57,130.0,17,10,683,1922.0,6375,29.83,4.0,2021,0.0724269377382465,0.2982456140350877,0.8678526048284625,1.1639135959339264,0.43846153846153846,EXHAUSTION,0.0,0.0,0.0,2,ELEVATED (25-35%),FLAT (0.8-1.0),NEGATIVE (<1x),EXTREME (>1.0)
2021-07-23,81,223,1.11,0.63,780,994,55,192.0,18,13,688,1895.0,6375,33.37,4.0,2021,0.07051282051282051,0.32727272727272727,0.882051282051282,1.2743589743589743,0.2864583333333333,EXHAUSTION,0.0,0.0,0.0,2,ELEVATED (25-35%),FLAT (0.8-1.0),NEGATIVE (<1x),EXTREME (>1.0)
2021-07-26,197,162,1.81,0.64,763,1006,55,206.0,17,17,697,1837.0,6377,33.55,4.0,2021,0.07208387942332896,0.3090909090909091,0.9134993446920052,1.3184796854521625,0.2669902912621359,EXHAUSTION,0.0,0.0,0.0,2,ELEVATED (25-35%),FLAT (0.8-1.0),NEGATIVE (<1x),EXTREME (>1.0)
2021-07-27,72,284,0.89,0.65,685,1095,38,252.0,10,22,578,1944.0,6377,32.45,4.0,2021,0.05547445255474453,0.2631578947368421,0.8437956204379562,1.5985401459854014,0.15079365079365079,EXHAUSTION,0.0,0.0,0.0,1,ELEVATED (25-35%),FLAT (0.8-1.0),NEGATIVE (<1x),EXTREME (>1.0)
2021-07-28,312,46,0.85,0.93,764,972,45,161.0,13,16,719,1718.0,6377,33.57,4.0,2021,0.058900523560209424,0.28888888888888886,0.9410994764397905,1.2722513089005236,0.2795031055900621,EXHAUSTION,0.0,0.0,0.0,1,ELEVATED (25-35%),FLAT (0.8-1.0),NEGATIVE (<1x),EXTREME (>1.0)
2021-07-29,229,106,1.09,1.05,788,976,46,173.0,8,16,824,1659.0,6407,39.27,4.0,2021,0.0583756345177665,0.17391304347826086,1.0456852791878173,1.2385786802030456,0.2658959537572254,EXHAUSTION,0.0,0.0,0.0,1,NORMAL (15-25%),SLIGHT ACCEL (1.0-1.2),NEGATIVE (<1x),EXTREME (>1.0)
2021-07-30,107,156,1.22,1.16,739,1014,41,185.0,10,20,763,1733.0,6407,37.55,4.0,2021,0.05548037889039242,0.24390243902439024,1.0324763193504736,1.3721244925575102,0.22162162162162163,EXHAUSTION,0.0,0.0,0.0,1,NORMAL (15-25%),SLIGHT ACCEL (1.0-1.2),NEGATIVE (<1x),EXTREME (>1.0)
2021-08-02,157,86,1.29,1.54,770,996,44,159.0,10,17,784,1738.0,6407,36.41,4.0,2021,0.05714285714285714,0.22727272727272727,1.018181818181818,1.2935064935064935,0.27672955974842767,EXHAUSTION,0.0,0.0,0.0,1,NORMAL (15-25%),SLIGHT ACCEL (1.0-1.2),NEGATIVE (<1x),EXTREME (>1.0)
2021-08-03,164,229,1.56,1.17,751,1032,50,146.0,13,18,846,1737.0,6417,39.13,4.0,2021,0.06657789613848203,0.26,1.126498002663116,1.374167776298269,0.3424657534246575,EXHAUSTION,0.0,0.0,0.0,2,ELEVATED (25-35%),SLIGHT ACCEL (1.0-1.2),NEGATIVE (<1x),EXTREME (>1.0)
2021-08-04,156,318,0.91,0.88,715,1085,59,154.0,16,18,792,1806.0,6424,34.3,4.0,2021,0.08251748251748252,0.2711864406779661,1.1076923076923078,1.5174825174825175,0.38311688311688313,EXHAUSTION,0.0,0.0,0.0,3,ELEVATED (25-35%),SLIGHT ACCEL (1.0-1.2),NEGATIVE (<1x),EXTREME (>1.0)
2021-08-05,413,109,1.11,1.1,798,989,85,125.0,21,18,980,1627.0,6427,39.86,4.0,2021,0.10651629072681704,0.24705882352941178,1.2280701754385965,1.2393483709273183,0.68,EXHAUSTION,0.0,0.0,0.0,5,NORMAL (15-25%),ACCELERATING (1.2-1.5),NEGATIVE (<1x),EXTREME (>1.0)
2021-08-06,216,124,1.28,1.25,806,959,63,148.0,18,20,1033,1600.0,6432,42.86,4.0,2021,0.07816377171215881,0.2857142857142857,1.281637717121588,1.1898263027295286,0.42567567567567566,EXHAUSTION,0.0,0.0,0.0,3,ELEVATED (25-35%),ACCELERATING (1.2-1.5),NEGATIVE (<1x),EXTREME (>1.0)
2021-08-09,259,127,1.33,1.32,824,954,75,144.0,19,22,1060,1585.0,6432,40.59,4.0,2021,0.09101941747572816,0.25333333333333335,1.2864077669902914,1.1577669902912622,0.5208333333333334,EXHAUSTION,0.0,0.0,0.0,4,ELEVATED (25-35%),ACCELERATING (1.2-1.5),NEGATIVE (<1x),EXTREME (>1.0)
2021-08-10,256,211,1.46,1.5,811,949,95,135.0,25,23,1144,1580.0,6432,43.19,4.0,2021,0.11713933415536375,0.2631578947368421,1.4106041923551171,1.1701602959309494,0.7037037037037037,EXHAUSTION,0.0,0.0,0.0,6,ELEVATED (25-35%),ACCELERATING (1.2-1.5),NEGATIVE (<1x),EXTREME (>1.0)
2021-08-11,143,152,1.78,1.3,822,950,126,111.0,28,21,1235,1549.0,6446,46.44,4.0,2021,0.15328467153284672,0.2222222222222222,1.502433090024331,1.1557177615571776,1.135135135135135,NEUTRAL,0.0,0.0,0.0,8,NORMAL (15-25%),STRONG ACCEL (>1.5),WEAK (1-2x),EXTREME (>1.0)
2021-08-12,155,192,1.28,1.19,822,969,129,107.0,31,24,1205,1555.0,6452,45.49,4.0,2021,0.15693430656934307,0.24031007751937986,1.4659367396593674,1.1788321167883211,1.205607476635514,NEUTRAL,0.0,0.0,0.0,8,NORMAL (15-25%),ACCELERATING (1.2-1.5),WEAK (1-2x),EXTREME (>1.0)
2021-08-13,85,303,0.91,1.08,721,1062,141,130.0,28,26,1080,1606.0,6455,44.93,4.0,2021,0.1955617198335645,0.19858156028368795,1.4979195561719834,1.4729542302357836,1.0846153846153845,NEUTRAL,0.0,0.0,0.0,9,NORMAL (15-25%),ACCELERATING (1.2-1.5),WEAK (1-2x),EXTREME (>1.0)
2021-08-16,63,420,0.55,0.87,631,1185,143,134.0,21,22,970,1730.0,6455,42.7,4.0,2021,0.2266244057052298,0.14685314685314685,1.537242472266244,1.87797147385103,1.0671641791044777,NEUTRAL,0.0,0.0,0.0,9,LOW (<15%),STRONG ACCEL (>1.5),WEAK (1-2x),EXTREME (>1.0)
2021-08-17,104,397,0.38,0.79,536,1281,71,171.0,19,22,811,1866.0,6456,36.99,4.0,2021,0.13246268656716417,0.2676056338028169,1.5130597014925373,2.389925373134328,0.4152046783625731,EXHAUSTION,0.0,0.0,0.0,7,ELEVATED (25-35%),STRONG ACCEL (>1.5),NEGATIVE (<1x),EXTREME (>1.0)
2021-08-18,145,105,0.39,0.86,519,1299,59,209.0,15,22,771,1880.0,6455,31.91,4.0,2021,0.11368015414258188,0.2542372881355932,1.4855491329479769,2.5028901734104045,0.2822966507177033,EXHAUSTION,0.0,0.0,0.0,6,ELEVATED (25-35%),ACCELERATING (1.2-1.5),NEGATIVE (<1x),EXTREME (>1.0)
2021-08-19,74,484,0.28,0.6,472,1417,56,223.0,16,25,685,2007.0,6457,28.88,4.0,2021,0.11864406779661017,0.2857142857142857,1.451271186440678,3.0021186440677967,0.25112107623318386,EXHAUSTION,0.0,0.0,0.0,6,ELEVATED (25-35%),ACCELERATING (1.2-1.5),NEGATIVE (<1x),EXTREME (>1.0)
2021-08-20,245,64,0.43,0.62,500,1329,67,174.0,19,23,829,1813.0,6460,33.37,4.0,2021,0.134,0.2835820895522388,1.658,2.658,0.3850574712643678,EXHAUSTION,0.0,0.0,0.0,7,ELEVATED (25-35%),STRONG ACCEL (>1.5),NEGATIVE (<1x),EXTREME (>1.0)
2021-08-23,605,27,1.09,0.8,593,1186,104,127.0,25,16,1099,1530.0,6460,38.32,4.0,2021,0.17537942664418213,0.2403846153846154,1.8532883642495783,2.0,0.8188976377952756,NEUTRAL,0.0,0.0,0.0,8,NORMAL (15-25%),STRONG ACCEL (>1.5),NEGATIVE (<1x),EXTREME (>1.0)
2021-08-24,389,35,2.04,0.92,661,1096,142,75.0,35,16,1387,1357.0,6464,42.1,4.0,2021,0.21482602118003025,0.24647887323943662,2.098335854765507,1.6580937972768532,1.8933333333333333,NEUTRAL,0.0,0.0,0.0,9,NORMAL (15-25%),STRONG ACCEL (>1.5),WEAK (1-2x),EXTREME (>1.0)
2021-08-25,187,71,2.2,0.98,723,1079,122,113.0,34,14,1514,1335.0,6464,44.93,4.0,2021,0.16874135546334718,0.2786885245901639,2.0940525587828493,1.4923928077455049,1.079646017699115,NEUTRAL,0.0,0.0,0.0,8,ELEVATED (25-35%),STRONG ACCEL (>1.5),WEAK (1-2x),EXTREME (>1.0)
2021-08-26,116,99,5.21,1.0,670,1110,117,120.0,32,14,1354,1382.0,6462,40.27,4.0,2021,0.1746268656716418,0.27350427350427353,2.02089552238806,1.6567164179104477,0.975,NEUTRAL,0.0,0.0,0.0,8,ELEVATED (25-35%),STRONG ACCEL (>1.5),NEGATIVE (<1x),EXTREME (>1.0)
2021-08-27,643,44,7.03,1.47,799,997,170,91.0,39,13,1820,1082.0,6465,52.48,4.0,2021,0.2127659574468085,0.22941176470588234,2.2778473091364204,1.2478097622027535,1.8681318681318682,NEUTRAL,0.0,0.0,0.0,9,NORMAL (15-25%),STRONG ACCEL (>1.5),WEAK (1-2x),EXTREME (>1.0)
2021-08-30,165,91,4.41,1.89,805,1007,160,93.0,31,11,1755,1046.0,6464,49.28,4.0,2021,0.19875776397515527,0.19375,2.1801242236024843,1.2509316770186336,1.7204301075268817,NEUTRAL,0.0,0.0,0.0,9,NORMAL (15-25%),STRONG ACCEL (>1.5),WEAK (1-2x),EXTREME (>1.0)
2021-08-31,280,59,3.82,2.64,859,947,172,80.0,34,8,1896,969.0,6469,49.98,4.0,2021,0.20023282887077998,0.19767441860465115,2.207217694994179,1.1024447031431897,2.15,NEUTRAL,0.0,0.0,0.0,9,NORMAL (15-25%),STRONG ACCEL (>1.5),MODERATE (2-3x),EXTREME (>1.0)
2021-09-01,210,50,4.12,2.85,913,915,200,60.0,40,5,1988,894.0,6464,52.44,4.0,2021,0.21905805038335158,0.2,2.177437020810515,1.0021905805038336,3.3333333333333335,NEUTRAL,0.0,0.0,0.0,9,NORMAL (15-25%),STRONG ACCEL (>1.5),STRONG (3-5x),EXTREME (>1.0)
2021-09-02,268,62,5.12,5.16,997,863,184,60.0,33,5,2112,835.0,6464,56.85,4.0,2021,0.18455366098294884,0.1793478260869565,2.118355065195587,0.8655967903711134,3.066666666666667,NEUTRAL,0.0,0.0,0.0,8,NORMAL (15-25%),STRONG ACCEL (>1.5),STRONG (3-5x),HIGH (0.7-1.0)
2021-09-03,123,107,2.83,4.63,985,893,182,56.0,36,6,1852,890.0,6467,54.94,4.0,2021,0.1847715736040609,0.1978021978021978,1.8802030456852792,0.9065989847715736,3.25,NEUTRAL,0.0,0.0,0.0,8,NORMAL (15-25%),STRONG ACCEL (>1.5),STRONG (3-5x),HIGH (0.7-1.0)
2021-09-07,202,208,2.23,3.13,935,916,180,65.0,33,6,1739,985.0,6464,48.78,4.0,2021,0.1925133689839572,0.18333333333333332,1.8598930481283422,0.9796791443850268,2.769230769230769,NEUTRAL,0.0,0.0,0.0,9,NORMAL (15-25%),STRONG ACCEL (>1.5),MODERATE (2-3x),HIGH (0.7-1.0)
2021-09-08,67,285,1.22,2.1,814,998,144,72.0,30,5,1544,1111.0,6468,45.04,4.0,2021,0.1769041769041769,0.20833333333333334,1.8968058968058967,1.2260442260442261,2.0,NEUTRAL,0.0,0.0,0.0,8,NORMAL (15-25%),STRONG ACCEL (>1.5),WEAK (1-2x),EXTREME (>1.0)
2021-09-09,177,65,1.15,2.1,858,953,154,59.0,35,5,1561,1044.0,6471,44.09,4.0,2021,0.1794871794871795,0.22727272727272727,1.8193473193473193,1.1107226107226107,2.610169491525424,NEUTRAL,0.0,0.0,0.0,8,NORMAL (15-25%),STRONG ACCEL (>1.5),MODERATE (2-3x),EXTREME (>1.0)
2021-09-10,151,162,0.87,2.02,848,996,140,49.0,34,4,1437,1142.0,6476,39.27,4.0,2021,0.1650943396226415,0.24285714285714285,1.6945754716981132,1.1745283018867925,2.857142857142857,NEUTRAL,0.0,0.0,0.0,8,NORMAL (15-25%),STRONG ACCEL (>1.5),MODERATE (2-3x),EXTREME (>1.0)
2021-09-13,236,192,0.91,1.47,828,979,147,52.0,36,5,1412,1158.0,6478,45.43,4.0,2021,0.17753623188405798,0.24489795918367346,1.7053140096618358,1.182367149758454,2.826923076923077,NEUTRAL,0.0,0.0,0.0,8,NORMAL (15-25%),STRONG ACCEL (>1.5),MODERATE (2-3x),EXTREME (>1.0)
2021-09-14,68,294,0.7,1.2,731,1055,163,44.0,34,6,1243,1364.0,6478,39.55,4.0,2021,0.22298221614227087,0.2085889570552147,1.7004103967168263,1.4432284541723666,3.7045454545454546,NEUTRAL,0.0,0.0,0.0,9,NORMAL (15-25%),STRONG ACCEL (>1.5),STRONG (3-5x),EXTREME (>1.0)
2021-09-15,278,87,1.14,1.18,799,999,208,36.0,38,6,1311,1257.0,6488,44.56,4.0,2021,0.26032540675844806,0.18269230769230768,1.6408010012515644,1.2503128911138923,5.777777777777778,MID_BULL,0.0,0.0,0.0,9,NORMAL (15-25%),STRONG ACCEL (>1.5),VERY STRONG (>5x),EXTREME (>1.0)
2021-09-16,192,88,1.12,1.14,841,985,233,38.0,43,9,1316,1230.0,6488,43.41,4.0,2021,0.27705112960760997,0.18454935622317598,1.5648038049940547,1.1712247324613556,6.131578947368421,MID_BULL,0.0,0.0,0.0,9,NORMAL (15-25%),STRONG ACCEL (>1.5),VERY STRONG (>5x),EXTREME (>1.0)
2021-09-17,329,218,1.25,1.07,850,937,280,29.0,56,7,1330,1216.0,6486,39.81,4.0,2021,0.32941176470588235,0.2,1.5647058823529412,1.1023529411764705,9.655172413793103,MID_BULL,0.0,0.0,0.0,9,NORMAL (15-25%),STRONG ACCEL (>1.5),VERY STRONG (>5x),EXTREME (>1.0)
2021-09-20,23,415,0.81,0.86,681,1084,175,37.0,33,12,1016,1613.0,6493,29.19,4.0,2021,0.25697503671071953,0.18857142857142858,1.4919236417033774,1.591776798825257,4.72972972972973,MID_BULL,0.0,0.0,0.0,9,NORMAL (15-25%),ACCELERATING (1.2-1.5),STRONG (3-5x),EXTREME (>1.0)
2021-09-21,149,64,1.11,0.89,716,1062,133,49.0,32,10,1082,1560.0,6495,31.59,4.0,2021,0.1857541899441341,0.24060150375939848,1.511173184357542,1.4832402234636872,2.7142857142857144,NEUTRAL,0.0,0.0,0.0,9,NORMAL (15-25%),STRONG ACCEL (>1.5),MODERATE (2-3x),EXTREME (>1.0)
2021-09-22,282,55,1.16,1.15,792,991,129,60.0,31,12,1196,1366.0,6502,38.73,4.0,2021,0.16287878787878787,0.24031007751937986,1.5101010101010102,1.2512626262626263,2.15,NEUTRAL,0.0,0.0,0.0,8,NORMAL (15-25%),STRONG ACCEL (>1.5),MODERATE (2-3x),EXTREME (>1.0)
2021-09-23,380,57,1.44,1.28,898,922,144,46.0,35,13,1369,1150.0,6507,46.52,4.0,2021,0.1603563474387528,0.24305555555555555,1.524498886414254,1.0267260579064588,3.130434782608696,NEUTRAL,0.0,0.0,0.0,8,NORMAL (15-25%),STRONG ACCEL (>1.5),STRONG (3-5x),EXTREME (>1.0)
2021-09-24,105,166,1.24,1.25,892,955,147,59.0,34,11,1333,1201.0,6513,45.86,4.0,2021,0.1647982062780269,0.23129251700680273,1.4943946188340806,1.0706278026905829,2.4915254237288136,NEUTRAL,0.0,0.0,0.0,8,NORMAL (15-25%),ACCELERATING (1.2-1.5),MODERATE (2-3x),EXTREME (>1.0)
2021-09-27,489,100,3.18,1.49,988,859,133,69.0,27,10,1525,1061.0,6519,49.46,4.0,2021,0.1346153846153846,0.20300751879699247,1.5435222672064777,0.8694331983805668,1.9275362318840579,EXHAUSTION,0.0,0.0,0.0,7,NORMAL (15-25%),STRONG ACCEL (>1.5),WEAK (1-2x),HIGH (0.7-1.0)
2021-09-28,73,505,1.51,1.31,842,940,117,87.0,20,12,1254,1302.0,6524,42.49,4.0,2021,0.13895486935866982,0.17094017094017094,1.489311163895487,1.1163895486935866,1.3448275862068966,EXHAUSTION,0.0,0.0,0.0,7,NORMAL (15-25%),ACCELERATING (1.2-1.5),WEAK (1-2x),EXTREME (>1.0)
2021-09-29,98,257,1.06,1.1,793,998,91,109.0,16,13,1183,1408.0,6530,43.36,4.0,2021,0.11475409836065574,0.17582417582417584,1.4918032786885247,1.2585119798234552,0.8348623853211009,EXHAUSTION,0.0,0.0,0.0,6,NORMAL (15-25%),ACCELERATING (1.2-1.5),NEGATIVE (<1x),EXTREME (>1.0)
2021-09-30,176,193,0.77,1.04,774,974,91,110.0,15,14,1122,1401.0,6543,37.91,4.0,2021,0.11757105943152454,0.16483516483516483,1.449612403100775,1.2583979328165376,0.8272727272727273,EXHAUSTION,0.0,0.0,0.0,6,NORMAL (15-25%),ACCELERATING (1.2-1.5),NEGATIVE (<1x),EXTREME (>1.0)
2021-10-01,285,112,0.96,1.07,848,928,91,123.0,12,14,1319,1296.0,6545,44.62,4.0,2021,0.10731132075471699,0.13186813186813187,1.5554245283018868,1.0943396226415094,0.7398373983739838,EXHAUSTION,0.0,0.0,0.0,5,LOW (<15%),STRONG ACCEL (>1.5),NEGATIVE (<1x),EXTREME (>1.0)
2021-10-04,109,455,0.49,1.09,768,995,91,164.0,17,17,1152,1509.0,6549,43.12,4.0,2021,0.11848958333333333,0.18681318681318682,1.5,1.2955729166666667,0.5548780487804879,EXHAUSTION,0.0,0.0,0.0,6,NORMAL (15-25%),ACCELERATING (1.2-1.5),NEGATIVE (<1x),EXTREME (>1.0)
2021-10-05,129,131,0.69,1.05,798,969,95,142.0,16,15,1170,1463.0,6553,43.38,4.0,2021,0.11904761904761904,0.16842105263157894,1.4661654135338347,1.2142857142857142,0.6690140845070423,EXHAUSTION,0.0,0.0,0.0,6,NORMAL (15-25%),ACCELERATING (1.2-1.5),NEGATIVE (<1x),EXTREME (>1.0)
2021-10-06,99,199,0.73,0.89,756,994,100,136.0,14,15,1129,1556.0,6558,43.47,4.0,2021,0.13227513227513227,0.14,1.4933862433862435,1.3148148148148149,0.7352941176470589,EXHAUSTION,0.0,0.0,0.0,7,LOW (<15%),ACCELERATING (1.2-1.5),NEGATIVE (<1x),EXTREME (>1.0)
2021-10-07,298,48,0.97,0.86,832,918,101,125.0,18,18,1173,1402.0,6561,49.82,4.0,2021,0.12139423076923077,0.1782178217821782,1.4098557692307692,1.1033653846153846,0.808,EXHAUSTION,0.0,0.0,0.0,6,NORMAL (15-25%),ACCELERATING (1.2-1.5),NEGATIVE (<1x),EXTREME (>1.0)
2021-10-08,119,133,0.78,0.88,805,957,119,143.0,18,19,1055,1508.0,6567,47.7,4.0,2021,0.14782608695652175,0.15126050420168066,1.31055900621118,1.1888198757763975,0.8321678321678322,EXHAUSTION,0.0,0.0,0.0,7,NORMAL (15-25%),ACCELERATING (1.2-1.5),NEGATIVE (<1x),EXTREME (>1.0)
2021-10-11,140,132,1.22,0.7,801,956,109,134.0,14,16,992,1557.0,6565,47.03,4.0,2021,0.13607990012484394,0.12844036697247707,1.2384519350811485,1.1935081148564295,0.8134328358208955,EXHAUSTION,0.0,0.0,0.0,7,LOW (<15%),ACCELERATING (1.2-1.5),NEGATIVE (<1x),EXTREME (>1.0)
2021-10-12,242,69,1.55,0.98,856,880,128,101.0,14,12,1087,1468.0,6570,49.59,4.0,2021,0.14953271028037382,0.109375,1.269859813084112,1.02803738317757,1.2673267326732673,EXHAUSTION,0.0,0.0,0.0,8,LOW (<15%),ACCELERATING (1.2-1.5),WEAK (1-2x),EXTREME (>1.0)
2021-10-13,277,85,2.3,1.2,907,810,98,88.0,11,8,1147,1380.0,6574,51.64,4.0,2021,0.10804851157662625,0.11224489795918367,1.264608599779493,0.8930540242557883,1.1136363636363635,EXHAUSTION,0.0,0.0,0.0,5,LOW (<15%),ACCELERATING (1.2-1.5),WEAK (1-2x),HIGH (0.7-1.0)
2021-10-14,207,66,2.03,1.33,969,775,107,88.0,11,10,1288,1308.0,6586,58.62,4.0,2021,0.11042311661506708,0.102803738317757,1.329205366357069,0.7997936016511867,1.2159090909090908,EXHAUSTION,0.0,0.0,0.0,5,LOW (<15%),ACCELERATING (1.2-1.5),WEAK (1-2x),HIGH (0.7-1.0)
2021-10-15,138,116,2.15,1.23,941,780,124,94.0,14,9,1262,1326.0,6586,57.13,4.0,2021,0.13177470775770456,0.11290322580645161,1.341126461211477,0.8289054197662061,1.3191489361702127,EXHAUSTION,0.0,0.0,0.0,7,LOW (<15%),ACCELERATING (1.2-1.5),WEAK (1-2x),HIGH (0.7-1.0)
2021-10-18,151,141,2.13,1.61,928,810,184,76.0,26,8,1238,1338.0,6590,57.03,4.0,2021,0.19827586206896552,0.14130434782608695,1.334051724137931,0.8728448275862069,2.4210526315789473,NEUTRAL,0.0,0.0,0.0,9,LOW (<15%),ACCELERATING (1.2-1.5),MODERATE (2-3x),HIGH (0.7-1.0)
2021-10-19,229,68,2.11,1.8,918,773,184,77.0,24,13,1326,1256.0,6591,58.79,4.0,2021,0.20043572984749455,0.13043478260869565,1.4444444444444444,0.8420479302832244,2.3896103896103895,NEUTRAL,0.0,0.0,0.0,9,LOW (<15%),ACCELERATING (1.2-1.5),MODERATE (2-3x),HIGH (0.7-1.0)
2021-10-20,208,78,1.99,2.15,955,748,147,76.0,21,11,1444,1198.0,6601,62.47,4.0,2021,0.15392670157068064,0.14285714285714285,1.5120418848167538,0.7832460732984293,1.9342105263157894,NEUTRAL,0.0,0.0,0.0,8,LOW (<15%),STRONG ACCEL (>1.5),WEAK (1-2x),HIGH (0.7-1.0)
2021-10-21,157,118,1.69,1.86,954,733,91,91.0,18,9,1487,1165.0,6611,62.66,4.0,2021,0.09538784067085954,0.1978021978021978,1.5587002096436058,0.7683438155136268,1.0,EXHAUSTION,0.0,0.0,0.0,4,NORMAL (15-25%),STRONG ACCEL (>1.5),NEGATIVE (<1x),HIGH (0.7-1.0)
2021-10-22,115,289,1.24,1.6,912,811,102,92.0,19,9,1443,1237.0,6614,60.82,4.0,2021,0.1118421052631579,0.18627450980392157,1.582236842105263,0.8892543859649122,1.108695652173913,EXHAUSTION,0.0,0.0,0.0,5,NORMAL (15-25%),STRONG ACCEL (>1.5),WEAK (1-2x),HIGH (0.7-1.0)
2021-10-25,292,74,1.6,1.83,989,764,91,86.0,21,10,1590,1104.0,6617,64.46,4.0,2021,0.09201213346814964,0.23076923076923078,1.6076845298281093,0.7724974721941354,1.058139534883721,EXHAUSTION,0.0,0.0,0.0,4,NORMAL (15-25%),STRONG ACCEL (>1.5),WEAK (1-2x),HIGH (0.7-1.0)
2021-10-26,170,176,1.28,1.61,963,787,119,76.0,24,10,1513,1189.0,6625,61.92,4.0,2021,0.12357217030114226,0.20168067226890757,1.5711318795430944,0.8172377985462098,1.5657894736842106,EXHAUSTION,0.0,0.0,0.0,6,NORMAL (15-25%),STRONG ACCEL (>1.5),WEAK (1-2x),HIGH (0.7-1.0)
2021-10-27,141,333,0.88,1.24,867,868,120,70.0,24,8,1325,1291.0,6630,54.45,4.0,2021,0.1384083044982699,0.2,1.5282583621683967,1.0011534025374855,1.7142857142857142,EXHAUSTION,0.0,0.0,0.0,7,NORMAL (15-25%),STRONG ACCEL (>1.5),WEAK (1-2x),EXTREME (>1.0)
2021-10-28,412,73,1.2,1.37,961,798,139,57.0,27,10,1541,1140.0,6641,59.94,4.0,2021,0.14464099895941726,0.19424460431654678,1.603537981269511,0.8303850156087409,2.43859649122807,EXHAUSTION,0.0,0.0,0.0,7,NORMAL (15-25%),STRONG ACCEL (>1.5),MODERATE (2-3x),HIGH (0.7-1.0)
2021-10-29,178,158,1.47,1.36,954,795,144,59.0,31,8,1527,1153.0,6650,58.0,4.0,2021,0.1509433962264151,0.2152777777777778,1.60062893081761,0.8333333333333334,2.440677966101695,NEUTRAL,0.0,0.0,0.0,8,NORMAL (15-25%),STRONG ACCEL (>1.5),MODERATE (2-3x),HIGH (0.7-1.0)
2021-11-01,723,43,2.07,1.86,1121,689,220,35.0,47,6,1936,939.0,6651,67.21,4.0,2021,0.19625334522747548,0.21363636363636362,1.727029438001784,0.6146297948260482,6.285714285714286,NEUTRAL,0.0,0.0,0.0,9,NORMAL (15-25%),STRONG ACCEL (>1.5),VERY STRONG (>5x),ELEVATED (0.5-0.7)
2021-11-02,213,166,2.16,1.73,1120,711,209,40.0,52,7,1900,960.0,6657,65.24,4.0,2021,0.18660714285714286,0.24880382775119617,1.6964285714285714,0.6348214285714285,5.225,NEUTRAL,0.0,0.0,0.0,9,NORMAL (15-25%),STRONG ACCEL (>1.5),VERY STRONG (>5x),ELEVATED (0.5-0.7)
2021-11-03,475,111,3.63,1.87,1229,671,283,41.0,62,7,2164,883.0,6661,68.97,4.0,2021,0.23026851098454026,0.21908127208480566,1.7607811228641173,0.5459723352318958,6.902439024390244,NEUTRAL,0.0,0.0,0.0,9,NORMAL (15-25%),STRONG ACCEL (>1.5),VERY STRONG (>5x),ELEVATED (0.5-0.7)
2021-11-04,217,206,2.64,1.8,1214,688,256,52.0,58,7,2098,912.0,6676,65.73,4.0,2021,0.21087314662273476,0.2265625,1.728171334431631,0.5667215815485996,4.923076923076923,NEUTRAL,0.0,0.0,0.0,9,NORMAL (15-25%),STRONG ACCEL (>1.5),STRONG (3-5x),ELEVATED (0.5-0.7)
2021-11-05,370,206,2.73,2.06,1288,699,301,53.0,59,8,2239,947.0,6683,69.55,4.0,2021,0.23369565217391305,0.19601328903654486,1.7383540372670807,0.5427018633540373,5.679245283018868,NEUTRAL,0.0,0.0,0.0,9,NORMAL (15-25%),STRONG ACCEL (>1.5),VERY STRONG (>5x),ELEVATED (0.5-0.7)
2021-11-08,344,90,2.08,2.08,1316,682,335,45.0,56,7,2202,896.0,6684,70.01,4.0,2021,0.25455927051671734,0.16716417910447762,1.6732522796352585,0.5182370820668692,7.444444444444445,MID_BULL,0.0,0.0,0.0,9,NORMAL (15-25%),STRONG ACCEL (>1.5),VERY STRONG (>5x),ELEVATED (0.5-0.7)
2021-11-09,186,194,1.97,2.06,1300,701,312,61.0,49,7,2053,983.0,6699,68.56,4.0,2021,0.24,0.15705128205128205,1.5792307692307692,0.5392307692307692,5.114754098360656,NEUTRAL,0.0,0.0,0.0,9,NORMAL (15-25%),STRONG ACCEL (>1.5),VERY STRONG (>5x),ELEVATED (0.5-0.7)
2021-11-10,106,498,1.02,1.85,1154,773,224,79.0,35,9,1798,1175.0,6709,63.98,4.0,2021,0.19410745233968804,0.15625,1.558058925476603,0.669844020797227,2.8354430379746836,NEUTRAL,0.0,0.0,0.0,9,NORMAL (15-25%),STRONG ACCEL (>1.5),MODERATE (2-3x),ELEVATED (0.5-0.7)
2021-11-11,242,106,1.14,1.72,1268,758,237,75.0,45,8,1867,1127.0,6717,63.92,4.0,2021,0.18690851735015773,0.189873417721519,1.472397476340694,0.5977917981072555,3.16,NEUTRAL,0.0,0.0,0.0,9,NORMAL (15-25%),ACCELERATING (1.2-1.5),STRONG (3-5x),ELEVATED (0.5-0.7)
2021-11-12,243,126,1.11,1.79,1314,732,273,75.0,49,9,1928,1076.0,6721,64.36,4.0,2021,0.20776255707762556,0.1794871794871795,1.4672754946727549,0.5570776255707762,3.64,NEUTRAL,0.0,0.0,0.0,9,NORMAL (15-25%),ACCELERATING (1.2-1.5),STRONG (3-5x),ELEVATED (0.5-0.7)
2021-11-15,163,237,0.81,1.32,1266,757,264,82.0,47,8,1852,1169.0,6725,63.88,4.0,2021,0.20853080568720378,0.17803030303030304,1.462875197472354,0.5979462875197472,3.2195121951219514,NEUTRAL,0.0,0.0,0.0,9,NORMAL (15-25%),ACCELERATING (1.2-1.5),STRONG (3-5x),ELEVATED (0.5-0.7)
2021-11-16,182,259,0.76,1.24,1242,838,268,100.0,53,8,1814,1256.0,6713,61.92,4.0,2021,0.21578099838969403,0.19776119402985073,1.460547504025765,0.6747181964573269,2.68,NEUTRAL,0.0,0.0,0.0,9,NORMAL (15-25%),ACCELERATING (1.2-1.5),MODERATE (2-3x),ELEVATED (0.5-0.7)
2021-11-17,96,303,0.9,0.97,1167,906,239,121.0,57,11,1609,1388.0,6703,57.28,4.0,2021,0.20479862896315337,0.2384937238493724,1.3787489288774635,0.7763496143958869,1.975206611570248,NEUTRAL,0.0,0.0,0.0,9,NORMAL (15-25%),ACCELERATING (1.2-1.5),WEAK (1-2x),HIGH (0.7-1.0)
2021-11-18,99,571,0.52,0.78,1091,1030,213,168.0,47,15,1490,1603.0,6713,53.99,4.0,2021,0.19523373052245646,0.22065727699530516,1.3657195233730521,0.9440879926672777,1.2678571428571428,NEUTRAL,0.0,0.0,0.0,9,NORMAL (15-25%),ACCELERATING (1.2-1.5),WEAK (1-2x),HIGH (0.7-1.0)
2021-11-19,99,283,0.39,0.66,991,1101,222,161.0,49,15,1380,1722.0,6721,49.37,4.0,2021,0.22401614530776992,0.22072072072072071,1.3925327951564077,1.1109989909182645,1.3788819875776397,NEUTRAL,0.0,0.0,0.0,9,NORMAL (15-25%),ACCELERATING (1.2-1.5),WEAK (1-2x),EXTREME (>1.0)
2021-11-22,128,641,0.29,0.48,907,1196,190,229.0,28,23,1296,1863.0,6730,50.79,4.0,2021,0.20948180815876516,0.14736842105263157,1.4288864388092613,1.318632855567806,0.8296943231441049,NEUTRAL,0.0,0.0,0.0,9,LOW (<15%),ACCELERATING (1.2-1.5),NEGATIVE (<1x),EXTREME (>1.0)
2021-11-23,127,289,0.26,0.45,866,1248,183,231.0,29,21,1213,1936.0,6721,50.73,4.0,2021,0.2113163972286374,0.15846994535519127,1.4006928406466512,1.4411085450346421,0.7922077922077922,NEUTRAL,0.0,0.0,0.0,9,NORMAL (15-25%),ACCELERATING (1.2-1.5),NEGATIVE (<1x),EXTREME (>1.0)
2021-11-24,215,44,0.37,0.56,879,1170,208,172.0,39,15,1269,1868.0,6724,49.9,4.0,2021,0.2366325369738339,0.1875,1.4436860068259385,1.3310580204778157,1.2093023255813953,NEUTRAL,0.0,0.0,0.0,9,NORMAL (15-25%),ACCELERATING (1.2-1.5),WEAK (1-2x),EXTREME (>1.0)
2021-11-26,60,710,0.32,0.41,707,1303,123,221.0,28,15,961,2175.0,6728,36.58,4.0,2021,0.173974540311174,0.22764227642276422,1.3592644978783592,1.842998585572843,0.5565610859728507,NEUTRAL,0.0,0.0,0.0,8,NORMAL (15-25%),ACCELERATING (1.2-1.5),NEGATIVE (<1x),EXTREME (>1.0)
2021-11-29,202,399,0.35,0.37,686,1362,125,241.0,27,22,927,2251.0,6735,36.09,4.0,2021,0.18221574344023322,0.216,1.3513119533527698,1.9854227405247813,0.5186721991701245,NEUTRAL,0.0,0.0,0.0,8,NORMAL (15-25%),ACCELERATING (1.2-1.5),NEGATIVE (<1x),EXTREME (>1.0)
2021-11-30,143,575,0.37,0.33,588,1461,86,363.0,20,33,775,2504.0,6738,27.3,4.0,2021,0.14625850340136054,0.23255813953488372,1.3180272108843538,2.4846938775510203,0.2369146005509642,EXHAUSTION,0.0,0.0,0.0,7,NORMAL (15-25%),ACCELERATING (1.2-1.5),NEGATIVE (<1x),EXTREME (>1.0)
2021-12-01,59,621,0.29,0.28,483,1666,67,486.0,17,37,601,2812.0,6745,21.45,4.0,2021,0.13871635610766045,0.2537313432835821,1.2443064182194616,3.449275362318841,0.13786008230452676,EXHAUSTION,0.0,0.0,0.0,7,ELEVATED (25-35%),ACCELERATING (1.2-1.5),NEGATIVE (<1x),EXTREME (>1.0)
2021-12-02,342,123,0.33,0.35,569,1585,55,455.0,13,28,697,2542.0,6750,27.76,4.0,2021,0.09666080843585237,0.23636363636363636,1.2249560632688927,2.7855887521968365,0.12087912087912088,EXHAUSTION,0.0,0.0,0.0,4,NORMAL (15-25%),ACCELERATING (1.2-1.5),NEGATIVE (<1x),EXTREME (>1.0)
2021-12-03,58,819,0.32,0.32,455,1701,25,589.0,15,38,571,2107.0,6754,24.66,4.0,2021,0.054945054945054944,0.6,1.254945054945055,3.7384615384615385,0.042444821731748725,EXHAUSTION,0.0,0.0,0.0,1,EXTREME (>50%),ACCELERATING (1.2-1.5),NEGATIVE (<1x),EXTREME (>1.0)
2021-12-06,449,153,0.46,0.41,516,1607,40,529.0,11,32,666,2520.0,6758,31.19,4.0,2021,0.07751937984496124,0.275,1.2906976744186047,3.114341085271318,0.07561436672967864,EXHAUSTION,0.0,0.0,0.0,3,ELEVATED (25-35%),ACCELERATING (1.2-1.5),NEGATIVE (<1x),EXTREME (>1.0)
2021-12-07,676,27,0.91,0.62,668,1439,46,422.0,14,26,1048,2277.0,6763,36.68,4.0,2021,0.0688622754491018,0.30434782608695654,1.5688622754491017,2.154191616766467,0.10900473933649289,EXHAUSTION,0.0,0.0,0.0,2,ELEVATED (25-35%),STRONG ACCEL (>1.5),NEGATIVE (<1x),EXTREME (>1.0)
2021-12-08,293,60,1.54,0.71,721,1337,49,307.0,16,21,1418,2139.0,6769,38.47,4.0,2021,0.06796116504854369,0.32653061224489793,1.9667128987517337,1.854368932038835,0.15960912052117263,EXHAUSTION,0.0,0.0,0.0,2,ELEVATED (25-35%),STRONG ACCEL (>1.5),NEGATIVE (<1x),EXTREME (>1.0)
2021-12-09,63,395,1.06,0.6,614,1479,48,337.0,11,20,972,2345.0,6776,32.57,4.0,2021,0.0781758957654723,0.22916666666666666,1.5830618892508144,2.4087947882736156,0.142433234421365,EXHAUSTION,0.0,0.0,0.0,3,NORMAL (15-25%),STRONG ACCEL (>1.5),NEGATIVE (<1x),EXTREME (>1.0)
2021-12-10,109,228,1.84,0.7,618,1520,36,427.0,13,26,950,2384.0,6787,32.58,4.0,2021,0.05825242718446602,0.3611111111111111,1.5372168284789645,2.459546925566343,0.08430913348946135,EXHAUSTION,0.0,0.0,0.0,1,HIGH (35-50%),STRONG ACCEL (>1.5),NEGATIVE (<1x),EXTREME (>1.0)
2021-12-13,123,529,1.02,0.66,540,1580,33,511.0,13,27,731,2534.0,6795,27.86,4.0,2021,0.06111111111111111,0.3939393939393939,1.3537037037037036,2.925925925925926,0.06457925636007827,EXHAUSTION,0.0,0.0,0.0,1,HIGH (35-50%),ACCELERATING (1.2-1.5),NEGATIVE (<1x),EXTREME (>1.0)
2021-12-14,79,374,0.42,0.68,489,1660,26,540.0,11,33,623,2629.0,6802,23.69,4.0,2021,0.053169734151329244,0.4230769230769231,1.2740286298568506,3.394683026584867,0.04814814814814815,EXHAUSTION,0.0,0.0,0.0,1,HIGH (35-50%),ACCELERATING (1.2-1.5),NEGATIVE (<1x),EXTREME (>1.0)
2021-12-15,449,125,0.5,0.93,555,1587,31,448.0,11,27,741,2508.0,6805,26.67,4.0,2021,0.055855855855855854,0.3548387096774194,1.335135135135135,2.8594594594594596,0.06919642857142858,EXHAUSTION,0.0,0.0,0.0,1,HIGH (35-50%),ACCELERATING (1.2-1.5),NEGATIVE (<1x),EXTREME (>1.0)
2021-12-16,92,372,0.52,0.78,499,1678,28,493.0,8,31,625,2620.0,6811,25.49,4.0,2021,0.056112224448897796,0.2857142857142857,1.25250501002004,3.3627254509018036,0.056795131845841784,EXHAUSTION,0.0,0.0,0.0,1,ELEVATED (25-35%),ACCELERATING (1.2-1.5),NEGATIVE (<1x),EXTREME (>1.0)
2021-12-17,613,207,0.84,1.19,524,1580,34,350.0,8,26,723,2569.0,6814,22.12,4.0,2021,0.0648854961832061,0.23529411764705882,1.3797709923664123,3.015267175572519,0.09714285714285714,EXHAUSTION,0.0,0.0,0.0,1,NORMAL (15-25%),ACCELERATING (1.2-1.5),NEGATIVE (<1x),EXTREME (>1.0)
2021-12-20,67,163,1.05,1.03,477,1661,34,398.0,12,33,630,2751.0,6823,17.5,4.0,2021,0.07127882599580712,0.35294117647058826,1.320754716981132,3.4821802935010484,0.08542713567839195,EXHAUSTION,0.0,0.0,0.0,2,HIGH (35-50%),ACCELERATING (1.2-1.5),NEGATIVE (<1x),EXTREME (>1.0)
2021-12-21,502,53,1.87,0.95,590,1498,42,257.0,15,18,893,2387.0,6827,25.81,4.0,2021,0.0711864406779661,0.35714285714285715,1.5135593220338983,2.538983050847458,0.16342412451361868,EXHAUSTION,0.0,0.0,0.0,2,HIGH (35-50%),STRONG ACCEL (>1.5),NEGATIVE (<1x),EXTREME (>1.0)
2021-12-22,160,77,1.64,0.89,607,1455,59,222.0,12,17,1026,2258.0,6832,30.02,4.0,2021,0.09719934102141681,0.2033898305084746,1.6902800658978583,2.397034596375618,0.26576576576576577,EXHAUSTION,0.0,0.0,0.0,4,NORMAL (15-25%),STRONG ACCEL (>1.5),NEGATIVE (<1x),EXTREME (>1.0)
2021-12-22,160,77,2.08,2.08,607,1455,59,222.0,12,17,1026,2258.0,6832,30.02,4.0,2022,0.09719934102141681,0.2033898305084746,1.6902800658978583,2.397034596375618,0.26576576576576577,EXHAUSTION,0.0,0.0,0.0,4,NORMAL (15-25%),STRONG ACCEL (>1.5),NEGATIVE (<1x),EXTREME (>1.0)
2021-12-23,258,52,2.9,1.12,677,1397,51,214.0,15,15,1247,2109.0,6839,34.14,4.0,2021,0.07533234859675036,0.29411764705882354,1.8419497784342689,2.0635155096011815,0.2383177570093458,EXHAUSTION,0.0,0.0,0.0,2,ELEVATED (25-35%),STRONG ACCEL (>1.5),NEGATIVE (<1x),EXTREME (>1.0)
2021-12-23,258,52,3.24,3.24,677,1397,51,214.0,15,15,1247,2109.0,6839,34.14,4.0,2022,0.07533234859675036,0.29411764705882354,1.8419497784342689,2.0635155096011815,0.2383177570093458,EXHAUSTION,0.0,0.0,0.0,2,ELEVATED (25-35%),STRONG ACCEL (>1.5),NEGATIVE (<1x),EXTREME (>1.0)
2021-12-27,193,287,1.87,1.13,714,1424,80,199.0,16,17,1267,2025.0,6847,39.92,4.0,2021,0.11204481792717087,0.2,1.7745098039215685,1.9943977591036415,0.4020100502512563,EXHAUSTION,0.0,0.0,0.0,5,NORMAL (15-25%),STRONG ACCEL (>1.5),NEGATIVE (<1x),EXTREME (>1.0)
2021-12-27,193,287,1.47,1.47,714,1424,80,199.0,16,17,1267,2025.0,6847,39.92,4.0,2022,0.11204481792717087,0.2,1.7745098039215685,1.9943977591036415,0.4020100502512563,EXHAUSTION,0.0,0.0,0.0,5,NORMAL (15-25%),STRONG ACCEL (>1.5),NEGATIVE (<1x),EXTREME (>1.0)
2021-12-28,57,352,0.87,0.87,659,1471,73,235.0,13,20,1116,2053.0,6845,40.34,4.0,2022,0.11077389984825493,0.1780821917808219,1.6934749620637328,2.2321699544764795,0.31063829787234043,EXHAUSTION,0.0,0.0,0.0,5,NORMAL (15-25%),STRONG ACCEL (>1.5),NEGATIVE (<1x),EXTREME (>1.0)
2021-12-28,57,352,1.43,1.2,659,1471,73,235.0,13,20,1116,2053.0,6845,40.34,4.0,2021,0.11077389984825493,0.1780821917808219,1.6934749620637328,2.2321699544764795,0.31063829787234043,EXHAUSTION,0.0,0.0,0.0,5,NORMAL (15-25%),STRONG ACCEL (>1.5),NEGATIVE (<1x),EXTREME (>1.0)
2021-12-29,82,252,0.74,1.27,659,1476,84,233.0,16,20,1115,2002.0,6844,40.75,4.0,2021,0.1274658573596358,0.19047619047619047,1.69195751138088,2.2397572078907437,0.3605150214592275,EXHAUSTION,0.0,0.0,0.0,6,NORMAL (15-25%),STRONG ACCEL (>1.5),NEGATIVE (<1x),EXTREME (>1.0)
2021-12-29,82,252,0.74,0.74,659,1476,84,233.0,16,20,1115,2002.0,6844,40.75,4.0,2022,0.1274658573596358,0.19047619047619047,1.69195751138088,2.2397572078907437,0.3605150214592275,EXHAUSTION,0.0,0.0,0.0,6,NORMAL (15-25%),STRONG ACCEL (>1.5),NEGATIVE (<1x),EXTREME (>1.0)
2021-12-30,346,53,0.94,1.02,669,1426,115,125.0,18,13,1199,1960.0,6853,40.42,4.0,2022,0.17189835575485798,0.1565217391304348,1.7922272047832586,2.131539611360239,0.92,NEUTRAL,0.0,0.0,0.0,8,NORMAL (15-25%),STRONG ACCEL (>1.5),NEGATIVE (<1x),EXTREME (>1.0)
2021-12-30,346,53,0.94,1.27,669,1426,115,125.0,18,13,1199,1960.0,6853,40.42,4.0,2021,0.17189835575485798,0.1565217391304348,1.7922272047832586,2.131539611360239,0.92,NEUTRAL,0.0,0.0,0.0,8,NORMAL (15-25%),STRONG ACCEL (>1.5),NEGATIVE (<1x),EXTREME (>1.0)
2021-12-31,109,129,0.73,1.0,659,1442,92,145.0,19,13,1214,1940.0,6856,42.73,4.0,2022,0.13960546282245828,0.20652173913043478,1.842185128983308,2.188163884673748,0.6344827586206897,EXHAUSTION,0.0,0.0,0.0,7,NORMAL (15-25%),STRONG ACCEL (>1.5),NEGATIVE (<1x),EXTREME (>1.0)
2021-12-31,109,129,0.73,1.47,659,1442,92,145.0,19,13,1214,1940.0,6856,42.73,4.0,2021,0.13960546282245828,0.20652173913043478,1.842185128983308,2.188163884673748,0.6344827586206897,EXHAUSTION,0.0,0.0,0.0,7,NORMAL (15-25%),STRONG ACCEL (>1.5),NEGATIVE (<1x),EXTREME (>1.0)
2022-01-03,559,102,1.3,1.35,759,1314,126,77.0,20,10,1596,1718.0,6859,49.28,4.0,2022,0.16600790513833993,0.15873015873015872,2.102766798418972,1.7312252964426877,1.6363636363636365,NEUTRAL,0.0,0.0,0.0,8,NORMAL (15-25%),STRONG ACCEL (>1.5),WEAK (1-2x),EXTREME (>1.0)
2022-01-04,213,419,1.37,1.15,735,1367,97,90.0,14,10,1592,1715.0,6857,54.03,4.0,2022,0.13197278911564625,0.14432989690721648,2.165986394557823,1.8598639455782313,1.0777777777777777,EXHAUSTION,0.0,0.0,0.0,7,LOW (<15%),STRONG ACCEL (>1.5),WEAK (1-2x),EXTREME (>1.0)
2022-01-05,43,919,0.78,0.76,555,1569,44,221.0,19,16,1145,1933.0,6859,45.19,4.0,2022,0.07927927927927927,0.4318181818181818,2.063063063063063,2.827027027027027,0.19909502262443438,EXHAUSTION,0.0,0.0,0.0,3,HIGH (35-50%),STRONG ACCEL (>1.5),NEGATIVE (<1x),EXTREME (>1.0)
2022-01-06,163,198,0.62,0.73,560,1579,38,287.0,6,20,1242,1914.0,6864,46.86,4.0,2022,0.06785714285714285,0.15789473684210525,2.217857142857143,2.819642857142857,0.13240418118466898,EXHAUSTION,0.0,0.0,0.0,2,NORMAL (15-25%),STRONG ACCEL (>1.5),NEGATIVE (<1x),EXTREME (>1.0)
2022-01-07,102,239,0.58,0.63,510,1606,44,218.0,4,18,1223,1968.0,6870,44.81,4.0,2022,0.08627450980392157,0.09090909090909091,2.3980392156862744,3.149019607843137,0.2018348623853211,EXHAUSTION,0.0,0.0,0.0,3,LOW (<15%),STRONG ACCEL (>1.5),NEGATIVE (<1x),EXTREME (>1.0)
2022-01-10,143,308,0.32,0.61,487,1636,44,205.0,5,21,1144,1982.0,6879,41.11,4.0,2022,0.09034907597535935,0.11363636363636363,2.349075975359343,3.359342915811088,0.2146341463414634,EXHAUSTION,0.0,0.0,0.0,4,LOW (<15%),STRONG ACCEL (>1.5),NEGATIVE (<1x),EXTREME (>1.0)
2022-01-11,334,46,0.46,0.79,592,1549,69,141.0,4,14,1319,1796.0,6885,45.89,4.0,2022,0.11655405405405406,0.057971014492753624,2.2280405405405403,2.616554054054054,0.48936170212765956,EXHAUSTION,0.0,0.0,0.0,6,LOW (<15%),STRONG ACCEL (>1.5),NEGATIVE (<1x),EXTREME (>1.0)
2022-01-12,147,246,0.86,0.81,584,1582,87,131.0,7,11,1300,1828.0,6891,46.35,4.0,2022,0.14897260273972604,0.08045977011494253,2.2260273972602738,2.708904109589041,0.6641221374045801,EXHAUSTION,0.0,0.0,0.0,7,LOW (<15%),STRONG ACCEL (>1.5),NEGATIVE (<1x),EXTREME (>1.0)
2022-01-13,77,491,0.6,0.61,544,1673,74,231.0,3,14,1273,1888.0,6896,46.37,4.0,2022,0.13602941176470587,0.04054054054054054,2.3400735294117645,3.0753676470588234,0.3203463203463203,EXHAUSTION,0.0,0.0,0.0,7,LOW (<15%),STRONG ACCEL (>1.5),NEGATIVE (<1x),EXTREME (>1.0)
2022-01-14,179,197,0.68,0.62,574,1667,105,168.0,4,12,1297,1879.0,6904,43.83,4.0,2022,0.18292682926829268,0.0380952380952381,2.259581881533101,2.9041811846689893,0.625,NEUTRAL,0.0,0.0,0.0,8,LOW (<15%),STRONG ACCEL (>1.5),NEGATIVE (<1x),EXTREME (>1.0)
2022-01-18,79,813,0.46,0.38,471,1793,83,330.0,7,21,1035,2113.0,6904,37.5,4.0,2022,0.1762208067940552,0.08433734939759036,2.1974522292993632,3.8067940552016983,0.2515151515151515,NEUTRAL,0.0,0.0,0.0,8,LOW (<15%),STRONG ACCEL (>1.5),NEGATIVE (<1x),EXTREME (>1.0)
2022-01-19,143,297,0.31,0.38,424,1827,90,315.0,9,22,885,2185.0,6907,33.09,4.0,2022,0.21226415094339623,0.1,2.0872641509433962,4.308962264150943,0.2857142857142857,NEUTRAL,0.0,0.0,0.0,9,LOW (<15%),STRONG ACCEL (>1.5),NEGATIVE (<1x),EXTREME (>1.0)
2022-01-20,86,351,0.26,0.46,356,1900,40,442.0,9,34,678,2348.0,6915,26.88,4.0,2022,0.11235955056179775,0.225,1.904494382022472,5.337078651685394,0.09049773755656108,EXHAUSTION,0.0,0.0,0.0,5,NORMAL (15-25%),STRONG ACCEL (>1.5),NEGATIVE (<1x),EXTREME (>1.0)
2022-01-21,44,911,0.21,0.34,277,2027,23,579.0,4,39,501,2592.0,6924,22.44,4.0,2022,0.08303249097472924,0.17391304347826086,1.8086642599277978,7.317689530685921,0.039723661485319514,EXHAUSTION,0.0,0.0,0.0,3,NORMAL (15-25%),STRONG ACCEL (>1.5),NEGATIVE (<1x),EXTREME (>1.0)
2022-01-24,508,293,0.32,0.44,295,1949,24,570.0,4,47,539,2460.0,6935,23.45,4.0,2022,0.08135593220338982,0.16666666666666666,1.8271186440677967,6.606779661016949,0.042105263157894736,EXHAUSTION,0.0,0.0,0.0,3,NORMAL (15-25%),STRONG ACCEL (>1.5),NEGATIVE (<1x),EXTREME (>1.0)
2022-01-25,103,122,0.45,0.45,333,1990,23,624.0,4,41,570,2564.0,6935,23.06,4.0,2022,0.06906906906906907,0.17391304347826086,1.7117117117117118,5.975975975975976,0.03685897435897436,EXHAUSTION,0.0,0.0,0.0,2,NORMAL (15-25%),STRONG ACCEL (>1.5),NEGATIVE (<1x),EXTREME (>1.0)
2022-01-26,104,380,0.41,0.36,309,2052,27,617.0,3,41,532,2702.0,6939,20.31,4.0,2022,0.08737864077669903,0.1111111111111111,1.72168284789644,6.640776699029126,0.04376012965964344,EXHAUSTION,0.0,0.0,0.0,3,LOW (<15%),STRONG ACCEL (>1.5),NEGATIVE (<1x),EXTREME (>1.0)
2022-01-27,76,576,0.37,0.32,275,2142,25,724.0,5,55,436,2876.0,6943,17.95,4.0,2022,0.09090909090909091,0.2,1.5854545454545454,7.789090909090909,0.034530386740331494,EXHAUSTION,0.0,0.0,0.0,4,NORMAL (15-25%),STRONG ACCEL (>1.5),NEGATIVE (<1x),EXTREME (>1.0)
2022-01-28,421,76,0.84,0.43,297,2034,27,687.0,4,52,533,2671.0,6947,20.87,4.0,2022,0.09090909090909091,0.14814814814814814,1.7946127946127945,6.848484848484849,0.039301310043668124,EXHAUSTION,0.0,0.0,0.0,4,LOW (<15%),STRONG ACCEL (>1.5),NEGATIVE (<1x),EXTREME (>1.0)
2022-01-31,1018,23,1.46,0.67,382,1828,33,423.0,4,31,1214,2259.0,6955,25.81,4.0,2022,0.08638743455497382,0.12121212121212122,3.1780104712041886,4.785340314136126,0.07801418439716312,EXHAUSTION,0.0,0.0,0.0,3,LOW (<15%),STRONG ACCEL (>1.5),NEGATIVE (<1x),EXTREME (>1.0)
2022-02-01,425,38,1.87,0.95,548,1776,32,418.0,4,30,1665,2073.0,6956,31.26,4.0,2022,0.058394160583941604,0.125,3.0383211678832116,3.240875912408759,0.07655502392344497,EXHAUSTION,0.0,0.0,0.0,1,LOW (<15%),STRONG ACCEL (>1.5),NEGATIVE (<1x),EXTREME (>1.0)
2022-02-02,89,341,1.93,0.92,443,1847,27,438.0,6,33,1197,2201.0,6952,29.99,4.0,2022,0.060948081264108354,0.2222222222222222,2.7020316027088036,4.169300225733634,0.06164383561643835,EXHAUSTION,0.0,0.0,0.0,1,NORMAL (15-25%),STRONG ACCEL (>1.5),NEGATIVE (<1x),EXTREME (>1.0)
2022-02-03,63,453,2.17,0.89,378,1927,31,376.0,7,28,841,2447.0,6954,25.15,4.0,2022,0.082010582010582,0.22580645161290322,2.2248677248677247,5.097883597883598,0.08244680851063829,EXHAUSTION,0.0,0.0,0.0,3,NORMAL (15-25%),STRONG ACCEL (>1.5),NEGATIVE (<1x),EXTREME (>1.0)
2022-02-04,358,92,2.06,1.32,440,1872,30,282.0,5,18,1088,2390.0,6962,25.58,4.0,2022,0.06818181818181818,0.16666666666666666,2.4727272727272727,4.254545454545455,0.10638297872340426,EXHAUSTION,0.0,0.0,0.0,2,NORMAL (15-25%),STRONG ACCEL (>1.5),NEGATIVE (<1x),EXTREME (>1.0)
2022-02-07,266,96,1.18,1.33,500,1814,38,239.0,11,15,1245,2323.0,6968,28.02,4.0,2022,0.076,0.2894736842105263,2.49,3.628,0.1589958158995816,EXHAUSTION,0.0,0.0,0.0,2,ELEVATED (25-35%),STRONG ACCEL (>1.5),NEGATIVE (<1x),EXTREME (>1.0)
2022-02-08,330,134,0.99,1.43,597,1714,42,198.0,10,21,1393,2158.0,6969,32.65,4.0,2022,0.07035175879396985,0.23809523809523808,2.3333333333333335,2.8710217755443885,0.21212121212121213,EXHAUSTION,0.0,0.0,0.0,2,NORMAL (15-25%),STRONG ACCEL (>1.5),NEGATIVE (<1x),EXTREME (>1.0)
2022-02-09,780,56,2.16,2.03,835,1596,47,162.0,7,15,1794,1895.0,6972,38.68,4.0,2022,0.0562874251497006,0.14893617021276595,2.148502994011976,1.9113772455089821,0.29012345679012347,EXHAUSTION,0.0,0.0,0.0,1,LOW (<15%),STRONG ACCEL (>1.5),NEGATIVE (<1x),EXTREME (>1.0)
2022-02-10,141,321,2.68,2.39,747,1638,47,185.0,5,14,1568,2066.0,6980,34.1,4.0,2022,0.06291834002677377,0.10638297872340426,2.0990629183400267,2.1927710843373496,0.25405405405405407,EXHAUSTION,0.0,0.0,0.0,1,LOW (<15%),STRONG ACCEL (>1.5),NEGATIVE (<1x),EXTREME (>1.0)
2022-02-11,163,360,1.74,1.9,673,1689,59,185.0,9,18,1331,2220.0,6984,31.58,4.0,2022,0.08766716196136701,0.15254237288135594,1.9777117384843983,2.5096582466567607,0.31891891891891894,EXHAUSTION,0.0,0.0,0.0,3,NORMAL (15-25%),STRONG ACCEL (>1.5),NEGATIVE (<1x),EXTREME (>1.0)
2022-02-14,92,149,1.48,1.33,604,1704,51,205.0,5,20,1203,2279.0,6985,30.36,4.0,2022,0.08443708609271523,0.09803921568627451,1.9917218543046358,2.8211920529801326,0.24878048780487805,EXHAUSTION,0.0,0.0,0.0,3,LOW (<15%),STRONG ACCEL (>1.5),NEGATIVE (<1x),EXTREME (>1.0)
2022-02-15,730,48,2.04,1.47,853,1515,93,93.0,14,15,1647,1937.0,6984,37.77,4.0,2022,0.10902696365767878,0.15053763440860216,1.9308323563892145,1.776084407971864,1.0,EXHAUSTION,0.0,0.0,0.0,5,NORMAL (15-25%),STRONG ACCEL (>1.5),NEGATIVE (<1x),EXTREME (>1.0)
2022-02-16,177,156,1.26,1.66,882,1490,103,94.0,15,13,1687,1912.0,6986,39.26,4.0,2022,0.11678004535147392,0.14563106796116504,1.9126984126984128,1.689342403628118,1.0957446808510638,EXHAUSTION,0.0,0.0,0.0,6,LOW (<15%),STRONG ACCEL (>1.5),WEAK (1-2x),EXTREME (>1.0)
2022-02-17,86,704,0.88,1.48,720,1624,90,117.0,14,19,1323,2153.0,6986,33.4,4.0,2022,0.125,0.15555555555555556,1.8375,2.2555555555555555,0.7692307692307693,EXHAUSTION,0.0,0.0,0.0,6,NORMAL (15-25%),STRONG ACCEL (>1.5),NEGATIVE (<1x),EXTREME (>1.0)
2022-02-18,93,426,0.79,1.17,610,1650,117,98.0,14,16,1142,2233.0,6985,31.34,4.0,2022,0.1918032786885246,0.11965811965811966,1.8721311475409836,2.7049180327868854,1.1938775510204083,NEUTRAL,0.0,0.0,0.0,9,LOW (<15%),STRONG ACCEL (>1.5),WEAK (1-2x),EXTREME (>1.0)
2022-02-22,107,539,0.64,0.93,518,1686,82,130.0,18,16,930,2328.0,6987,25.52,4.0,2022,0.1583011583011583,0.21951219512195122,1.7953667953667953,3.2548262548262548,0.6307692307692307,NEUTRAL,0.0,0.0,0.0,8,NORMAL (15-25%),STRONG ACCEL (>1.5),NEGATIVE (<1x),EXTREME (>1.0)
2022-02-23,117,448,0.26,0.78,474,1764,76,150.0,16,19,809,2434.0,6993,21.39,4.0,2022,0.16033755274261605,0.21052631578947367,1.7067510548523206,3.721518987341772,0.5066666666666667,NEUTRAL,0.0,0.0,0.0,8,NORMAL (15-25%),STRONG ACCEL (>1.5),NEGATIVE (<1x),EXTREME (>1.0)
2022-02-24,1054,144,0.64,0.84,607,1568,135,102.0,18,20,1106,2133.0,6996,24.45,4.0,2022,0.22240527182866557,0.13333333333333333,1.8220757825370675,2.5831960461285006,1.3235294117647058,NEUTRAL,0.0,0.0,0.0,9,LOW (<15%),STRONG ACCEL (>1.5),WEAK (1-2x),EXTREME (>1.0)
2022-02-25,287,73,1.02,0.95,734,1452,240,77.0,28,17,1411,1810.0,6996,34.19,4.0,2022,0.32697547683923706,0.11666666666666667,1.922343324250681,1.978201634877384,3.116883116883117,MID_BULL,0.0,0.0,0.0,9,LOW (<15%),STRONG ACCEL (>1.5),STRONG (3-5x),EXTREME (>1.0)
2022-02-28,403,174,1.43,1.1,844,1414,218,82.0,33,19,1524,1738.0,6997,34.84,4.0,2022,0.25829383886255924,0.15137614678899083,1.8056872037914693,1.6753554502369667,2.658536585365854,MID_BULL,0.0,0.0,0.0,9,NORMAL (15-25%),STRONG ACCEL (>1.5),MODERATE (2-3x),EXTREME (>1.0)
2022-03-01,201,505,1.53,1.01,816,1475,128,150.0,20,25,1386,1985.0,6995,30.79,4.0,2022,0.1568627450980392,0.15625,1.6985294117647058,1.8075980392156863,0.8533333333333334,NEUTRAL,0.0,0.0,0.0,8,NORMAL (15-25%),STRONG ACCEL (>1.5),NEGATIVE (<1x),EXTREME (>1.0)
2022-03-02,352,102,2.3,0.88,903,1373,130,173.0,16,25,1593,1657.0,6993,37.78,4.0,2022,0.14396456256921372,0.12307692307692308,1.7641196013289036,1.5204872646733112,0.7514450867052023,EXHAUSTION,0.0,0.0,0.0,7,LOW (<15%),STRONG ACCEL (>1.5),NEGATIVE (<1x),EXTREME (>1.0)
2022-03-03,133,466,1.04,0.79,812,1448,126,164.0,23,23,1397,1773.0,6993,38.25,4.0,2022,0.15517241379310345,0.18253968253968253,1.7204433497536946,1.7832512315270936,0.7682926829268293,NEUTRAL,0.0,0.0,0.0,8,NORMAL (15-25%),STRONG ACCEL (>1.5),NEGATIVE (<1x),EXTREME (>1.0)
2022-03-04,167,636,0.67,0.83,754,1559,163,172.0,25,23,1237,2013.0,6994,37.13,4.0,2022,0.21618037135278514,0.15337423312883436,1.6405835543766578,2.0676392572944295,0.9476744186046512,NEUTRAL,0.0,0.0,0.0,9,NORMAL (15-25%),STRONG ACCEL (>1.5),NEGATIVE (<1x),EXTREME (>1.0)
2022-03-07,287,966,0.43,0.77,717,1739,154,277.0,27,28,1095,2234.0,6986,31.2,4.0,2022,0.21478382147838215,0.17532467532467533,1.5271966527196652,2.4253835425383543,0.555956678700361,NEUTRAL,0.0,0.0,0.0,9,NORMAL (15-25%),STRONG ACCEL (>1.5),NEGATIVE (<1x),EXTREME (>1.0)
2022-03-08,435,171,0.59,0.93,777,1670,157,254.0,30,27,1187,2102.0,6987,30.95,4.0,2022,0.20205920205920205,0.1910828025477707,1.5276705276705276,2.1492921492921493,0.6181102362204725,NEUTRAL,0.0,0.0,0.0,9,NORMAL (15-25%),STRONG ACCEL (>1.5),NEGATIVE (<1x),EXTREME (>1.0)
2022-03-09,630,50,0.72,1.2,885,1460,163,180.0,28,24,1537,1700.0,6986,36.87,4.0,2022,0.18418079096045198,0.17177914110429449,1.736723163841808,1.6497175141242937,0.9055555555555556,NEUTRAL,0.0,0.0,0.0,8,NORMAL (15-25%),STRONG ACCEL (>1.5),NEGATIVE (<1x),EXTREME (>1.0)
2022-03-10,182,180,0.85,0.93,897,1509,148,289.0,19,34,1495,1736.0,6986,37.06,4.0,2022,0.16499442586399107,0.12837837837837837,1.6666666666666667,1.6822742474916388,0.5121107266435986,NEUTRAL,0.0,0.0,0.0,8,LOW (<15%),STRONG ACCEL (>1.5),NEGATIVE (<1x),EXTREME (>1.0)
2022-03-11,97,581,0.84,0.75,768,1646,128,351.0,19,33,1258,2001.0,6988,35.89,4.0,2022,0.16666666666666666,0.1484375,1.6380208333333333,2.1432291666666665,0.3646723646723647,NEUTRAL,0.0,0.0,0.0,8,LOW (<15%),STRONG ACCEL (>1.5),NEGATIVE (<1x),EXTREME (>1.0)
2022-03-14,113,1050,0.72,0.55,647,1766,77,379.0,13,36,1046,2308.0,6992,32.1,4.0,2022,0.11901081916537867,0.16883116883116883,1.6166924265842348,2.7295208655332304,0.20316622691292877,EXHAUSTION,0.0,0.0,0.0,6,NORMAL (15-25%),STRONG ACCEL (>1.5),NEGATIVE (<1x),EXTREME (>1.0)
2022-03-15,317,109,0.68,0.63,707,1645,103,296.0,11,27,1209,2129.0,6994,35.86,4.0,2022,0.1456859971711457,0.10679611650485436,1.7100424328147101,2.3267326732673266,0.34797297297297297,EXHAUSTION,0.0,0.0,0.0,7,LOW (<15%),STRONG ACCEL (>1.5),NEGATIVE (<1x),EXTREME (>1.0)
2022-03-16,1194,64,0.96,0.83,912,1425,86,248.0,16,20,1844,1709.0,6995,45.27,4.0,2022,0.09429824561403509,0.18604651162790697,2.0219298245614037,1.5625,0.3467741935483871,EXHAUSTION,0.0,0.0,0.0,4,NORMAL (15-25%),STRONG ACCEL (>1.5),NEGATIVE (<1x),EXTREME (>1.0)
2022-03-17,572,38,1.24,1.04,1169,1296,120,168.0,16,16,2274,1443.0,7000,51.37,4.0,2022,0.10265183917878529,0.13333333333333333,1.9452523524379812,1.1086398631308811,0.7142857142857143,EXHAUSTION,0.0,0.0,0.0,5,LOW (<15%),STRONG ACCEL (>1.5),NEGATIVE (<1x),EXTREME (>1.0)
2022-03-18,663,178,1.99,1.33,1350,1234,174,101.0,22,13,2493,1320.0,6997,56.71,4.0,2022,0.1288888888888889,0.12643678160919541,1.8466666666666667,0.914074074074074,1.7227722772277227,EXHAUSTION,0.0,0.0,0.0,7,LOW (<15%),STRONG ACCEL (>1.5),WEAK (1-2x),HIGH (0.7-1.0)
2022-03-21,195,72,6.38,1.76,1291,1297,196,96.0,34,13,2275,1416.0,7000,54.1,4.0,2022,0.15182029434546862,0.17346938775510204,1.7621998450813323,1.0046475600309837,2.0416666666666665,NEUTRAL,0.0,0.0,0.0,8,NORMAL (15-25%),STRONG ACCEL (>1.5),MODERATE (2-3x),EXTREME (>1.0)
2022-03-22,424,52,7.54,1.85,1492,1203,260,71.0,44,9,2513,1232.0,7001,57.64,4.0,2022,0.1742627345844504,0.16923076923076924,1.6843163538873995,0.8063002680965148,3.6619718309859155,NEUTRAL,0.0,0.0,0.0,8,NORMAL (15-25%),STRONG ACCEL (>1.5),STRONG (3-5x),HIGH (0.7-1.0)
2022-03-23,184,235,3.54,1.54,1371,1307,296,73.0,53,5,2258,1386.0,7003,50.9,4.0,2022,0.21590080233406272,0.17905405405405406,1.6469730123997082,0.9533187454412837,4.054794520547945,NEUTRAL,0.0,0.0,0.0,9,NORMAL (15-25%),STRONG ACCEL (>1.5),STRONG (3-5x),HIGH (0.7-1.0)
2022-03-24,311,91,2.83,1.65,1467,1241,244,80.0,39,5,2394,1294.0,7005,55.07,4.0,2022,0.1663258350374915,0.1598360655737705,1.6319018404907975,0.8459441036128152,3.05,NEUTRAL,0.0,0.0,0.0,8,NORMAL (15-25%),STRONG ACCEL (>1.5),STRONG (3-5x),HIGH (0.7-1.0)
2022-03-25,194,300,1.74,1.9,1378,1294,209,94.0,24,8,2328,1401.0,7000,56.47,4.0,2022,0.1516690856313498,0.11483253588516747,1.6894049346879536,0.9390420899854862,2.223404255319149,NEUTRAL,0.0,0.0,0.0,8,LOW (<15%),STRONG ACCEL (>1.5),MODERATE (2-3x),HIGH (0.7-1.0)
2022-03-28,187,206,1.47,3.15,1372,1290,157,93.0,19,9,2291,1444.0,7001,56.03,4.0,2022,0.11443148688046648,0.12101910828025478,1.6698250728862973,0.9402332361516035,1.6881720430107527,EXHAUSTION,0.0,0.0,0.0,6,LOW (<15%),STRONG ACCEL (>1.5),WEAK (1-2x),HIGH (0.7-1.0)
2022-03-29,816,80,1.86,3.6,1608,1144,194,60.0,26,7,2653,1161.0,7002,65.47,4.0,2022,0.12064676616915423,0.13402061855670103,1.6498756218905473,0.7114427860696517,3.2333333333333334,EXHAUSTION,0.0,0.0,0.0,6,LOW (<15%),STRONG ACCEL (>1.5),STRONG (3-5x),HIGH (0.7-1.0)
2022-03-30,116,227,1.8,2.48,1489,1222,151,76.0,15,8,2440,1288.0,7001,58.92,4.0,2022,0.10141034251175285,0.09933774834437085,1.6386836803223641,0.8206850235057085,1.986842105263158,EXHAUSTION,0.0,0.0,0.0,5,LOW (<15%),STRONG ACCEL (>1.5),WEAK (1-2x),HIGH (0.7-1.0)
2022-03-31,114,298,1.28,1.84,1389,1293,155,64.0,20,8,2220,1411.0,7003,56.08,4.0,2022,0.11159107271418287,0.12903225806451613,1.5982721382289418,0.9308855291576674,2.421875,EXHAUSTION,0.0,0.0,0.0,5,LOW (<15%),STRONG ACCEL (>1.5),MODERATE (2-3x),HIGH (0.7-1.0)
2022-04-01,316,161,1.59,1.66,1484,1264,229,58.0,29,8,2365,1371.0,7008,58.05,4.0,2022,0.15431266846361186,0.12663755458515283,1.59366576819407,0.8517520215633423,3.9482758620689653,NEUTRAL,0.0,0.0,0.0,8,LOW (<15%),STRONG ACCEL (>1.5),STRONG (3-5x),HIGH (0.7-1.0)
2022-04-04,415,80,2.1,1.78,1569,1188,360,43.0,57,12,2444,1268.0,7005,59.84,4.0,2022,0.2294455066921606,0.15833333333333333,1.5576800509878903,0.7571701720841301,8.372093023255815,NEUTRAL,0.0,0.0,0.0,9,NORMAL (15-25%),STRONG ACCEL (>1.5),VERY STRONG (>5x),HIGH (0.7-1.0)
2022-04-05,80,538,0.8,1.23,1365,1329,238,57.0,38,10,2150,1501.0,7007,52.83,4.0,2022,0.17435897435897435,0.15966386554621848,1.575091575091575,0.9736263736263736,4.175438596491228,NEUTRAL,0.0,0.0,0.0,8,NORMAL (15-25%),STRONG ACCEL (>1.5),STRONG (3-5x),HIGH (0.7-1.0)
2022-04-06,87,498,0.64,1.06,1216,1382,122,82.0,20,13,1948,1692.0,7004,47.72,4.0,2022,0.10032894736842106,0.16393442622950818,1.6019736842105263,1.136513157894737,1.4878048780487805,EXHAUSTION,0.0,0.0,0.0,5,NORMAL (15-25%),STRONG ACCEL (>1.5),WEAK (1-2x),EXTREME (>1.0)
2022-04-07,132,202,0.7,0.95,1204,1327,121,78.0,12,11,1891,1774.0,7000,47.6,4.0,2022,0.1004983388704319,0.09917355371900827,1.5705980066445182,1.1021594684385383,1.5512820512820513,EXHAUSTION,0.0,0.0,0.0,5,LOW (<15%),STRONG ACCEL (>1.5),WEAK (1-2x),EXTREME (>1.0)
2022-04-08,114,218,0.54,0.95,1123,1376,154,67.0,23,9,1812,1896.0,6996,47.5,4.0,2022,0.1371326803205699,0.14935064935064934,1.6135351736420303,1.2252894033837933,2.298507462686567,EXHAUSTION,0.0,0.0,-0.25,7,LOW (<15%),STRONG ACCEL (>1.5),MODERATE (2-3x),EXTREME (>1.0)
2022-04-11,98,340,0.28,0.87,1053,1423,210,60.0,30,8,1632,1992.0,7000,45.84,4.0,2022,0.19943019943019943,0.14285714285714285,1.5498575498575498,1.3513770180436848,3.5,NEUTRAL,0.0,0.0,0.0,9,LOW (<15%),STRONG ACCEL (>1.5),STRONG (3-5x),EXTREME (>1.0)
2022-04-12,154,186,0.41,0.59,1058,1437,175,67.0,28,13,1538,2011.0,6989,45.46,4.0,2022,0.16540642722117202,0.16,1.4536862003780717,1.3582230623818525,2.611940298507463,NEUTRAL,0.0,0.0,-0.25,8,NORMAL (15-25%),ACCELERATING (1.2-1.5),MODERATE (2-3x),EXTREME (>1.0)
2022-04-13,394,53,0.89,0.74,1179,1318,145,86.0,25,14,1708,1755.0,6992,51.32,4.0,2022,0.12298558100084818,0.1724137931034483,1.448685326547922,1.1178965224766753,1.686046511627907,EXHAUSTION,0.0,0.0,-0.25,6,NORMAL (15-25%),ACCELERATING (1.2-1.5),WEAK (1-2x),EXTREME (>1.0)
2022-04-14,123,304,0.8,0.74,1115,1384,96,135.0,14,17,1597,1894.0,6997,49.12,4.0,2022,0.08609865470852018,0.14583333333333334,1.4322869955156952,1.2412556053811659,0.7111111111111111,EXHAUSTION,0.0,0.0,0.0,3,LOW (<15%),ACCELERATING (1.2-1.5),NEGATIVE (<1x),EXTREME (>1.0)
2022-04-18,121,499,0.64,0.59,1016,1407,92,200.0,17,23,1415,1950.0,7002,47.32,4.0,2022,0.09055118110236221,0.18478260869565216,1.3927165354330708,1.3848425196850394,0.46,EXHAUSTION,0.0,0.0,0.0,4,NORMAL (15-25%),ACCELERATING (1.2-1.5),NEGATIVE (<1x),EXTREME (>1.0)
2022-04-19,472,71,1.14,0.61,1133,1244,91,134.0,13,18,1614,1705.0,7003,54.24,4.0,2022,0.08031774051191527,0.14285714285714285,1.4245366284201235,1.0979699911738747,0.6791044776119403,EXHAUSTION,0.0,0.0,0.0,3,LOW (<15%),ACCELERATING (1.2-1.5),NEGATIVE (<1x),EXTREME (>1.0)
2022-04-20,154,247,1.08,0.71,1124,1202,74,189.0,13,18,1646,1686.0,7005,56.83,4.0,2022,0.06583629893238434,0.17567567567567569,1.4644128113879002,1.0693950177935942,0.3915343915343915,EXHAUSTION,0.0,0.0,-0.25,2,NORMAL (15-25%),ACCELERATING (1.2-1.5),NEGATIVE (<1x),EXTREME (>1.0)
2022-04-21,57,871,0.47,0.61,925,1333,52,233.0,11,22,1301,1932.0,7008,50.44,4.0,2022,0.05621621621621622,0.21153846153846154,1.4064864864864866,1.441081081081081,0.22317596566523606,EXHAUSTION,0.0,0.0,-0.25,1,NORMAL (15-25%),ACCELERATING (1.2-1.5),NEGATIVE (<1x),EXTREME (>1.0)
2022-04-22,53,429,0.4,0.54,781,1434,38,301.0,7,24,994,2164.0,7013,38.95,4.0,2022,0.04865556978233035,0.18421052631578946,1.2727272727272727,1.8361075544174135,0.12624584717607973,EXHAUSTION,0.0,0.0,-0.25,0,NORMAL (15-25%),ACCELERATING (1.2-1.5),NEGATIVE (<1x),EXTREME (>1.0)
2022-04-25,283,243,0.55,0.59,806,1353,40,197.0,10,20,976,2155.0,7014,37.89,4.0,2022,0.04962779156327544,0.25,1.2109181141439207,1.6786600496277915,0.20304568527918782,EXHAUSTION,0.0,-0.25,-0.25,0,NORMAL (15-25%),ACCELERATING (1.2-1.5),NEGATIVE (<1x),EXTREME (>1.0)
2022-04-26,53,794,0.23,0.5,645,1602,28,328.0,8,23,682,2577.0,7013,29.79,4.0,2022,0.043410852713178294,0.2857142857142857,1.0573643410852713,2.483720930232558,0.08536585365853659,EXHAUSTION,0.0,0.0,-0.25,0,ELEVATED (25-35%),SLIGHT ACCEL (1.0-1.2),NEGATIVE (<1x),EXTREME (>1.0)
2022-04-27,148,177,0.24,0.5,641,1624,32,445.0,6,32,696,2592.0,7012,30.31,4.0,2022,0.0499219968798752,0.1875,1.0858034321372856,2.5335413416536663,0.07191011235955057,EXHAUSTION,0.0,-0.25,-0.25,0,NORMAL (15-25%),SLIGHT ACCEL (1.0-1.2),NEGATIVE (<1x),EXTREME (>1.0)
2022-04-28,431,168,0.53,0.5,718,1488,32,321.0,6,26,863,2295.0,7014,37.11,4.0,2022,0.04456824512534819,0.1875,1.201949860724234,2.0724233983286906,0.09968847352024922,EXHAUSTION,0.0,-0.25,0.0,0,NORMAL (15-25%),ACCELERATING (1.2-1.5),NEGATIVE (<1x),EXTREME (>1.0)
2022-04-29,85,498,0.53,0.46,610,1630,26,371.0,4,28,683,2625.0,7017,27.03,4.0,2022,0.04262295081967213,0.15384615384615385,1.119672131147541,2.6721311475409837,0.07008086253369272,EXHAUSTION,0.0,0.0,0.0,0,NORMAL (15-25%),SLIGHT ACCEL (1.0-1.2),NEGATIVE (<1x),EXTREME (>1.0)
2022-05-02,501,149,0.68,0.61,642,1532,26,321.0,4,19,706,2554.0,7014,27.8,4.0,2022,0.040498442367601244,0.15384615384615385,1.0996884735202492,2.3862928348909658,0.08099688473520249,EXHAUSTION,-0.25,0.0,0.0,0,NORMAL (15-25%),SLIGHT ACCEL (1.0-1.2),NEGATIVE (<1x),EXTREME (>1.0)
2022-05-03,279,144,1.27,0.55,677,1504,29,390.0,4,27,729,2398.0,7013,30.15,4.0,2022,0.04283604135893648,0.13793103448275862,1.0768094534711965,2.221565731166913,0.07435897435897436,EXHAUSTION,0.0,0.0,0.0,0,LOW (<15%),SLIGHT ACCEL (1.0-1.2),NEGATIVE (<1x),EXTREME (>1.0)
2022-05-04,639,119,1.79,0.7,787,1363,56,254.0,3,24,999,2076.0,7013,40.42,4.0,2022,0.07115628970775095,0.05357142857142857,1.2693773824650572,1.7318932655654384,0.2204724409448819,EXHAUSTION,-0.25,-0.25,0.0,2,LOW (<15%),ACCELERATING (1.2-1.5),NEGATIVE (<1x),EXTREME (>1.0)
2022-05-05,74,908,0.87,0.7,604,1624,48,371.0,4,27,593,2580.0,7015,29.47,4.0,2022,0.07947019867549669,0.08333333333333333,0.9817880794701986,2.6887417218543046,0.1293800539083558,EXHAUSTION,-0.25,-0.25,0.0,3,LOW (<15%),FLAT (0.8-1.0),NEGATIVE (<1x),EXTREME (>1.0)
2022-05-06,102,601,0.83,0.68,559,1772,39,454.0,7,36,558,2706.0,7018,27.42,4.0,2022,0.06976744186046512,0.1794871794871795,0.998211091234347,3.1699463327370303,0.08590308370044053,EXHAUSTION,0.0,-0.25,0.0,2,NORMAL (15-25%),FLAT (0.8-1.0),NEGATIVE (<1x),EXTREME (>1.0)
2022-05-09,57,1733,0.33,0.45,393,2118,29,642.0,1,51,344,3150.0,7019,19.38,3.0,2022,0.0737913486005089,0.034482758620689655,0.8753180661577609,5.3893129770992365,0.045171339563862926,EXHAUSTION,0.33333333333333326,0.0,0.33333333333333326,2,LOW (<15%),FLAT (0.8-1.0),NEGATIVE (<1x),EXTREME (>1.0)
2022-05-10,259,422,0.3,0.52,374,2134,32,591.0,0,39,383,3198.0,7019,14.83,4.0,2022,0.0855614973262032,0.0,1.0240641711229947,5.705882352941177,0.05414551607445008,EXHAUSTION,0.0,-0.25,0.0,3,,SLIGHT ACCEL (1.0-1.2),NEGATIVE (<1x),EXTREME (>1.0)
2022-05-11,87,745,0.13,0.46,318,2257,26,773.0,2,75,297,3307.0,7020,12.35,3.0,2022,0.08176100628930817,0.07692307692307693,0.9339622641509434,7.09748427672956,0.03363518758085381,EXHAUSTION,0.0,0.0,0.33333333333333326,3,LOW (<15%),FLAT (0.8-1.0),NEGATIVE (<1x),EXTREME (>1.0)
2022-05-12,469,246,0.26,0.46,352,2196,22,774.0,2,64,441,3224.0,7023,11.63,3.0,2022,0.0625,0.09090909090909091,1.2528409090909092,6.238636363636363,0.028423772609819122,EXHAUSTION,0.0,0.33333333333333326,0.0,1,LOW (<15%),ACCELERATING (1.2-1.5),NEGATIVE (<1x),EXTREME (>1.0)
2022-05-13,692,70,0.49,0.61,580,1945,32,523.0,4,33,1061,2942.0,7023,15.51,4.0,2022,0.05517241379310345,0.125,1.8293103448275863,3.353448275862069,0.06118546845124283,EXHAUSTION,-0.25,0.0,-0.25,1,LOW (<15%),STRONG ACCEL (>1.5),NEGATIVE (<1x),EXTREME (>1.0)
2022-05-16,216,152,1.05,0.56,586,1957,31,494.0,5,34,1019,2904.0,7024,16.87,4.0,2022,0.052901023890784986,0.16129032258064516,1.7389078498293515,3.339590443686007,0.06275303643724696,EXHAUSTION,-0.25,0.0,-0.25,1,NORMAL (15-25%),STRONG ACCEL (>1.5),NEGATIVE (<1x),EXTREME (>1.0)
2022-05-17,807,82,1.75,0.67,801,1742,35,461.0,7,28,1544,2522.0,7027,23.61,4.0,2022,0.04369538077403246,0.2,1.9275905118601748,2.17478152309613,0.07592190889370933,EXHAUSTION,-0.25,0.0,-0.25,0,NORMAL (15-25%),STRONG ACCEL (>1.5),NEGATIVE (<1x),EXTREME (>1.0)
2022-05-18,74,880,1.58,0.49,624,1973,25,570.0,7,38,1075,2813.0,7028,15.82,3.0,2022,0.04006410256410257,0.28,1.7227564102564104,3.1618589743589745,0.043859649122807015,EXHAUSTION,0.0,0.33333333333333326,0.0,0,ELEVATED (25-35%),STRONG ACCEL (>1.5),NEGATIVE (<1x),EXTREME (>1.0)
2022-05-19,388,118,1.67,0.62,696,1933,30,407.0,8,22,1212,2800.0,7025,15.58,3.0,2022,0.04310344827586207,0.26666666666666666,1.7413793103448276,2.7772988505747125,0.07371007371007371,EXHAUSTION,0.33333333333333326,0.33333333333333326,0.0,0,ELEVATED (25-35%),STRONG ACCEL (>1.5),NEGATIVE (<1x),EXTREME (>1.0)
2022-05-20,143,251,1.1,0.68,686,1888,41,348.0,8,21,1171,2794.0,7024,15.5,3.0,2022,0.0597667638483965,0.1951219512195122,1.706997084548105,2.752186588921283,0.11781609195402298,EXHAUSTION,0.33333333333333326,0.33333333333333326,0.0,1,NORMAL (15-25%),STRONG ACCEL (>1.5),NEGATIVE (<1x),EXTREME (>1.0)
2022-05-23,267,118,1.16,1.1,744,1799,61,386.0,11,30,1282,2522.0,7023,18.97,3.0,2022,0.08198924731182795,0.18032786885245902,1.7231182795698925,2.418010752688172,0.15803108808290156,EXHAUSTION,0.33333333333333326,0.33333333333333326,0.0,3,NORMAL (15-25%),STRONG ACCEL (>1.5),NEGATIVE (<1x),EXTREME (>1.0)
2022-05-24,77,745,0.45,0.95,614,1927,65,392.0,7,29,1013,2625.0,7023,18.6,3.0,2022,0.10586319218241043,0.1076923076923077,1.6498371335504887,3.1384364820846904,0.16581632653061223,EXHAUSTION,0.33333333333333326,0.33333333333333326,0.0,5,LOW (<15%),STRONG ACCEL (>1.5),NEGATIVE (<1x),EXTREME (>1.0)
2022-05-25,391,75,0.97,1.29,703,1796,75,311.0,11,22,1225,2403.0,7023,25.27,3.0,2022,0.10668563300142248,0.14666666666666667,1.7425320056899005,2.554765291607397,0.24115755627009647,EXHAUSTION,0.33333333333333326,0.33333333333333326,0.0,5,LOW (<15%),STRONG ACCEL (>1.5),NEGATIVE (<1x),EXTREME (>1.0)
2022-05-26,563,72,1.14,1.41,815,1658,74,284.0,10,23,1619,2143.0,7021,33.09,4.0,2022,0.09079754601226994,0.13513513513513514,1.9865030674846627,2.0343558282208587,0.2605633802816901,EXHAUSTION,0.0,-0.25,-0.25,4,LOW (<15%),STRONG ACCEL (>1.5),NEGATIVE (<1x),EXTREME (>1.0)
2022-05-27,638,48,1.83,1.4,1049,1519,133,176.0,20,19,2121,1841.0,7022,42.98,4.0,2022,0.12678741658722592,0.15037593984962405,2.0219256434699715,1.448045757864633,0.7556818181818182,EXHAUSTION,0.0,-0.25,-0.25,6,NORMAL (15-25%),STRONG ACCEL (>1.5),NEGATIVE (<1x),EXTREME (>1.0)
2022-05-31,200,358,1.44,1.29,949,1568,100,240.0,13,22,1947,1927.0,7021,39.59,4.0,2022,0.1053740779768177,0.13,2.0516332982086407,1.6522655426765016,0.4166666666666667,EXHAUSTION,0.0,-0.25,-0.25,5,LOW (<15%),STRONG ACCEL (>1.5),NEGATIVE (<1x),EXTREME (>1.0)
2022-06-01,116,215,2.48,0.99,882,1590,85,254.0,9,22,1763,1977.0,7022,38.23,4.0,2022,0.0963718820861678,0.10588235294117647,1.9988662131519275,1.8027210884353742,0.3346456692913386,EXHAUSTION,0.0,-0.25,-0.25,4,LOW (<15%),STRONG ACCEL (>1.5),NEGATIVE (<1x),EXTREME (>1.0)
2022-06-02,606,64,2.8,1.64,1139,1421,71,225.0,11,14,2246,1716.0,7020,47.86,4.0,2022,0.06233538191395961,0.15492957746478872,1.9719051799824407,1.247585601404741,0.31555555555555553,EXHAUSTION,0.0,-0.25,-0.25,1,NORMAL (15-25%),STRONG ACCEL (>1.5),NEGATIVE (<1x),EXTREME (>1.0)
2022-06-03,256,176,2.11,1.53,1053,1445,112,153.0,17,11,2035,1776.0,7021,43.64,4.0,2022,0.1063627730294397,0.15178571428571427,1.932573599240266,1.3722697056030388,0.7320261437908496,EXHAUSTION,-0.25,-0.25,-0.25,5,NORMAL (15-25%),STRONG ACCEL (>1.5),NEGATIVE (<1x),EXTREME (>1.0)
2022-06-06,256,333,1.25,1.53,1067,1460,136,131.0,17,17,2041,1788.0,7022,46.82,4.0,2022,0.1274601686972821,0.125,1.9128397375820057,1.3683223992502342,1.0381679389312977,EXHAUSTION,-0.25,-0.25,-0.25,6,LOW (<15%),STRONG ACCEL (>1.5),WEAK (1-2x),EXTREME (>1.0)
2022-06-07,466,119,1.87,1.62,1208,1376,334,74.0,64,10,2249,1619.0,7023,50.82,4.0,2022,0.2764900662251656,0.19161676646706588,1.8617549668874172,1.1390728476821192,4.513513513513513,MID_BULL,-0.25,-0.25,-0.25,9,NORMAL (15-25%),STRONG ACCEL (>1.5),STRONG (3-5x),EXTREME (>1.0)
2022-06-08,234,152,2.15,2.31,1188,1396,307,62.0,54,11,2109,1546.0,7023,45.26,4.0,2022,0.25841750841750843,0.1758957654723127,1.7752525252525253,1.1750841750841752,4.951612903225806,MID_BULL,-0.25,-0.25,-0.25,9,NORMAL (15-25%),STRONG ACCEL (>1.5),STRONG (3-5x),EXTREME (>1.0)
2022-06-09,137,547,1.02,1.67,995,1542,325,52.0,50,8,1773,1709.0,7022,36.09,4.0,2022,0.32663316582914576,0.15384615384615385,1.7819095477386935,1.549748743718593,6.25,MID_BULL,-0.25,-0.25,-0.25,9,NORMAL (15-25%),STRONG ACCEL (>1.5),VERY STRONG (>5x),EXTREME (>1.0)
2022-06-10,89,863,0.59,1.04,815,1690,194,75.0,31,10,1389,2040.0,7022,26.27,3.0,2022,0.23803680981595093,0.15979381443298968,1.7042944785276073,2.0736196319018405,2.5866666666666664,NEUTRAL,0.0,0.0,0.0,9,NORMAL (15-25%),STRONG ACCEL (>1.5),MODERATE (2-3x),EXTREME (>1.0)
2022-06-13,48,1996,0.26,0.5,556,2041,50,182.0,13,22,919,2783.0,7020,14.23,3.0,2022,0.08992805755395683,0.26,1.6528776978417266,3.670863309352518,0.27472527472527475,EXHAUSTION,0.0,0.0,0.0,4,ELEVATED (25-35%),STRONG ACCEL (>1.5),NEGATIVE (<1x),EXTREME (>1.0)
2022-06-14,112,183,0.17,0.5,573,2078,57,162.0,13,15,891,2862.0,7020,13.23,3.0,2022,0.09947643979057591,0.22807017543859648,1.5549738219895288,3.6265270506108203,0.35185185185185186,EXHAUSTION,0.0,0.0,0.0,5,NORMAL (15-25%),STRONG ACCEL (>1.5),NEGATIVE (<1x),EXTREME (>1.0)
2022-06-15,629,93,0.28,0.63,630,1941,48,186.0,13,18,1061,2590.0,7022,15.51,3.0,2022,0.0761904761904762,0.2708333333333333,1.6841269841269841,3.080952380952381,0.25806451612903225,EXHAUSTION,0.0,0.0,0.0,2,ELEVATED (25-35%),STRONG ACCEL (>1.5),NEGATIVE (<1x),EXTREME (>1.0)
2022-06-16,79,1352,0.21,0.4,484,2319,40,203.0,9,17,804,3257.0,7027,10.5,3.0,2022,0.08264462809917356,0.225,1.6611570247933884,4.791322314049586,0.19704433497536947,EXHAUSTION,0.0,0.0,0.0,3,NORMAL (15-25%),STRONG ACCEL (>1.5),NEGATIVE (<1x),EXTREME (>1.0)
2022-06-17,751,272,0.42,0.47,559,2234,53,178.0,11,16,965,3079.0,7023,10.3,3.0,2022,0.09481216457960644,0.20754716981132076,1.7262969588550985,3.9964221824686943,0.29775280898876405,EXHAUSTION,0.0,0.0,0.0,4,NORMAL (15-25%),STRONG ACCEL (>1.5),NEGATIVE (<1x),EXTREME (>1.0)
2022-06-21,226,98,0.9,0.49,629,2099,65,142.0,16,14,1138,2770.0,7023,15.32,3.0,2022,0.10333863275039745,0.24615384615384617,1.809220985691574,3.337042925278219,0.45774647887323944,EXHAUSTION,0.0,0.0,0.0,5,NORMAL (15-25%),STRONG ACCEL (>1.5),NEGATIVE (<1x),EXTREME (>1.0)
2022-06-22,205,247,0.92,0.43,670,2138,63,170.0,13,23,1162,2767.0,7026,14.6,3.0,2022,0.09402985074626866,0.20634920634920634,1.7343283582089553,3.191044776119403,0.37058823529411766,EXHAUSTION,0.0,0.0,0.0,4,NORMAL (15-25%),STRONG ACCEL (>1.5),NEGATIVE (<1x),EXTREME (>1.0)
2022-06-23,623,209,0.87,0.49,841,2073,147,123.0,27,18,1405,2344.0,7028,18.94,3.0,2022,0.17479191438763378,0.1836734693877551,1.6706302021403092,2.464922711058264,1.1951219512195121,NEUTRAL,0.0,0.0,0.0,8,NORMAL (15-25%),STRONG ACCEL (>1.5),WEAK (1-2x),EXTREME (>1.0)
2022-06-24,1098,299,2.58,0.69,916,1875,137,128.0,27,19,1702,1941.0,7026,27.18,3.0,2022,0.14956331877729256,0.19708029197080293,1.8580786026200873,2.046943231441048,1.0703125,EXHAUSTION,0.0,0.0,0.0,8,NORMAL (15-25%),STRONG ACCEL (>1.5),WEAK (1-2x),EXTREME (>1.0)
2022-06-27,112,51,2.5,0.81,902,1840,99,140.0,23,20,1643,1852.0,7027,28.74,3.0,2022,0.10975609756097561,0.23232323232323232,1.8215077605321508,2.0399113082039912,0.7071428571428572,EXHAUSTION,0.0,0.0,0.0,5,NORMAL (15-25%),STRONG ACCEL (>1.5),NEGATIVE (<1x),EXTREME (>1.0)
2022-06-28,87,409,1.75,1.22,769,1957,59,234.0,20,23,1364,2117.0,7025,25.75,3.0,2022,0.07672301690507152,0.3389830508474576,1.7737321196358908,2.5448634590377113,0.25213675213675213,EXHAUSTION,0.0,0.0,0.33333333333333326,2,ELEVATED (25-35%),STRONG ACCEL (>1.5),NEGATIVE (<1x),EXTREME (>1.0)
2022-06-29,124,394,1.5,1.15,702,2064,72,275.0,17,26,1199,2283.0,7025,22.98,3.0,2022,0.10256410256410256,0.2361111111111111,1.707977207977208,2.9401709401709404,0.26181818181818184,EXHAUSTION,0.0,0.0,0.33333333333333326,5,NORMAL (15-25%),STRONG ACCEL (>1.5),NEGATIVE (<1x),EXTREME (>1.0)
2022-06-30,139,361,1.03,0.93,667,2113,77,301.0,17,24,1076,2393.0,7023,22.14,3.0,2022,0.11544227886056972,0.22077922077922077,1.6131934032983508,3.1679160419790104,0.2558139534883721,EXHAUSTION,0.0,0.0,0.33333333333333326,6,NORMAL (15-25%),STRONG ACCEL (>1.5),NEGATIVE (<1x),EXTREME (>1.0)
2022-07-01,206,145,0.49,1.44,716,2001,74,378.0,18,33,1182,2243.0,7026,27.79,3.0,2022,0.10335195530726257,0.24324324324324326,1.6508379888268156,2.7946927374301676,0.19576719576719576,EXHAUSTION,0.0,0.0,0.33333333333333326,5,NORMAL (15-25%),STRONG ACCEL (>1.5),NEGATIVE (<1x),EXTREME (>1.0)
2022-07-05,677,306,0.76,1.39,836,1914,91,351.0,21,33,1346,2100.0,7024,29.21,3.0,2022,0.10885167464114832,0.23076923076923078,1.6100478468899522,2.289473684210526,0.25925925925925924,EXHAUSTION,0.0,0.0,0.33333333333333326,5,NORMAL (15-25%),STRONG ACCEL (>1.5),NEGATIVE (<1x),EXTREME (>1.0)
2022-07-06,152,199,0.92,1.31,818,1948,99,386.0,24,20,1285,2197.0,7028,28.57,3.0,2022,0.12102689486552567,0.24242424242424243,1.5709046454767726,2.3814180929095357,0.25647668393782386,EXHAUSTION,0.0,0.0,0.33333333333333326,6,NORMAL (15-25%),STRONG ACCEL (>1.5),NEGATIVE (<1x),EXTREME (>1.0)
2022-07-07,659,42,1.74,1.61,983,1743,109,297.0,21,15,1611,1861.0,7024,33.51,3.0,2022,0.11088504577822991,0.1926605504587156,1.6388606307222788,1.773143438453713,0.367003367003367,EXHAUSTION,0.0,0.0,0.33333333333333326,5,NORMAL (15-25%),STRONG ACCEL (>1.5),NEGATIVE (<1x),EXTREME (>1.0)
2022-07-08,200,78,2.46,1.51,1013,1666,101,269.0,23,9,1625,1852.0,7021,33.0,3.0,2022,0.09970384995064166,0.22772277227722773,1.6041461006910167,1.6446199407699902,0.3754646840148699,EXHAUSTION,0.0,0.0,0.33333333333333326,5,NORMAL (15-25%),STRONG ACCEL (>1.5),NEGATIVE (<1x),EXTREME (>1.0)
2022-07-11,67,461,1.62,0.99,882,1776,97,258.0,20,10,1312,2107.0,7020,30.59,3.0,2022,0.10997732426303855,0.20618556701030927,1.4875283446712018,2.0136054421768708,0.375968992248062,EXHAUSTION,0.0,0.0,0.33333333333333326,5,NORMAL (15-25%),ACCELERATING (1.2-1.5),NEGATIVE (<1x),EXTREME (>1.0)
2022-07-12,185,222,1.26,0.95,869,1761,143,207.0,38,10,1266,2121.0,7021,28.34,3.0,2022,0.16455696202531644,0.26573426573426573,1.4568469505178365,2.0264672036823934,0.6908212560386473,NEUTRAL,0.0,0.0,0.33333333333333326,8,ELEVATED (25-35%),ACCELERATING (1.2-1.5),NEGATIVE (<1x),EXTREME (>1.0)
2022-07-13,180,136,1.37,1.1,871,1732,214,115.0,65,7,1262,2166.0,7021,27.97,3.0,2022,0.24569460390355913,0.3037383177570093,1.4489092996555684,1.9885189437428243,1.8608695652173912,NEUTRAL,0.0,0.33333333333333326,0.33333333333333326,9,ELEVATED (25-35%),ACCELERATING (1.2-1.5),WEAK (1-2x),EXTREME (>1.0)
2022-07-14,95,297,0.61,1.14,828,1794,190,133.0,51,9,1139,2329.0,7023,26.0,3.0,2022,0.22946859903381642,0.26842105263157895,1.3756038647342994,2.1666666666666665,1.4285714285714286,NEUTRAL,0.0,0.33333333333333326,0.33333333333333326,9,ELEVATED (25-35%),ACCELERATING (1.2-1.5),WEAK (1-2x),EXTREME (>1.0)
2022-07-15,368,92,0.74,1.41,879,1658,178,117.0,44,10,1329,2089.0,7021,31.35,3.0,2022,0.2025028441410694,0.24719101123595505,1.5119453924914676,1.8862343572241183,1.5213675213675213,NEUTRAL,0.0,0.33333333333333326,0.33333333333333326,9,NORMAL (15-25%),STRONG ACCEL (>1.5),WEAK (1-2x),EXTREME (>1.0)
2022-07-18,234,158,1.17,1.41,869,1634,215,61.0,42,9,1357,2117.0,7021,32.56,3.0,2022,0.2474108170310702,0.19534883720930232,1.5615650172612199,1.8803222094361336,3.5245901639344264,NEUTRAL,0.0,0.33333333333333326,0.33333333333333326,9,NORMAL (15-25%),STRONG ACCEL (>1.5),STRONG (3-5x),EXTREME (>1.0)
2022-07-19,711,37,2.21,1.66,1055,1381,223,43.0,49,8,1919,1651.0,7021,45.76,3.0,2022,0.21137440758293838,0.21973094170403587,1.818957345971564,1.309004739336493,5.186046511627907,NEUTRAL,0.0,0.33333333333333326,0.33333333333333326,9,NORMAL (15-25%),STRONG ACCEL (>1.5),VERY STRONG (>5x),EXTREME (>1.0)
2022-07-20,585,71,3.04,2.06,1222,1236,235,43.0,44,10,2232,1439.0,7021,51.11,3.0,2022,0.19230769230769232,0.18723404255319148,1.8265139116202946,1.0114566284779052,5.465116279069767,NEUTRAL,0.33333333333333326,0.33333333333333326,0.33333333333333326,9,NORMAL (15-25%),STRONG ACCEL (>1.5),VERY STRONG (>5x),EXTREME (>1.0)
2022-07-21,188,118,4.38,1.68,1263,1219,228,35.0,40,11,2279,1395.0,7019,54.22,3.0,2022,0.18052256532066507,0.17543859649122806,1.8044338875692796,0.9651623119556612,6.514285714285714,NEUTRAL,0.33333333333333326,0.33333333333333326,0.33333333333333326,8,NORMAL (15-25%),STRONG ACCEL (>1.5),VERY STRONG (>5x),HIGH (0.7-1.0)
2022-07-22,59,510,1.99,1.27,1068,1306,110,56.0,24,12,1955,1560.0,7013,51.79,3.0,2022,0.10299625468164794,0.21818181818181817,1.8305243445692885,1.2228464419475655,1.9642857142857142,EXHAUSTION,0.33333333333333326,0.33333333333333326,0.33333333333333326,5,NORMAL (15-25%),STRONG ACCEL (>1.5),WEAK (1-2x),EXTREME (>1.0)
2022-07-25,212,143,2.0,1.58,1055,1209,84,59.0,22,11,1986,1494.0,7013,55.23,3.0,2022,0.07962085308056872,0.2619047619047619,1.8824644549763032,1.1459715639810426,1.423728813559322,EXHAUSTION,0.33333333333333326,0.33333333333333326,0.33333333333333326,3,ELEVATED (25-35%),STRONG ACCEL (>1.5),WEAK (1-2x),EXTREME (>1.0)
2022-07-26,121,460,0.89,1.36,954,1244,86,57.0,19,11,1781,1645.0,7009,51.15,3.0,2022,0.09014675052410902,0.22093023255813954,1.8668763102725368,1.3039832285115305,1.5087719298245614,EXHAUSTION,0.33333333333333326,0.33333333333333326,0.33333333333333326,4,NORMAL (15-25%),STRONG ACCEL (>1.5),WEAK (1-2x),EXTREME (>1.0)
2022-07-27,633,70,0.93,1.64,1183,1069,140,42.0,32,10,2272,1310.0,7006,61.79,4.0,2022,0.11834319526627218,0.22857142857142856,1.9205409974640744,0.9036348267117498,3.3333333333333335,EXHAUSTION,0.0,0.0,0.0,6,NORMAL (15-25%),STRONG ACCEL (>1.5),STRONG (3-5x),HIGH (0.7-1.0)
2022-07-28,439,158,1.09,1.95,1317,999,215,34.0,33,9,2538,1103.0,7008,66.91,4.0,2022,0.16324981017463933,0.15348837209302327,1.927107061503417,0.7585421412300684,6.323529411764706,NEUTRAL,0.0,0.0,0.0,8,NORMAL (15-25%),STRONG ACCEL (>1.5),VERY STRONG (>5x),HIGH (0.7-1.0)
2022-07-29,239,170,1.64,1.81,1417,978,265,26.0,36,8,2688,1003.0,7007,70.21,4.0,2022,0.187014820042343,0.13584905660377358,1.8969654199011998,0.6901905434015526,10.192307692307692,NEUTRAL,0.0,0.0,0.0,9,LOW (<15%),STRONG ACCEL (>1.5),VERY STRONG (>5x),ELEVATED (0.5-0.7)
2022-08-01,202,208,1.53,1.74,1388,994,245,34.0,39,9,2670,927.0,7007,71.14,4.0,2022,0.1765129682997118,0.15918367346938775,1.9236311239193085,0.7161383285302594,7.205882352941177,NEUTRAL,0.0,0.0,0.0,8,NORMAL (15-25%),STRONG ACCEL (>1.5),VERY STRONG (>5x),HIGH (0.7-1.0)
2022-08-02,423,130,2.63,1.52,1458,921,241,28.0,32,9,2610,831.0,7002,69.79,4.0,2022,0.16529492455418382,0.13278008298755187,1.7901234567901234,0.6316872427983539,8.607142857142858,NEUTRAL,0.0,0.0,-0.25,8,LOW (<15%),STRONG ACCEL (>1.5),VERY STRONG (>5x),ELEVATED (0.5-0.7)
2022-08-03,638,128,2.44,1.51,1662,864,366,30.0,47,8,2792,743.0,7005,71.96,4.0,2022,0.22021660649819494,0.1284153005464481,1.6799037304452467,0.51985559566787,12.2,NEUTRAL,0.0,0.0,-0.25,9,LOW (<15%),STRONG ACCEL (>1.5),VERY STRONG (>5x),ELEVATED (0.5-0.7)
2022-08-04,429,237,2.21,1.53,1697,871,254,39.0,34,8,2752,750.0,7007,69.8,4.0,2022,0.14967589864466707,0.13385826771653545,1.6216853270477314,0.5132586918090748,6.512820512820513,EXHAUSTION,0.0,0.0,-0.25,8,LOW (<15%),STRONG ACCEL (>1.5),VERY STRONG (>5x),ELEVATED (0.5-0.7)
2022-08-05,402,126,2.53,2.04,1718,845,298,39.0,40,8,2701,704.0,7005,70.89,4.0,2022,0.17345750873108265,0.1342281879194631,1.5721769499417928,0.4918509895227008,7.641025641025641,NEUTRAL,0.0,0.0,-0.25,8,LOW (<15%),STRONG ACCEL (>1.5),VERY STRONG (>5x),MODERATE (0.3-0.5)
2022-08-08,509,116,3.26,2.24,1837,711,454,38.0,69,6,2754,653.0,7008,74.09,4.0,2022,0.24714207947740882,0.15198237885462554,1.4991834512792597,0.38704409363091996,11.947368421052632,NEUTRAL,0.0,0.0,-0.25,9,NORMAL (15-25%),ACCELERATING (1.2-1.5),VERY STRONG (>5x),MODERATE (0.3-0.5)
2022-08-09,114,437,2.0,2.26,1643,761,378,45.0,64,5,2512,839.0,7011,72.66,4.0,2022,0.23006695069993913,0.1693121693121693,1.5289105295191723,0.46317711503347536,8.4,NEUTRAL,0.0,0.0,-0.25,9,NORMAL (15-25%),STRONG ACCEL (>1.5),VERY STRONG (>5x),MODERATE (0.3-0.5)
2022-08-10,709,102,2.12,2.26,1907,641,531,41.0,103,7,2766,708.0,7010,77.38,4.0,2022,0.27844782380702676,0.19397363465160075,1.4504457262716308,0.3361300471945464,12.951219512195122,MID_BULL,0.0,0.0,0.0,9,NORMAL (15-25%),ACCELERATING (1.2-1.5),VERY STRONG (>5x),MODERATE (0.3-0.5)
2022-08-11,357,236,2.06,2.13,1986,607,646,30.0,112,6,2785,710.0,7011,79.07,4.0,2022,0.3252769385699899,0.17337461300309598,1.4023162134944613,0.3056394763343404,21.533333333333335,MID_BULL,0.0,0.0,0.0,9,NORMAL (15-25%),ACCELERATING (1.2-1.5),VERY STRONG (>5x),MODERATE (0.3-0.5)
2022-08-12,347,112,2.03,2.25,2172,565,625,34.0,121,9,2990,618.0,7011,80.76,4.0,2022,0.2877532228360958,0.1936,1.3766114180478821,0.26012891344383055,18.38235294117647,MID_BULL,0.0,0.0,0.0,9,NORMAL (15-25%),ACCELERATING (1.2-1.5),VERY STRONG (>5x),LOW (<0.3)
2022-08-15,229,160,1.68,2.33,2167,586,622,30.0,126,6,3027,615.0,7010,80.88,4.0,2022,0.2870327641901246,0.20257234726688103,1.3968620212275034,0.27041993539455467,20.733333333333334,MID_BULL,0.0,0.0,-0.25,9,NORMAL (15-25%),ACCELERATING (1.2-1.5),VERY STRONG (>5x),LOW (<0.3)
2022-08-16,253,268,2.16,2.07,2188,612,455,33.0,81,7,3023,698.0,7007,80.56,4.0,2022,0.20795246800731262,0.17802197802197803,1.3816270566727604,0.2797074954296161,13.787878787878787,NEUTRAL,0.0,-0.25,-0.25,9,NORMAL (15-25%),ACCELERATING (1.2-1.5),VERY STRONG (>5x),LOW (<0.3)
2022-08-17,90,329,1.15,1.62,1992,680,302,55.0,51,8,2792,876.0,7006,76.59,4.0,2022,0.15160642570281124,0.16887417218543047,1.4016064257028114,0.3413654618473896,5.490909090909091,NEUTRAL,0.0,-0.25,-0.25,8,NORMAL (15-25%),ACCELERATING (1.2-1.5),VERY STRONG (>5x),MODERATE (0.3-0.5)
2022-08-18,234,140,1.14,1.6,2037,669,295,56.0,48,10,2792,904.0,7006,77.56,4.0,2022,0.14482081492390772,0.16271186440677965,1.3706431026018655,0.3284241531664212,5.267857142857143,EXHAUSTION,0.0,-0.25,-0.25,7,NORMAL (15-25%),ACCELERATING (1.2-1.5),VERY STRONG (>5x),MODERATE (0.3-0.5)
2022-08-19,56,595,0.58,1.16,1768,803,286,49.0,47,4,2478,1188.0,7003,71.89,4.0,2022,0.16176470588235295,0.16433566433566432,1.4015837104072397,0.45418552036199095,5.836734693877551,NEUTRAL,0.0,-0.25,-0.25,8,NORMAL (15-25%),ACCELERATING (1.2-1.5),VERY STRONG (>5x),MODERATE (0.3-0.5)
2022-08-22,116,439,0.42,0.89,1565,920,221,63.0,45,5,2129,1453.0,7004,63.91,4.0,2022,0.1412140575079872,0.20361990950226244,1.3603833865814696,0.5878594249201278,3.507936507936508,EXHAUSTION,0.0,-0.25,-0.25,7,NORMAL (15-25%),ACCELERATING (1.2-1.5),STRONG (3-5x),ELEVATED (0.5-0.7)
2022-08-23,247,100,0.46,1.06,1602,879,259,53.0,45,5,2103,1383.0,7004,61.97,4.0,2022,0.1616729088639201,0.17374517374517376,1.3127340823970037,0.548689138576779,4.886792452830188,NEUTRAL,-0.25,-0.25,-0.25,8,NORMAL (15-25%),ACCELERATING (1.2-1.5),STRONG (3-5x),ELEVATED (0.5-0.7)
2022-08-24,323,65,0.73,0.92,1687,830,233,65.0,46,7,2193,1276.0,7002,63.78,4.0,2022,0.13811499703615887,0.19742489270386265,1.2999407231772377,0.4919976289270895,3.5846153846153848,EXHAUSTION,-0.25,0.0,-0.25,7,NORMAL (15-25%),ACCELERATING (1.2-1.5),STRONG (3-5x),MODERATE (0.3-0.5)
2022-08-25,329,104,0.82,0.96,1819,758,227,60.0,38,9,2370,1131.0,7003,68.31,4.0,2022,0.12479384277075316,0.16740088105726872,1.302913688840022,0.4167124793842771,3.783333333333333,EXHAUSTION,-0.25,0.0,-0.25,6,NORMAL (15-25%),ACCELERATING (1.2-1.5),STRONG (3-5x),MODERATE (0.3-0.5)
2022-08-26,44,933,0.65,0.61,1503,923,140,80.0,30,10,1893,1524.0,7001,54.11,4.0,2022,0.09314703925482369,0.21428571428571427,1.2594810379241517,0.614105123087159,1.75,EXHAUSTION,-0.25,0.0,-0.25,4,NORMAL (15-25%),ACCELERATING (1.2-1.5),WEAK (1-2x),ELEVATED (0.5-0.7)
2022-08-29,123,160,0.78,0.58,1412,992,140,93.0,30,15,1754,1650.0,7000,49.57,4.0,2022,0.09915014164305949,0.21428571428571427,1.2422096317280453,0.7025495750708215,1.5053763440860215,EXHAUSTION,-0.25,-0.25,-0.25,4,NORMAL (15-25%),ACCELERATING (1.2-1.5),WEAK (1-2x),HIGH (0.7-1.0)
2022-08-30,66,385,0.54,0.5,1280,1096,107,113.0,20,20,1562,1840.0,6997,41.42,3.0,2022,0.08359375,0.18691588785046728,1.2203125,0.85625,0.9469026548672567,EXHAUSTION,0.0,0.0,0.0,3,NORMAL (15-25%),ACCELERATING (1.2-1.5),NEGATIVE (<1x),HIGH (0.7-1.0)
2022-08-31,174,135,0.43,0.56,1256,1076,81,142.0,18,22,1370,1926.0,6999,37.31,3.0,2022,0.06449044585987261,0.2222222222222222,1.0907643312101911,0.856687898089172,0.5704225352112676,EXHAUSTION,0.33333333333333326,0.0,0.0,1,NORMAL (15-25%),SLIGHT ACCEL (1.0-1.2),NEGATIVE (<1x),HIGH (0.7-1.0)
2022-09-01,117,397,0.26,0.48,1163,1164,68,167.0,10,22,1201,2127.0,6999,33.7,3.0,2022,0.058469475494411005,0.14705882352941177,1.0326741186586414,1.000859845227859,0.40718562874251496,EXHAUSTION,0.33333333333333326,0.0,0.0,1,LOW (<15%),SLIGHT ACCEL (1.0-1.2),NEGATIVE (<1x),EXTREME (>1.0)
2022-09-02,111,130,0.49,0.58,1123,1193,51,180.0,8,25,1058,2218.0,6994,31.68,3.0,2022,0.04541406945681211,0.1568627450980392,0.9421193232413179,1.06233303650935,0.2833333333333333,EXHAUSTION,0.33333333333333326,0.0,0.0,0,NORMAL (15-25%),FLAT (0.8-1.0),NEGATIVE (<1x),EXTREME (>1.0)
2022-09-06,190,383,0.46,0.62,1072,1273,43,223.0,4,30,976,2330.0,6994,29.57,3.0,2022,0.04011194029850746,0.09302325581395349,0.9104477611940298,1.1875,0.19282511210762332,EXHAUSTION,0.0,0.0,0.0,0,LOW (<15%),FLAT (0.8-1.0),NEGATIVE (<1x),EXTREME (>1.0)
2022-09-07,398,104,0.86,0.67,1191,1081,59,119.0,6,22,1133,2015.0,6992,36.27,3.0,2022,0.04953820319059614,0.1016949152542373,0.9513014273719563,0.9076406381192276,0.4957983193277311,EXHAUSTION,0.0,0.0,0.0,0,LOW (<15%),FLAT (0.8-1.0),NEGATIVE (<1x),HIGH (0.7-1.0)
2022-09-08,276,99,0.98,0.65,1244,1023,40,140.0,6,22,1233,1913.0,6991,38.81,4.0,2022,0.03215434083601286,0.15,0.9911575562700965,0.822347266881029,0.2857142857142857,EXHAUSTION,-0.25,-0.25,-0.25,0,LOW (<15%),FLAT (0.8-1.0),NEGATIVE (<1x),HIGH (0.7-1.0)
2022-09-09,478,65,1.86,0.71,1379,880,44,97.0,6,17,1434,1611.0,6992,46.29,4.0,2022,0.03190717911530094,0.13636363636363635,1.0398839738941261,0.6381435823060189,0.4536082474226804,EXHAUSTION,-0.25,-0.25,-0.25,0,LOW (<15%),SLIGHT ACCEL (1.0-1.2),NEGATIVE (<1x),ELEVATED (0.5-0.7)
2022-09-12,306,93,2.22,1.15,1463,785,41,100.0,8,16,1561,1455.0,6992,52.58,4.0,2022,0.028024606971975393,0.1951219512195122,1.0669856459330143,0.5365686944634313,0.41,EXHAUSTION,-0.25,-0.25,-0.25,0,NORMAL (15-25%),SLIGHT ACCEL (1.0-1.2),NEGATIVE (<1x),ELEVATED (0.5-0.7)
2022-09-13,84,1060,1.09,0.77,1221,944,32,171.0,7,20,1052,1973.0,6991,32.94,3.0,2022,0.02620802620802621,0.21875,0.8615888615888616,0.7731367731367731,0.1871345029239766,EXHAUSTION,0.0,0.0,0.0,0,NORMAL (15-25%),FLAT (0.8-1.0),NEGATIVE (<1x),HIGH (0.7-1.0)
2022-09-14,234,166,0.93,0.9,1249,903,45,179.0,7,20,1057,1981.0,6988,33.44,3.0,2022,0.036028823058446756,0.15555555555555556,0.8462770216172938,0.7229783827061649,0.25139664804469275,EXHAUSTION,0.0,0.0,0.0,0,NORMAL (15-25%),FLAT (0.8-1.0),NEGATIVE (<1x),HIGH (0.7-1.0)
2022-09-15,141,230,0.77,0.86,1201,958,44,144.0,9,23,984,2087.0,6990,29.81,3.0,2022,0.03663613655287261,0.20454545454545456,0.8193172356369692,0.79766860949209,0.3055555555555556,EXHAUSTION,0.0,0.0,0.0,0,NORMAL (15-25%),FLAT (0.8-1.0),NEGATIVE (<1x),HIGH (0.7-1.0)
2022-09-16,111,881,0.36,0.73,1065,1083,24,185.0,8,27,776,2314.0,6989,23.9,3.0,2022,0.022535211267605635,0.3333333333333333,0.7286384976525822,1.0169014084507042,0.12972972972972974,EXHAUSTION,0.0,0.0,0.0,0,ELEVATED (25-35%),DECELERATING (<0.8),NEGATIVE (<1x),EXTREME (>1.0)
2022-09-19,68,165,0.25,0.7,1087,1091,39,132.0,10,23,736,2214.0,6989,26.07,3.0,2022,0.035878564857405704,0.2564102564102564,0.6770929162833487,1.0036798528058877,0.29545454545454547,EXHAUSTION,0.0,0.0,0.0,0,ELEVATED (25-35%),DECELERATING (<0.8),NEGATIVE (<1x),EXTREME (>1.0)
2022-09-20,61,354,0.34,0.67,929,1181,40,117.0,9,21,603,2429.0,6984,21.54,3.0,2022,0.04305705059203445,0.225,0.6490850376749193,1.271259418729817,0.3418803418803419,EXHAUSTION,0.0,0.0,0.0,0,NORMAL (15-25%),DECELERATING (<0.8),NEGATIVE (<1x),EXTREME (>1.0)
2022-09-21,45,363,0.21,0.52,791,1264,26,146.0,9,19,497,2626.0,6985,18.57,3.0,2022,0.03286978508217446,0.34615384615384615,0.6283185840707964,1.5979772439949431,0.1780821917808219,EXHAUSTION,0.0,0.0,0.0,0,ELEVATED (25-35%),DECELERATING (<0.8),NEGATIVE (<1x),EXTREME (>1.0)
2022-09-22,63,669,0.14,0.39,656,1438,20,224.0,8,22,384,2896.0,6985,16.21,3.0,2022,0.03048780487804878,0.4,0.5853658536585366,2.192073170731707,0.08928571428571429,EXHAUSTION,0.0,0.0,0.0,0,HIGH (35-50%),DECELERATING (<0.8),NEGATIVE (<1x),EXTREME (>1.0)
2022-09-23,61,749,0.13,0.25,529,1658,20,426.0,7,22,290,3245.0,6983,12.15,3.0,2022,0.03780718336483932,0.35,0.5482041587901701,3.1342155009451798,0.046948356807511735,EXHAUSTION,0.0,0.0,0.0,0,ELEVATED (25-35%),DECELERATING (<0.8),NEGATIVE (<1x),EXTREME (>1.0)
2022-09-26,86,341,0.13,0.19,489,1821,21,348.0,9,18,269,3373.0,6984,12.11,3.0,2022,0.04294478527607362,0.42857142857142855,0.5501022494887525,3.723926380368098,0.0603448275862069,EXHAUSTION,0.0,0.0,0.0,0,HIGH (35-50%),DECELERATING (<0.8),NEGATIVE (<1x),EXTREME (>1.0)
2022-09-27,234,112,0.22,0.27,528,1765,24,282.0,7,18,289,3352.0,6986,12.07,3.0,2022,0.045454545454545456,0.2916666666666667,0.5473484848484849,3.3428030303030303,0.0851063829787234,EXHAUSTION,0.0,0.0,0.0,0,ELEVATED (25-35%),DECELERATING (<0.8),NEGATIVE (<1x),EXTREME (>1.0)
2022-09-28,727,51,0.61,0.41,662,1464,36,133.0,13,14,504,2976.0,6987,15.69,3.0,2022,0.054380664652567974,0.3611111111111111,0.7613293051359517,2.211480362537764,0.2706766917293233,EXHAUSTION,0.0,0.0,0.0,1,HIGH (35-50%),DECELERATING (<0.8),NEGATIVE (<1x),EXTREME (>1.0)
2022-09-29,50,585,0.63,0.35,566,1690,33,197.0,11,18,365,3215.0,6989,12.8,3.0,2022,0.05830388692579505,0.3333333333333333,0.6448763250883393,2.9858657243816253,0.16751269035532995,EXHAUSTION,0.0,0.0,0.0,1,ELEVATED (25-35%),DECELERATING (<0.8),NEGATIVE (<1x),EXTREME (>1.0)
2022-09-30,153,213,0.96,0.43,554,1714,36,185.0,10,19,382,3218.0,6989,12.93,3.0,2022,0.06498194945848375,0.2777777777777778,0.6895306859205776,3.0938628158844765,0.1945945945945946,EXHAUSTION,0.0,0.0,0.0,1,ELEVATED (25-35%),DECELERATING (<0.8),NEGATIVE (<1x),EXTREME (>1.0)
2022-10-03,549,100,1.61,0.57,647,1496,45,133.0,12,18,589,2890.0,6988,18.61,3.0,2022,0.0695517774343122,0.26666666666666666,0.910355486862442,2.312210200927357,0.3383458646616541,EXHAUSTION,0.0,0.0,0.0,2,ELEVATED (25-35%),FLAT (0.8-1.0),NEGATIVE (<1x),EXTREME (>1.0)
2022-10-04,1155,68,2.59,0.96,824,1231,56,70.0,12,20,1146,2254.0,6983,27.06,3.0,2022,0.06796116504854369,0.21428571428571427,1.3907766990291262,1.4939320388349515,0.8,EXHAUSTION,0.0,0.0,0.0,2,NORMAL (15-25%),ACCELERATING (1.2-1.5),NEGATIVE (<1x),EXTREME (>1.0)
2022-10-05,143,133,1.87,1.07,818,1293,44,115.0,16,20,1095,2293.0,6983,27.1,3.0,2022,0.05378973105134474,0.36363636363636365,1.3386308068459658,1.580684596577017,0.3826086956521739,EXHAUSTION,0.0,0.0,0.0,1,HIGH (35-50%),ACCELERATING (1.2-1.5),NEGATIVE (<1x),EXTREME (>1.0)
2022-10-06,153,197,3.03,1.3,803,1365,34,140.0,12,20,1094,2256.0,6980,27.18,3.0,2022,0.04234122042341221,0.35294117647058826,1.3623910336239102,1.6998754669987546,0.24285714285714285,EXHAUSTION,0.0,0.0,0.0,0,HIGH (35-50%),ACCELERATING (1.2-1.5),NEGATIVE (<1x),EXTREME (>1.0)
2022-10-07,46,742,1.65,1.3,664,1576,24,277.0,9,21,712,2534.0,6976,21.62,3.0,2022,0.03614457831325301,0.375,1.072289156626506,2.3734939759036147,0.08664259927797834,EXHAUSTION,0.0,0.0,0.0,0,HIGH (35-50%),SLIGHT ACCEL (1.0-1.2),NEGATIVE (<1x),EXTREME (>1.0)
2022-10-10,68,304,1.08,1.31,601,1676,25,368.0,10,28,634,2598.0,6978,21.16,3.0,2022,0.04159733777038269,0.4,1.054908485856905,2.788685524126456,0.06793478260869565,EXHAUSTION,0.0,0.0,0.0,0,HIGH (35-50%),SLIGHT ACCEL (1.0-1.2),NEGATIVE (<1x),EXTREME (>1.0)
2022-10-11,156,284,0.34,1.2,575,1680,24,257.0,9,28,652,2608.0,6974,21.18,3.0,2022,0.04173913043478261,0.375,1.133913043478261,2.9217391304347826,0.0933852140077821,EXHAUSTION,0.0,0.0,0.0,0,HIGH (35-50%),SLIGHT ACCEL (1.0-1.2),NEGATIVE (<1x),EXTREME (>1.0)
2022-10-12,131,160,0.33,0.93,582,1705,33,274.0,9,26,656,2615.0,6975,21.23,3.0,2022,0.05670103092783505,0.2727272727272727,1.127147766323024,2.929553264604811,0.12043795620437957,EXHAUSTION,0.0,0.0,0.0,1,ELEVATED (25-35%),SLIGHT ACCEL (1.0-1.2),NEGATIVE (<1x),EXTREME (>1.0)
2022-10-13,573,102,0.61,1.36,650,1537,33,219.0,10,29,851,2189.0,6974,28.51,3.0,2022,0.05076923076923077,0.30303030303030304,1.3092307692307692,2.3646153846153846,0.1506849315068493,EXHAUSTION,0.0,0.0,0.0,0,ELEVATED (25-35%),ACCELERATING (1.2-1.5),NEGATIVE (<1x),EXTREME (>1.0)
2022-10-14,60,334,0.83,1.25,508,1703,31,217.0,7,24,637,2417.0,6974,21.85,3.0,2022,0.0610236220472441,0.22580645161290322,1.2539370078740157,3.3523622047244093,0.14285714285714285,EXHAUSTION,0.0,0.0,0.0,1,NORMAL (15-25%),ACCELERATING (1.2-1.5),NEGATIVE (<1x),EXTREME (>1.0)
2022-10-17,685,81,1.67,1.32,601,1484,37,161.0,10,22,928,2026.0,6975,31.1,3.0,2022,0.06156405990016639,0.2702702702702703,1.5440931780366056,2.469217970049917,0.22981366459627328,EXHAUSTION,0.0,0.0,0.0,1,ELEVATED (25-35%),STRONG ACCEL (>1.5),NEGATIVE (<1x),EXTREME (>1.0)
2022-10-18,248,96,2.2,0.93,614,1429,38,120.0,11,21,1155,1861.0,6970,37.69,3.0,2022,0.06188925081433225,0.2894736842105263,1.8811074918566775,2.3273615635179152,0.31666666666666665,EXHAUSTION,0.0,0.0,0.0,1,ELEVATED (25-35%),STRONG ACCEL (>1.5),NEGATIVE (<1x),EXTREME (>1.0)
2022-10-19,111,474,1.54,0.8,549,1554,51,134.0,10,23,924,2063.0,6970,33.74,3.0,2022,0.09289617486338798,0.19607843137254902,1.6830601092896176,2.830601092896175,0.3805970149253731,EXHAUSTION,0.0,0.0,0.0,4,NORMAL (15-25%),STRONG ACCEL (>1.5),NEGATIVE (<1x),EXTREME (>1.0)
2022-10-20,129,214,1.03,0.79,550,1578,67,116.0,11,20,883,2130.0,6968,30.38,3.0,2022,0.12181818181818181,0.16417910447761194,1.6054545454545455,2.869090909090909,0.5775862068965517,EXHAUSTION,0.0,0.0,0.0,6,NORMAL (15-25%),STRONG ACCEL (>1.5),NEGATIVE (<1x),EXTREME (>1.0)
2022-10-21,422,126,1.61,1.19,626,1468,149,87.0,19,21,1154,1906.0,6962,39.71,3.0,2022,0.2380191693290735,0.12751677852348994,1.843450479233227,2.3450479233226837,1.7126436781609196,NEUTRAL,0.0,0.0,0.0,9,LOW (<15%),STRONG ACCEL (>1.5),WEAK (1-2x),EXTREME (>1.0)
2022-10-24,127,249,0.89,1.25,611,1446,184,86.0,30,17,1193,1872.0,6960,43.04,3.0,2022,0.3011456628477905,0.16304347826086957,1.9525368248772503,2.3666121112929623,2.13953488372093,MID_BULL,0.0,0.0,0.0,9,NORMAL (15-25%),STRONG ACCEL (>1.5),MODERATE (2-3x),EXTREME (>1.0)
2022-10-25,890,58,1.5,1.78,771,1250,211,72.0,28,20,1803,1582.0,6961,53.38,3.0,2022,0.27367055771725035,0.13270142180094788,2.3385214007782102,1.6212710765239948,2.9305555555555554,MID_BULL,0.0,0.0,0.33333333333333326,9,LOW (<15%),STRONG ACCEL (>1.5),MODERATE (2-3x),EXTREME (>1.0)
2022-10-26,249,129,2.34,1.88,795,1253,138,75.0,16,23,1876,1551.0,6961,55.25,3.0,2022,0.17358490566037735,0.11594202898550725,2.359748427672956,1.5761006289308177,1.84,NEUTRAL,0.0,0.0,0.33333333333333326,8,LOW (<15%),STRONG ACCEL (>1.5),WEAK (1-2x),EXTREME (>1.0)
2022-10-27,174,199,2.45,1.58,767,1264,187,62.0,19,20,1909,1565.0,6956,55.5,3.0,2022,0.2438070404172099,0.10160427807486631,2.4889178617992176,1.6479791395045633,3.0161290322580645,NEUTRAL,0.0,0.0,0.33333333333333326,9,LOW (<15%),STRONG ACCEL (>1.5),STRONG (3-5x),EXTREME (>1.0)
2022-10-28,413,115,2.47,1.98,942,1167,289,60.0,25,20,2314,1192.0,6956,61.66,3.0,2022,0.3067940552016985,0.08650519031141868,2.456475583864119,1.2388535031847134,4.816666666666666,MID_BULL,0.0,0.0,0.0,9,LOW (<15%),STRONG ACCEL (>1.5),STRONG (3-5x),EXTREME (>1.0)
2022-10-31,205,148,2.98,1.64,963,1178,186,60.0,18,22,2253,1161.0,6956,62.89,3.0,2022,0.19314641744548286,0.0967741935483871,2.339563862928349,1.2232606438213915,3.1,NEUTRAL,0.0,0.0,0.0,9,LOW (<15%),STRONG ACCEL (>1.5),STRONG (3-5x),EXTREME (>1.0)
2022-11-01,212,133,1.73,1.59,991,1154,103,75.0,12,20,2314,1080.0,6956,64.0,3.0,2022,0.10393541876892028,0.11650485436893204,2.3350151362260343,1.1644803229061553,1.3733333333333333,EXHAUSTION,0.0,0.0,0.33333333333333326,5,LOW (<15%),STRONG ACCEL (>1.5),WEAK (1-2x),EXTREME (>1.0)
2022-11-02,90,889,0.74,1.29,770,1351,73,107.0,11,26,1789,1306.0,6941,54.19,3.0,2022,0.09480519480519481,0.1506849315068493,2.3233766233766233,1.7545454545454546,0.6822429906542056,EXHAUSTION,0.0,0.0,0.33333333333333326,4,NORMAL (15-25%),STRONG ACCEL (>1.5),NEGATIVE (<1x),EXTREME (>1.0)
2022-11-03,215,319,0.71,1.27,789,1401,100,134.0,10,33,1760,1378.0,6940,52.73,3.0,2022,0.1267427122940431,0.1,2.2306717363751583,1.7756653992395437,0.746268656716418,EXHAUSTION,0.0,0.0,0.33333333333333326,6,LOW (<15%),STRONG ACCEL (>1.5),NEGATIVE (<1x),EXTREME (>1.0)
2022-11-04,428,284,0.65,1.19,897,1331,183,111.0,14,29,1964,1237.0,6940,58.82,3.0,2022,0.2040133779264214,0.07650273224043716,2.189520624303233,1.483835005574136,1.6486486486486487,NEUTRAL,0.0,0.0,0.0,9,LOW (<15%),STRONG ACCEL (>1.5),WEAK (1-2x),EXTREME (>1.0)
2022-11-07,222,217,0.63,1.24,949,1293,231,94.0,24,26,2031,1167.0,6936,61.72,3.0,2022,0.2434141201264489,0.1038961038961039,2.1401475237091674,1.362486828240253,2.4574468085106385,NEUTRAL,0.0,0.0,0.0,9,LOW (<15%),STRONG ACCEL (>1.5),MODERATE (2-3x),EXTREME (>1.0)
2022-11-08,241,285,0.6,0.9,964,1292,252,97.0,30,33,2063,1132.0,6936,62.9,3.0,2022,0.26141078838174275,0.11904761904761904,2.1400414937759336,1.3402489626556016,2.597938144329897,MID_BULL,0.0,0.33333333333333326,0.0,9,LOW (<15%),STRONG ACCEL (>1.5),MODERATE (2-3x),EXTREME (>1.0)
2022-11-09,88,737,0.65,0.69,792,1399,190,130.0,20,35,1738,1363.0,6938,56.91,3.0,2022,0.2398989898989899,0.10526315789473684,2.1944444444444446,1.7664141414141414,1.4615384615384615,NEUTRAL,0.0,0.33333333333333326,0.0,9,LOW (<15%),STRONG ACCEL (>1.5),WEAK (1-2x),EXTREME (>1.0)
2022-11-10,1865,117,1.73,1.23,1302,1101,299,97.0,26,30,2727,956.0,6940,74.76,3.0,2022,0.22964669738863286,0.08695652173913043,2.0944700460829493,0.8456221198156681,3.082474226804124,NEUTRAL,0.0,0.33333333333333326,0.0,9,LOW (<15%),STRONG ACCEL (>1.5),STRONG (3-5x),HIGH (0.7-1.0)
2022-11-11,562,139,1.99,1.26,1565,994,524,70.0,63,22,2933,838.0,6940,74.43,3.0,2022,0.3348242811501597,0.12022900763358779,1.8741214057507987,0.6351437699680511,7.485714285714286,MID_BULL,0.0,0.0,0.0,9,LOW (<15%),STRONG ACCEL (>1.5),VERY STRONG (>5x),ELEVATED (0.5-0.7)
2022-11-14,162,215,1.95,1.22,1421,1056,297,96.0,30,25,2714,924.0,6939,72.76,3.0,2022,0.20900774102744546,0.10101010101010101,1.9099225897255454,0.7431386347642506,3.09375,NEUTRAL,0.0,0.0,0.33333333333333326,9,LOW (<15%),STRONG ACCEL (>1.5),STRONG (3-5x),HIGH (0.7-1.0)
2022-11-15,446,176,2.26,1.28,1628,965,317,97.0,44,25,2858,839.0,6937,74.81,3.0,2022,0.1947174447174447,0.138801261829653,1.7555282555282554,0.5927518427518428,3.268041237113402,NEUTRAL,0.33333333333333326,0.33333333333333326,0.0,9,LOW (<15%),STRONG ACCEL (>1.5),STRONG (3-5x),ELEVATED (0.5-0.7)
2022-11-16,79,347,3.13,1.52,1375,1028,316,102.0,31,22,2572,1002.0,6935,72.75,3.0,2022,0.2298181818181818,0.0981012658227848,1.8705454545454545,0.7476363636363637,3.0980392156862746,NEUTRAL,0.33333333333333326,0.33333333333333326,0.0,9,LOW (<15%),STRONG ACCEL (>1.5),STRONG (3-5x),HIGH (0.7-1.0)
2022-11-17,111,276,1.18,1.51,1280,1051,326,108.0,35,23,2337,1094.0,6933,70.7,3.0,2022,0.2546875,0.10736196319018405,1.82578125,0.82109375,3.0185185185185186,MID_BULL,0.33333333333333326,0.33333333333333326,0.0,9,LOW (<15%),STRONG ACCEL (>1.5),STRONG (3-5x),HIGH (0.7-1.0)
2022-11-18,144,184,0.79,1.46,1288,1007,243,114.0,27,27,2355,1133.0,6931,71.27,3.0,2022,0.18866459627329193,0.1111111111111111,1.828416149068323,0.781832298136646,2.1315789473684212,NEUTRAL,0.0,0.0,0.0,9,LOW (<15%),STRONG ACCEL (>1.5),MODERATE (2-3x),HIGH (0.7-1.0)
2022-11-21,101,317,0.68,1.36,1237,1031,223,119.0,24,28,2260,1200.0,6931,70.03,3.0,2022,0.18027485852869846,0.10762331838565023,1.8270008084074374,0.8334680679062247,1.8739495798319328,NEUTRAL,0.0,0.0,0.0,8,LOW (<15%),STRONG ACCEL (>1.5),WEAK (1-2x),HIGH (0.7-1.0)
2022-11-22,261,154,0.54,1.43,1387,998,174,149.0,17,30,2434,1124.0,6927,71.85,4.0,2022,0.1254506128334535,0.09770114942528736,1.7548666186012978,0.7195385724585436,1.167785234899329,EXHAUSTION,0.0,-0.25,-0.25,6,LOW (<15%),STRONG ACCEL (>1.5),WEAK (1-2x),HIGH (0.7-1.0)
2022-11-23,211,77,0.82,1.97,1413,966,172,133.0,14,29,2510,1031.0,6924,72.64,4.0,2022,0.12172682236376504,0.08139534883720931,1.7763623496107572,0.6836518046709129,1.2932330827067668,EXHAUSTION,0.0,-0.25,-0.25,6,LOW (<15%),STRONG ACCEL (>1.5),WEAK (1-2x),ELEVATED (0.5-0.7)
2022-11-25,75,22,1.05,1.13,1467,945,169,135.0,18,29,2556,1008.0,6924,73.0,4.0,2022,0.11520109066121335,0.10650887573964497,1.7423312883435582,0.6441717791411042,1.2518518518518518,EXHAUSTION,0.0,-0.25,-0.25,6,LOW (<15%),STRONG ACCEL (>1.5),WEAK (1-2x),ELEVATED (0.5-0.7)
2022-11-28,112,648,0.62,0.7,1240,980,98,159.0,17,34,2189,1187.0,6917,68.36,3.0,2022,0.07903225806451612,0.17346938775510204,1.7653225806451613,0.7903225806451613,0.6163522012578616,EXHAUSTION,0.0,0.0,0.0,3,NORMAL (15-25%),STRONG ACCEL (>1.5),NEGATIVE (<1x),HIGH (0.7-1.0)
2022-11-29,173,132,0.81,0.73,1278,967,110,154.0,19,32,2177,1160.0,6917,69.57,3.0,2022,0.08607198748043818,0.17272727272727273,1.7034428794992176,0.7566510172143975,0.7142857142857143,EXHAUSTION,0.0,0.33333333333333326,0.0,3,NORMAL (15-25%),STRONG ACCEL (>1.5),NEGATIVE (<1x),HIGH (0.7-1.0)
2022-11-30,911,105,1.51,0.96,1564,839,139,142.0,22,26,2514,975.0,6912,74.08,4.0,2022,0.08887468030690537,0.15827338129496402,1.6074168797953965,0.5364450127877238,0.9788732394366197,EXHAUSTION,-0.25,-0.25,-0.25,4,NORMAL (15-25%),STRONG ACCEL (>1.5),NEGATIVE (<1x),ELEVATED (0.5-0.7)
2022-12-01,200,106,1.45,1.14,1593,846,228,102.0,27,21,2536,975.0,6909,73.35,4.0,2022,0.1431261770244821,0.11842105263157894,1.5919648462021343,0.5310734463276836,2.235294117647059,EXHAUSTION,-0.25,-0.25,-0.25,7,LOW (<15%),STRONG ACCEL (>1.5),MODERATE (2-3x),ELEVATED (0.5-0.7)
2022-12-02,266,90,1.54,1.34,1643,803,259,89.0,32,15,2469,925.0,6889,73.68,4.0,2022,0.15763846622032868,0.12355212355212356,1.5027388922702374,0.4887401095556908,2.9101123595505616,NEUTRAL,-0.25,-0.25,-0.25,8,LOW (<15%),STRONG ACCEL (>1.5),MODERATE (2-3x),MODERATE (0.3-0.5)
2022-12-05,107,656,1.52,1.05,1395,909,160,87.0,22,18,2046,1135.0,6889,66.01,3.0,2022,0.11469534050179211,0.1375,1.4666666666666666,0.6516129032258065,1.839080459770115,EXHAUSTION,0.0,0.0,0.0,6,LOW (<15%),ACCELERATING (1.2-1.5),WEAK (1-2x),ELEVATED (0.5-0.7)
2022-12-06,77,445,1.11,0.98,1252,994,119,109.0,24,21,1843,1327.0,6889,60.97,3.0,2022,0.0950479233226837,0.20168067226890757,1.4720447284345048,0.7939297124600639,1.091743119266055,EXHAUSTION,0.33333333333333326,0.0,0.0,4,NORMAL (15-25%),ACCELERATING (1.2-1.5),WEAK (1-2x),HIGH (0.7-1.0)
2022-12-07,114,247,0.49,0.89,1190,1013,116,100.0,20,17,1737,1413.0,6890,58.41,3.0,2022,0.09747899159663866,0.1724137931034483,1.4596638655462184,0.8512605042016806,1.16,EXHAUSTION,0.0,0.0,0.0,4,NORMAL (15-25%),ACCELERATING (1.2-1.5),WEAK (1-2x),HIGH (0.7-1.0)
2022-12-08,241,125,0.52,0.88,1276,993,176,66.0,35,13,1718,1352.0,6891,59.88,3.0,2022,0.13793103448275862,0.19886363636363635,1.3463949843260188,0.7782131661442007,2.6666666666666665,EXHAUSTION,0.0,0.0,0.0,7,NORMAL (15-25%),ACCELERATING (1.2-1.5),MODERATE (2-3x),HIGH (0.7-1.0)
2022-12-09,137,234,0.4,0.84,1183,1040,68,112.0,15,13,1530,1453.0,6884,56.17,3.0,2022,0.057480980557903634,0.22058823529411764,1.2933220625528319,0.8791208791208791,0.6071428571428571,EXHAUSTION,0.0,0.0,0.0,1,NORMAL (15-25%),ACCELERATING (1.2-1.5),NEGATIVE (<1x),HIGH (0.7-1.0)
2022-12-12,402,187,0.78,1.13,1301,1006,51,134.0,13,17,1535,1359.0,6872,58.93,3.0,2022,0.03920061491160646,0.2549019607843137,1.1798616448885473,0.7732513451191392,0.3805970149253731,EXHAUSTION,0.0,0.0,0.0,0,ELEVATED (25-35%),SLIGHT ACCEL (1.0-1.2),NEGATIVE (<1x),HIGH (0.7-1.0)
2022-12-13,305,182,1.23,1.16,1395,931,66,109.0,10,19,1638,1279.0,6864,60.39,4.0,2022,0.047311827956989246,0.15151515151515152,1.1741935483870967,0.6673835125448029,0.6055045871559633,EXHAUSTION,-0.25,-0.25,-0.25,0,NORMAL (15-25%),SLIGHT ACCEL (1.0-1.2),NEGATIVE (<1x),ELEVATED (0.5-0.7)
2022-12-14,142,182,1.35,0.81,1352,936,50,119.0,9,21,1522,1341.0,6855,56.14,3.0,2022,0.03698224852071006,0.18,1.1257396449704142,0.6923076923076923,0.42016806722689076,EXHAUSTION,0.0,0.0,0.0,0,NORMAL (15-25%),SLIGHT ACCEL (1.0-1.2),NEGATIVE (<1x),ELEVATED (0.5-0.7)
2022-12-15,78,559,0.79,0.64,1134,993,58,114.0,9,19,1177,1597.0,6853,46.43,3.0,2022,0.05114638447971781,0.15517241379310345,1.0379188712522045,0.8756613756613757,0.5087719298245614,EXHAUSTION,0.0,0.0,0.0,0,NORMAL (15-25%),SLIGHT ACCEL (1.0-1.2),NEGATIVE (<1x),HIGH (0.7-1.0)
2022-12-16,215,406,0.75,0.56,1101,1022,67,109.0,13,20,1116,1688.0,6842,38.79,3.0,2022,0.06085376930063579,0.19402985074626866,1.013623978201635,0.9282470481380564,0.6146788990825688,EXHAUSTION,0.0,0.0,0.0,1,NORMAL (15-25%),SLIGHT ACCEL (1.0-1.2),NEGATIVE (<1x),HIGH (0.7-1.0)
2022-12-19,63,260,0.24,0.24,969,1127,51,123.0,13,22,923,1899.0,6832,34.52,3.0,2023,0.05263157894736842,0.2549019607843137,0.9525283797729618,1.1630546955624355,0.4146341463414634,EXHAUSTION,0.0,0.0,0.0,1,ELEVATED (25-35%),FLAT (0.8-1.0),NEGATIVE (<1x),EXTREME (>1.0)
2022-12-19,63,260,0.51,0.63,969,1127,51,123.0,13,22,923,1899.0,6832,34.52,3.0,2022,0.05263157894736842,0.2549019607843137,0.9525283797729618,1.1630546955624355,0.4146341463414634,EXHAUSTION,0.0,0.0,0.0,1,ELEVATED (25-35%),FLAT (0.8-1.0),NEGATIVE (<1x),EXTREME (>1.0)
2022-12-20,197,188,0.44,0.74,1014,1073,57,100.0,12,17,964,1808.0,6818,34.76,3.0,2022,0.05621301775147929,0.21052631578947367,0.9506903353057199,1.0581854043392505,0.57,EXHAUSTION,0.0,0.0,0.0,1,NORMAL (15-25%),FLAT (0.8-1.0),NEGATIVE (<1x),EXTREME (>1.0)
2022-12-20,197,188,0.58,0.58,1014,1073,57,100.0,12,17,964,1808.0,6818,34.76,3.0,2023,0.05621301775147929,0.21052631578947367,0.9506903353057199,1.0581854043392505,0.57,EXHAUSTION,0.0,0.0,0.0,1,NORMAL (15-25%),FLAT (0.8-1.0),NEGATIVE (<1x),EXTREME (>1.0)
2022-12-21,268,135,0.53,0.83,1154,1011,72,104.0,13,18,1122,1593.0,6817,40.79,3.0,2022,0.06239168110918544,0.18055555555555555,0.9722703639514731,0.8760831889081456,0.6923076923076923,EXHAUSTION,0.0,0.0,0.0,1,NORMAL (15-25%),FLAT (0.8-1.0),NEGATIVE (<1x),HIGH (0.7-1.0)
2022-12-21,268,135,0.91,0.91,1154,1011,72,104.0,13,18,1122,1593.0,6817,40.79,3.0,2023,0.06239168110918544,0.18055555555555555,0.9722703639514731,0.8760831889081456,0.6923076923076923,EXHAUSTION,0.0,0.0,0.0,1,NORMAL (15-25%),FLAT (0.8-1.0),NEGATIVE (<1x),HIGH (0.7-1.0)
2022-12-22,111,334,0.65,0.72,1052,1044,58,139.0,12,18,903,1741.0,6803,35.45,3.0,2022,0.055133079847908745,0.20689655172413793,0.8583650190114068,0.9923954372623575,0.4172661870503597,EXHAUSTION,0.0,0.0,0.0,1,NORMAL (15-25%),FLAT (0.8-1.0),NEGATIVE (<1x),HIGH (0.7-1.0)
2022-12-22,111,334,0.7,0.7,1052,1044,58,139.0,12,18,903,1741.0,6803,35.45,3.0,2023,0.055133079847908745,0.20689655172413793,0.8583650190114068,0.9923954372623575,0.4172661870503597,EXHAUSTION,0.0,0.0,0.0,1,NORMAL (15-25%),FLAT (0.8-1.0),NEGATIVE (<1x),HIGH (0.7-1.0)
2022-12-23,139,118,0.75,0.75,1086,1028,55,148.0,10,19,922,1684.0,6792,38.05,3.0,2022,0.05064456721915286,0.18181818181818182,0.848987108655617,0.9465930018416207,0.3716216216216216,EXHAUSTION,0.0,0.0,0.0,0,NORMAL (15-25%),FLAT (0.8-1.0),NEGATIVE (<1x),HIGH (0.7-1.0)
2022-12-23,139,118,0.75,0.75,1086,1028,55,148.0,10,19,922,1684.0,6792,38.05,3.0,2023,0.05064456721915286,0.18181818181818182,0.848987108655617,0.9465930018416207,0.3716216216216216,EXHAUSTION,0.0,0.0,0.0,0,NORMAL (15-25%),FLAT (0.8-1.0),NEGATIVE (<1x),HIGH (0.7-1.0)
2022-12-27,131,517,0.65,0.59,1034,1081,64,148.0,13,19,850,1758.0,6778,37.82,3.0,2023,0.061895551257253385,0.203125,0.8220502901353965,1.0454545454545454,0.43243243243243246,EXHAUSTION,0.0,0.0,0.0,1,NORMAL (15-25%),FLAT (0.8-1.0),NEGATIVE (<1x),EXTREME (>1.0)
2022-12-27,131,517,0.65,0.57,1034,1081,64,148.0,13,19,850,1758.0,6778,37.82,3.0,2022,0.061895551257253385,0.203125,0.8220502901353965,1.0454545454545454,0.43243243243243246,EXHAUSTION,0.0,0.0,0.33333333333333326,1,NORMAL (15-25%),FLAT (0.8-1.0),NEGATIVE (<1x),EXTREME (>1.0)
2022-12-28,135,284,0.56,0.5,921,1144,52,157.0,13,19,757,1915.0,6772,31.39,3.0,2022,0.05646036916395222,0.25,0.8219326818675353,1.242128121606949,0.33121019108280253,EXHAUSTION,0.0,0.0,0.33333333333333326,1,NORMAL (15-25%),FLAT (0.8-1.0),NEGATIVE (<1x),EXTREME (>1.0)
2022-12-28,135,284,0.56,0.57,921,1144,52,157.0,13,19,757,1915.0,6772,31.39,3.0,2023,0.05646036916395222,0.25,0.8219326818675353,1.242128121606949,0.33121019108280253,EXHAUSTION,0.0,0.0,0.33333333333333326,1,NORMAL (15-25%),FLAT (0.8-1.0),NEGATIVE (<1x),EXTREME (>1.0)
2022-12-29,757,56,0.97,0.95,1059,1007,51,154.0,14,18,851,1598.0,6772,39.26,3.0,2023,0.04815864022662889,0.27450980392156865,0.8035882908404155,0.9508970727101038,0.33116883116883117,EXHAUSTION,0.0,0.0,0.33333333333333326,0,ELEVATED (25-35%),FLAT (0.8-1.0),NEGATIVE (<1x),HIGH (0.7-1.0)
2022-12-29,757,56,0.97,0.73,1059,1007,51,154.0,14,18,851,1598.0,6772,39.26,3.0,2022,0.04815864022662889,0.27450980392156865,0.8035882908404155,0.9508970727101038,0.33116883116883117,EXHAUSTION,0.0,0.0,0.33333333333333326,0,ELEVATED (25-35%),FLAT (0.8-1.0),NEGATIVE (<1x),HIGH (0.7-1.0)
2022-12-30,259,99,2.62,2.62,1114,972,50,129.0,13,19,946,1585.0,6765,37.35,3.0,2023,0.04488330341113106,0.26,0.8491921005385996,0.8725314183123878,0.3875968992248062,EXHAUSTION,0.0,0.0,0.33333333333333326,0,ELEVATED (25-35%),FLAT (0.8-1.0),NEGATIVE (<1x),HIGH (0.7-1.0)
2022-12-30,259,99,1.32,0.95,1114,972,50,129.0,13,19,946,1585.0,6765,37.35,3.0,2022,0.04488330341113106,0.26,0.8491921005385996,0.8725314183123878,0.3875968992248062,EXHAUSTION,0.0,0.0,0.33333333333333326,0,ELEVATED (25-35%),FLAT (0.8-1.0),NEGATIVE (<1x),HIGH (0.7-1.0)
2023-01-03,233,295,1.21,1.0,1099,987,42,144.0,15,19,950,1574.0,6744,37.72,3.0,2023,0.03821656050955414,0.35714285714285715,0.8644222020018199,0.8980891719745223,0.2916666666666667,EXHAUSTION,0.0,0.0,0.33333333333333326,0,HIGH (35-50%),FLAT (0.8-1.0),NEGATIVE (<1x),HIGH (0.7-1.0)
2023-01-04,585,71,2.45,1.34,1224,916,57,83.0,14,14,1224,1390.0,6736,44.16,3.0,2023,0.04656862745098039,0.24561403508771928,1.0,0.7483660130718954,0.6867469879518072,EXHAUSTION,0.0,0.0,0.33333333333333326,0,NORMAL (15-25%),FLAT (0.8-1.0),NEGATIVE (<1x),HIGH (0.7-1.0)
2023-01-05,200,261,2.6,1.3,1175,950,64,78.0,20,12,1154,1418.0,6736,40.47,3.0,2023,0.05446808510638298,0.3125,0.9821276595744681,0.8085106382978723,0.8205128205128205,EXHAUSTION,0.0,0.0,0.33333333333333326,1,ELEVATED (25-35%),FLAT (0.8-1.0),NEGATIVE (<1x),HIGH (0.7-1.0)
2023-01-06,494,93,2.16,1.43,1335,896,77,59.0,19,11,1397,1219.0,6732,53.42,3.0,2023,0.05767790262172284,0.24675324675324675,1.046441947565543,0.6711610486891386,1.305084745762712,EXHAUSTION,0.0,0.33333333333333326,0.33333333333333326,1,NORMAL (15-25%),SLIGHT ACCEL (1.0-1.2),WEAK (1-2x),ELEVATED (0.5-0.7)
2023-01-09,417,159,2.19,1.72,1420,871,68,63.0,18,11,1522,1153.0,6728,54.99,3.0,2023,0.04788732394366197,0.2647058823529412,1.0718309859154929,0.6133802816901408,1.0793650793650793,EXHAUSTION,0.0,0.33333333333333326,0.33333333333333326,0,ELEVATED (25-35%),SLIGHT ACCEL (1.0-1.2),WEAK (1-2x),ELEVATED (0.5-0.7)
2023-01-10,376,58,3.23,1.89,1596,773,98,50.0,23,11,1772,1021.0,6730,58.68,3.0,2023,0.06140350877192982,0.23469387755102042,1.1102756892230576,0.4843358395989975,1.96,EXHAUSTION,0.0,0.33333333333333326,0.33333333333333326,1,NORMAL (15-25%),SLIGHT ACCEL (1.0-1.2),WEAK (1-2x),MODERATE (0.3-0.5)
2023-01-11,441,104,2.86,2.63,1758,731,100,51.0,25,11,1964,883.0,6732,67.22,3.0,2023,0.05688282138794084,0.25,1.117178612059158,0.41581342434584756,1.9607843137254901,EXHAUSTION,0.0,0.33333333333333326,0.33333333333333326,1,NORMAL (15-25%),SLIGHT ACCEL (1.0-1.2),WEAK (1-2x),MODERATE (0.3-0.5)
2023-01-12,468,66,4.58,3.35,1909,653,105,43.0,21,9,2182,754.0,6732,72.24,3.0,2023,0.05500261917234154,0.2,1.1430068098480881,0.34206390780513357,2.441860465116279,EXHAUSTION,0.0,0.33333333333333326,0.33333333333333326,1,NORMAL (15-25%),SLIGHT ACCEL (1.0-1.2),MODERATE (2-3x),MODERATE (0.3-0.5)
2023-01-13,325,73,4.41,2.97,1967,612,110,37.0,25,9,2249,713.0,6731,73.04,3.0,2023,0.05592272496187087,0.22727272727272727,1.1433655312658872,0.31113370615149977,2.972972972972973,EXHAUSTION,0.33333333333333326,0.33333333333333326,0.33333333333333326,1,NORMAL (15-25%),SLIGHT ACCEL (1.0-1.2),MODERATE (2-3x),MODERATE (0.3-0.5)
2023-01-17,290,126,4.45,2.93,1929,599,150,27.0,27,7,2239,675.0,6726,73.98,3.0,2023,0.07776049766718507,0.18,1.1607050285121825,0.31052358735095903,5.555555555555555,EXHAUSTION,0.33333333333333326,0.33333333333333326,0.33333333333333326,3,NORMAL (15-25%),SLIGHT ACCEL (1.0-1.2),VERY STRONG (>5x),MODERATE (0.3-0.5)
2023-01-18,118,352,2.28,2.72,1799,645,146,31.0,23,8,2033,856.0,6718,66.16,3.0,2023,0.0811561978877154,0.15753424657534246,1.1300722623679822,0.358532518065592,4.709677419354839,EXHAUSTION,0.33333333333333326,0.33333333333333326,0.33333333333333326,3,NORMAL (15-25%),SLIGHT ACCEL (1.0-1.2),STRONG (3-5x),MODERATE (0.3-0.5)
2023-01-19,112,218,1.57,2.15,1619,701,172,30.0,26,11,1893,958.0,6721,60.64,3.0,2023,0.10623841877702285,0.1511627906976744,1.1692402717726993,0.4329833230389129,5.733333333333333,EXHAUSTION,0.33333333333333326,0.33333333333333326,0.33333333333333326,5,NORMAL (15-25%),SLIGHT ACCEL (1.0-1.2),VERY STRONG (>5x),MODERATE (0.3-0.5)
2023-01-20,440,71,1.53,2.64,1773,636,214,24.0,29,6,2166,766.0,6720,68.83,3.0,2023,0.12069937958262832,0.13551401869158877,1.22165820642978,0.3587140439932318,8.916666666666666,EXHAUSTION,0.33333333333333326,0.33333333333333326,0.33333333333333326,6,LOW (<15%),ACCELERATING (1.2-1.5),VERY STRONG (>5x),MODERATE (0.3-0.5)
2023-01-23,407,84,1.61,2.59,1897,584,221,23.0,29,6,2378,699.0,6717,72.2,4.0,2023,0.11649973642593568,0.13122171945701358,1.253558249868213,0.30785450711649975,9.608695652173912,EXHAUSTION,0.0,0.0,-0.25,6,LOW (<15%),ACCELERATING (1.2-1.5),VERY STRONG (>5x),MODERATE (0.3-0.5)
2023-01-24,177,109,1.5,2.5,1869,606,236,21.0,36,7,2334,636.0,6714,72.67,4.0,2023,0.12627073301230604,0.15254237288135594,1.2487961476725522,0.32423756019261635,11.238095238095237,EXHAUSTION,0.0,0.0,-0.25,6,NORMAL (15-25%),ACCELERATING (1.2-1.5),VERY STRONG (>5x),MODERATE (0.3-0.5)
2023-01-25,184,136,2.14,2.21,1806,601,260,18.0,40,7,2364,617.0,6715,73.34,4.0,2023,0.14396456256921372,0.15384615384615385,1.308970099667774,0.3327796234772979,14.444444444444445,EXHAUSTION,0.0,0.0,0.0,7,NORMAL (15-25%),ACCELERATING (1.2-1.5),VERY STRONG (>5x),MODERATE (0.3-0.5)
2023-01-26,249,132,2.74,2.03,1845,591,353,18.0,54,6,2457,622.0,6717,74.87,4.0,2023,0.1913279132791328,0.1529745042492918,1.3317073170731708,0.3203252032520325,19.61111111111111,NEUTRAL,0.0,0.0,-0.25,9,NORMAL (15-25%),ACCELERATING (1.2-1.5),VERY STRONG (>5x),MODERATE (0.3-0.5)
2023-01-27,391,100,2.51,1.92,1867,559,473,14.0,81,5,2518,566.0,6716,76.03,4.0,2023,0.2533476164970541,0.17124735729386892,1.3486877343331547,0.2994108194965185,33.785714285714285,MID_BULL,0.0,0.0,-0.25,9,NORMAL (15-25%),ACCELERATING (1.2-1.5),VERY STRONG (>5x),LOW (<0.3)
2023-01-30,110,230,1.57,1.59,1736,610,261,24.0,43,7,2311,672.0,6708,72.78,4.0,2023,0.15034562211981567,0.16475095785440613,1.331221198156682,0.3513824884792627,10.875,NEUTRAL,0.0,0.0,-0.25,8,NORMAL (15-25%),ACCELERATING (1.2-1.5),VERY STRONG (>5x),MODERATE (0.3-0.5)
2023-01-31,527,68,2.19,1.81,1921,552,344,26.0,46,7,2594,540.0,6705,78.63,4.0,2023,0.1790733992712129,0.13372093023255813,1.3503383654346695,0.28735033836543467,13.23076923076923,NEUTRAL,0.0,0.0,-0.25,8,LOW (<15%),ACCELERATING (1.2-1.5),VERY STRONG (>5x),LOW (<0.3)
2023-02-01,455,79,2.84,2.49,2048,514,465,23.0,62,8,2732,471.0,6703,80.06,4.0,2023,0.22705078125,0.13333333333333333,1.333984375,0.2509765625,20.217391304347824,NEUTRAL,0.0,0.0,-0.25,9,LOW (<15%),ACCELERATING (1.2-1.5),VERY STRONG (>5x),LOW (<0.3)
2023-02-02,721,123,3.67,3.23,2223,464,498,20.0,70,6,2913,454.0,6699,79.16,4.0,2023,0.22402159244264508,0.14056224899598393,1.310391363022942,0.20872694556905083,24.9,NEUTRAL,0.0,0.0,0.0,9,LOW (<15%),ACCELERATING (1.2-1.5),VERY STRONG (>5x),LOW (<0.3)
2023-02-03,150,146,3.04,2.79,2135,473,472,21.0,63,7,2841,482.0,6696,77.16,4.0,2023,0.22107728337236535,0.13347457627118645,1.3306791569086651,0.2215456674473068,22.476190476190474,NEUTRAL,0.0,0.0,0.0,9,LOW (<15%),ACCELERATING (1.2-1.5),VERY STRONG (>5x),LOW (<0.3)
2023-02-06,158,189,3.32,2.38,1994,484,314,24.0,50,9,2677,554.0,6690,75.67,4.0,2023,0.15747241725175526,0.1592356687898089,1.3425275827482448,0.242728184553661,13.083333333333334,NEUTRAL,0.0,-0.25,-0.25,8,NORMAL (15-25%),ACCELERATING (1.2-1.5),VERY STRONG (>5x),LOW (<0.3)
2023-02-07,237,159,2.47,2.34,2039,489,309,28.0,39,6,2726,566.0,6690,76.14,4.0,2023,0.15154487493869545,0.1262135922330097,1.3369298675821482,0.23982344286414908,11.035714285714286,NEUTRAL,0.0,-0.25,-0.25,8,LOW (<15%),ACCELERATING (1.2-1.5),VERY STRONG (>5x),LOW (<0.3)
2023-02-08,96,311,1.47,2.01,1815,549,194,36.0,28,7,2511,716.0,6692,74.22,4.0,2023,0.1068870523415978,0.14432989690721648,1.3834710743801653,0.30247933884297523,5.388888888888889,EXHAUSTION,0.0,0.0,-0.25,5,LOW (<15%),ACCELERATING (1.2-1.5),VERY STRONG (>5x),MODERATE (0.3-0.5)
2023-02-09,105,484,0.58,1.56,1656,632,144,43.0,18,10,2278,958.0,6692,67.65,4.0,2023,0.08695652173913043,0.125,1.3756038647342994,0.38164251207729466,3.3488372093023258,EXHAUSTION,0.0,-0.25,-0.25,3,LOW (<15%),ACCELERATING (1.2-1.5),STRONG (3-5x),MODERATE (0.3-0.5)
2023-02-10,169,202,0.57,1.37,1581,639,102,48.0,15,10,2255,1019.0,6690,70.69,4.0,2023,0.06451612903225806,0.14705882352941177,1.4263124604680582,0.40417457305502846,2.125,EXHAUSTION,0.0,-0.25,-0.25,1,LOW (<15%),ACCELERATING (1.2-1.5),MODERATE (2-3x),MODERATE (0.3-0.5)
2023-02-13,152,120,0.59,1.47,1657,635,114,53.0,14,10,2353,966.0,6691,73.36,4.0,2023,0.0687990343995172,0.12280701754385964,1.420036210018105,0.3832226916113458,2.150943396226415,EXHAUSTION,-0.25,-0.25,-0.25,2,LOW (<15%),ACCELERATING (1.2-1.5),MODERATE (2-3x),MODERATE (0.3-0.5)
2023-02-14,215,130,0.59,1.27,1574,613,125,54.0,9,13,2314,936.0,6689,72.39,4.0,2023,0.07941550190597205,0.072,1.4701397712833546,0.38945362134688694,2.314814814814815,EXHAUSTION,-0.25,-0.25,-0.25,3,LOW (<15%),ACCELERATING (1.2-1.5),MODERATE (2-3x),MODERATE (0.3-0.5)
2023-02-15,377,108,0.98,1.21,1661,568,183,37.0,24,7,2410,842.0,6686,72.67,4.0,2023,0.11017459361830223,0.13114754098360656,1.4509331727874775,0.3419626730885009,4.945945945945946,EXHAUSTION,0.0,-0.25,-0.25,5,LOW (<15%),ACCELERATING (1.2-1.5),STRONG (3-5x),MODERATE (0.3-0.5)
2023-02-16,137,279,1.25,0.84,1550,592,179,38.0,27,6,2129,977.0,6681,68.2,4.0,2023,0.11548387096774193,0.15083798882681565,1.3735483870967742,0.38193548387096776,4.7105263157894735,EXHAUSTION,-0.25,0.0,-0.25,6,NORMAL (15-25%),ACCELERATING (1.2-1.5),STRONG (3-5x),MODERATE (0.3-0.5)
2023-02-17,145,209,1.21,0.82,1546,595,128,47.0,21,11,2072,1025.0,6678,66.61,4.0,2023,0.08279430789133248,0.1640625,1.3402328589909445,0.3848641655886158,2.723404255319149,EXHAUSTION,-0.25,0.0,-0.25,3,NORMAL (15-25%),ACCELERATING (1.2-1.5),MODERATE (2-3x),MODERATE (0.3-0.5)
2023-02-21,69,782,0.63,0.61,1274,682,69,63.0,7,13,1607,1412.0,6680,51.74,3.0,2023,0.05416012558869702,0.10144927536231885,1.26138147566719,0.5353218210361067,1.0952380952380953,EXHAUSTION,0.0,0.0,0.33333333333333326,1,LOW (<15%),ACCELERATING (1.2-1.5),WEAK (1-2x),ELEVATED (0.5-0.7)
2023-02-22,142,129,0.58,0.58,1308,674,71,63.0,10,14,1495,1356.0,6676,51.8,3.0,2023,0.054281345565749234,0.14084507042253522,1.142966360856269,0.5152905198776758,1.126984126984127,EXHAUSTION,0.0,0.0,0.0,1,LOW (<15%),SLIGHT ACCEL (1.0-1.2),WEAK (1-2x),ELEVATED (0.5-0.7)
2023-02-23,211,202,0.44,0.65,1318,672,81,61.0,10,14,1544,1336.0,6669,53.65,4.0,2023,0.061456752655538696,0.12345679012345678,1.1714719271623673,0.5098634294385432,1.3278688524590163,EXHAUSTION,-0.25,-0.25,-0.25,1,LOW (<15%),SLIGHT ACCEL (1.0-1.2),WEAK (1-2x),ELEVATED (0.5-0.7)
2023-02-24,113,339,0.41,0.69,1200,789,62,90.0,9,17,1229,1516.0,6668,48.11,3.0,2023,0.051666666666666666,0.14516129032258066,1.0241666666666667,0.6575,0.6888888888888889,EXHAUSTION,0.33333333333333326,0.0,0.0,0,LOW (<15%),SLIGHT ACCEL (1.0-1.2),NEGATIVE (<1x),ELEVATED (0.5-0.7)
2023-02-27,168,117,0.45,0.72,1219,764,57,96.0,9,14,1187,1460.0,6661,48.58,3.0,2023,0.04675963904840033,0.15789473684210525,0.9737489745693191,0.6267432321575062,0.59375,EXHAUSTION,0.33333333333333326,0.0,0.0,0,NORMAL (15-25%),FLAT (0.8-1.0),NEGATIVE (<1x),ELEVATED (0.5-0.7)
2023-02-28,216,135,0.92,0.74,1237,757,76,87.0,11,19,1115,1453.0,6659,46.54,3.0,2023,0.06143896523848019,0.14473684210526316,0.9013742926434923,0.6119644300727567,0.8735632183908046,EXHAUSTION,0.0,0.0,0.0,1,LOW (<15%),FLAT (0.8-1.0),NEGATIVE (<1x),ELEVATED (0.5-0.7)
2023-03-01,191,244,0.87,0.7,1243,780,57,117.0,10,19,1068,1506.0,6658,44.84,3.0,2023,0.04585679806918745,0.17543859649122806,0.8592115848753017,0.6275140788415124,0.48717948717948717,EXHAUSTION,0.0,0.0,0.33333333333333326,0,NORMAL (15-25%),FLAT (0.8-1.0),NEGATIVE (<1x),ELEVATED (0.5-0.7)
2023-03-02,189,154,0.89,0.61,1273,763,53,136.0,11,22,1067,1470.0,6651,45.68,3.0,2023,0.041633935585231735,0.20754716981132076,0.8381775333857031,0.5993715632364494,0.3897058823529412,EXHAUSTION,0.0,0.0,0.33333333333333326,0,NORMAL (15-25%),FLAT (0.8-1.0),NEGATIVE (<1x),ELEVATED (0.5-0.7)
2023-03-03,353,69,1.55,0.76,1358,692,62,142.0,14,22,1219,1298.0,6647,51.1,4.0,2023,0.045655375552282766,0.22580645161290322,0.8976435935198822,0.5095729013254786,0.43661971830985913,EXHAUSTION,-0.25,-0.25,0.0,0,NORMAL (15-25%),FLAT (0.8-1.0),NEGATIVE (<1x),ELEVATED (0.5-0.7)
2023-03-06,150,375,1.12,0.71,1244,760,63,158.0,15,24,1080,1412.0,6645,45.65,4.0,2023,0.05064308681672026,0.23809523809523808,0.8681672025723473,0.6109324758842444,0.3987341772151899,EXHAUSTION,-0.25,-0.25,0.0,0,NORMAL (15-25%),FLAT (0.8-1.0),NEGATIVE (<1x),ELEVATED (0.5-0.7)
2023-03-07,98,235,0.91,0.92,1159,778,57,147.0,16,22,974,1533.0,6638,37.97,3.0,2023,0.04918032786885246,0.2807017543859649,0.8403796376186368,0.6712683347713546,0.3877551020408163,EXHAUSTION,0.0,0.33333333333333326,0.33333333333333326,0,ELEVATED (25-35%),FLAT (0.8-1.0),NEGATIVE (<1x),ELEVATED (0.5-0.7)
2023-03-08,110,193,0.88,0.87,1155,799,52,143.0,13,20,958,1530.0,6638,37.96,3.0,2023,0.045021645021645025,0.25,0.8294372294372294,0.6917748917748918,0.36363636363636365,EXHAUSTION,0.0,0.0,0.33333333333333326,0,NORMAL (15-25%),FLAT (0.8-1.0),NEGATIVE (<1x),ELEVATED (0.5-0.7)
2023-03-09,68,889,0.44,0.6,992,919,48,158.0,12,21,677,1928.0,6631,28.44,3.0,2023,0.04838709677419355,0.25,0.6824596774193549,0.9264112903225806,0.3037974683544304,EXHAUSTION,0.0,0.0,0.33333333333333326,0,NORMAL (15-25%),DECELERATING (<0.8),NEGATIVE (<1x),HIGH (0.7-1.0)
2023-03-10,57,1015,0.18,0.47,806,1104,40,194.0,12,23,509,2345.0,6629,20.51,3.0,2023,0.04962779156327544,0.3,0.6315136476426799,1.369727047146402,0.20618556701030927,EXHAUSTION,0.0,0.0,0.33333333333333326,0,ELEVATED (25-35%),DECELERATING (<0.8),NEGATIVE (<1x),EXTREME (>1.0)
2023-03-13,195,558,0.18,0.42,776,1210,44,232.0,10,28,494,2588.0,6614,17.19,3.0,2023,0.05670103092783505,0.22727272727272727,0.6365979381443299,1.559278350515464,0.1896551724137931,EXHAUSTION,0.0,0.0,0.33333333333333326,1,NORMAL (15-25%),DECELERATING (<0.8),NEGATIVE (<1x),EXTREME (>1.0)
2023-03-14,260,149,0.25,0.43,841,1136,48,241.0,11,25,586,2384.0,6608,22.08,3.0,2023,0.057074910820451845,0.22916666666666666,0.6967895362663495,1.3507728894173603,0.1991701244813278,EXHAUSTION,0.33333333333333326,0.0,0.33333333333333326,1,NORMAL (15-25%),DECELERATING (<0.8),NEGATIVE (<1x),EXTREME (>1.0)
2023-03-15,83,575,0.21,0.37,764,1251,43,312.0,10,26,501,2618.0,6608,17.92,3.0,2023,0.056282722513089,0.23255813953488372,0.6557591623036649,1.637434554973822,0.13782051282051283,EXHAUSTION,0.0,0.33333333333333326,0.33333333333333326,1,NORMAL (15-25%),DECELERATING (<0.8),NEGATIVE (<1x),EXTREME (>1.0)
2023-03-16,253,137,0.35,0.39,812,1198,38,330.0,8,28,587,2407.0,6604,21.57,3.0,2023,0.046798029556650245,0.21052631578947367,0.7229064039408867,1.4753694581280787,0.11515151515151516,EXHAUSTION,0.0,0.33333333333333326,0.33333333333333326,0,NORMAL (15-25%),DECELERATING (<0.8),NEGATIVE (<1x),EXTREME (>1.0)
2023-03-17,154,843,0.42,0.29,737,1352,38,373.0,9,29,528,2666.0,6605,18.71,3.0,2023,0.051560379918588875,0.23684210526315788,0.7164179104477612,1.8344640434192674,0.10187667560321716,EXHAUSTION,0.0,0.33333333333333326,0.33333333333333326,0,NORMAL (15-25%),DECELERATING (<0.8),NEGATIVE (<1x),EXTREME (>1.0)
2023-03-20,95,149,0.46,0.29,738,1316,35,342.0,8,32,513,2575.0,6599,19.68,3.0,2023,0.04742547425474255,0.22857142857142856,0.6951219512195121,1.7831978319783197,0.1023391812865497,EXHAUSTION,0.0,0.33333333333333326,0.33333333333333326,0,NORMAL (15-25%),DECELERATING (<0.8),NEGATIVE (<1x),EXTREME (>1.0)
2023-03-21,470,79,0.59,0.38,841,1154,58,204.0,12,21,672,2327.0,6596,22.29,4.0,2023,0.06896551724137931,0.20689655172413793,0.7990487514863258,1.3721759809750298,0.28431372549019607,EXHAUSTION,-0.25,0.0,0.0,2,NORMAL (15-25%),DECELERATING (<0.8),NEGATIVE (<1x),EXTREME (>1.0)
2023-03-22,89,429,0.65,0.36,756,1332,55,269.0,13,26,527,2589.0,6594,16.65,3.0,2023,0.07275132275132275,0.23636363636363636,0.6970899470899471,1.7619047619047619,0.20446096654275092,EXHAUSTION,0.33333333333333326,0.33333333333333326,0.33333333333333326,2,NORMAL (15-25%),DECELERATING (<0.8),NEGATIVE (<1x),EXTREME (>1.0)
2023-03-23,161,223,0.56,0.44,756,1377,43,311.0,9,25,573,2589.0,6594,16.83,3.0,2023,0.056878306878306875,0.20930232558139536,0.7579365079365079,1.8214285714285714,0.1382636655948553,EXHAUSTION,0.33333333333333326,0.33333333333333326,0.33333333333333326,1,NORMAL (15-25%),DECELERATING (<0.8),NEGATIVE (<1x),EXTREME (>1.0)
2023-03-24,155,126,0.96,0.59,751,1338,51,251.0,12,24,611,2436.0,6600,18.93,3.0,2023,0.06790945406125166,0.23529411764705882,0.8135818908122503,1.781624500665779,0.20318725099601595,EXHAUSTION,0.33333333333333326,0.33333333333333326,0.33333333333333326,2,NORMAL (15-25%),FLAT (0.8-1.0),NEGATIVE (<1x),EXTREME (>1.0)
2023-03-27,229,118,1.13,0.69,778,1277,49,236.0,11,26,649,2302.0,6594,21.71,3.0,2023,0.06298200514138817,0.22448979591836735,0.8341902313624678,1.641388174807198,0.2076271186440678,EXHAUSTION,0.33333333333333326,0.33333333333333326,0.33333333333333326,1,NORMAL (15-25%),FLAT (0.8-1.0),NEGATIVE (<1x),EXTREME (>1.0)
2023-03-28,162,151,0.76,0.65,782,1267,44,222.0,13,22,686,2243.0,6584,22.17,3.0,2023,0.056265984654731455,0.29545454545454547,0.8772378516624041,1.6202046035805626,0.1981981981981982,EXHAUSTION,0.33333333333333326,0.33333333333333326,0.33333333333333326,1,ELEVATED (25-35%),FLAT (0.8-1.0),NEGATIVE (<1x),EXTREME (>1.0)
2023-03-29,356,74,1.54,0.91,836,1177,50,158.0,13,18,830,2046.0,6583,26.64,4.0,2023,0.05980861244019139,0.26,0.992822966507177,1.4078947368421053,0.31645569620253167,EXHAUSTION,0.0,0.0,0.0,1,ELEVATED (25-35%),FLAT (0.8-1.0),NEGATIVE (<1x),EXTREME (>1.0)
2023-03-30,190,146,1.78,0.88,853,1194,49,171.0,12,23,852,2031.0,6588,28.95,4.0,2023,0.05744431418522861,0.24489795918367346,0.9988276670574443,1.399765533411489,0.28654970760233917,EXHAUSTION,0.0,0.0,0.0,1,NORMAL (15-25%),FLAT (0.8-1.0),NEGATIVE (<1x),EXTREME (>1.0)
2023-03-31,463,103,2.36,1.48,941,1102,44,172.0,11,23,1102,1795.0,6590,35.57,4.0,2023,0.04675876726886291,0.25,1.1710945802337938,1.1710945802337938,0.2558139534883721,EXHAUSTION,0.0,0.0,0.0,0,NORMAL (15-25%),SLIGHT ACCEL (1.0-1.2),NEGATIVE (<1x),EXTREME (>1.0)
2023-04-03,254,158,2.25,1.57,880,1095,50,152.0,11,22,1155,1804.0,6581,38.9,4.0,2023,0.056818181818181816,0.22,1.3125,1.2443181818181819,0.32894736842105265,EXHAUSTION,0.0,0.0,0.0,1,NORMAL (15-25%),ACCELERATING (1.2-1.5),NEGATIVE (<1x),EXTREME (>1.0)
2023-04-04,105,332,1.68,1.16,792,1200,59,169.0,11,26,990,1961.0,6582,33.87,4.0,2023,0.07449494949494949,0.1864406779661017,1.25,1.5151515151515151,0.34911242603550297,EXHAUSTION,0.0,0.0,0.0,2,NORMAL (15-25%),ACCELERATING (1.2-1.5),NEGATIVE (<1x),EXTREME (>1.0)
2023-04-05,74,336,1.01,1.22,706,1273,48,196.0,7,24,862,2020.0,6578,31.88,4.0,2023,0.0679886685552408,0.14583333333333334,1.2209631728045325,1.8031161473087818,0.24489795918367346,EXHAUSTION,0.0,0.0,0.0,2,LOW (<15%),ACCELERATING (1.2-1.5),NEGATIVE (<1x),EXTREME (>1.0)
2023-04-06,168,80,1.05,1.33,700,1238,56,121.0,11,21,906,1950.0,6578,32.79,4.0,2023,0.08,0.19642857142857142,1.2942857142857143,1.7685714285714285,0.4628099173553719,EXHAUSTION,0.0,0.0,0.0,3,NORMAL (15-25%),ACCELERATING (1.2-1.5),NEGATIVE (<1x),EXTREME (>1.0)
2023-04-10,281,126,0.85,1.41,741,1190,81,70.0,15,14,1030,1717.0,6567,36.59,4.0,2023,0.10931174089068826,0.18518518518518517,1.3900134952766532,1.6059379217273955,1.1571428571428573,EXHAUSTION,0.0,0.0,0.0,5,NORMAL (15-25%),ACCELERATING (1.2-1.5),WEAK (1-2x),EXTREME (>1.0)
2023-04-11,298,101,0.95,1.46,756,1143,84,52.0,16,12,1188,1596.0,6562,41.37,4.0,2023,0.1111111111111111,0.19047619047619047,1.5714285714285714,1.5119047619047619,1.6153846153846154,EXHAUSTION,0.0,0.0,0.0,5,NORMAL (15-25%),STRONG ACCEL (>1.5),WEAK (1-2x),EXTREME (>1.0)
2023-04-12,113,259,1.04,1.34,686,1198,64,70.0,13,15,1101,1672.0,6559,39.84,4.0,2023,0.09329446064139942,0.203125,1.6049562682215743,1.7463556851311954,0.9142857142857143,EXHAUSTION,0.0,0.0,0.0,4,NORMAL (15-25%),STRONG ACCEL (>1.5),NEGATIVE (<1x),EXTREME (>1.0)
2023-04-13,421,62,2.04,1.39,755,1103,101,40.0,19,11,1295,1496.0,6559,43.81,4.0,2023,0.1337748344370861,0.18811881188118812,1.7152317880794703,1.4609271523178808,2.525,EXHAUSTION,0.0,0.0,0.0,7,NORMAL (15-25%),STRONG ACCEL (>1.5),MODERATE (2-3x),EXTREME (>1.0)
2023-04-14,132,185,1.7,1.33,721,1166,79,56.0,16,10,1224,1574.0,6557,42.49,4.0,2023,0.10957004160887657,0.20253164556962025,1.697642163661581,1.6171983356449375,1.4107142857142858,EXHAUSTION,0.0,0.0,0.0,5,NORMAL (15-25%),STRONG ACCEL (>1.5),WEAK (1-2x),EXTREME (>1.0)
2023-04-17,382,86,1.94,1.29,749,1117,104,44.0,24,8,1381,1453.0,6554,47.31,4.0,2023,0.13885180240320427,0.23076923076923078,1.843791722296395,1.4913217623497996,2.3636363636363638,EXHAUSTION,0.0,0.0,0.0,7,NORMAL (15-25%),STRONG ACCEL (>1.5),MODERATE (2-3x),EXTREME (>1.0)
2023-04-18,173,145,1.66,1.25,748,1150,101,41.0,19,8,1349,1483.0,6552,48.05,4.0,2023,0.13502673796791445,0.18811881188118812,1.803475935828877,1.5374331550802138,2.4634146341463414,EXHAUSTION,0.0,0.0,0.0,7,NORMAL (15-25%),STRONG ACCEL (>1.5),MODERATE (2-3x),EXTREME (>1.0)
2023-04-19,160,152,2.01,1.44,734,1126,70,44.0,14,7,1364,1472.0,6552,48.75,4.0,2023,0.09536784741144415,0.2,1.8583106267029972,1.534059945504087,1.5909090909090908,EXHAUSTION,0.0,0.0,0.0,4,NORMAL (15-25%),STRONG ACCEL (>1.5),WEAK (1-2x),EXTREME (>1.0)
2023-04-20,115,267,1.15,1.53,681,1178,80,41.0,16,9,1245,1570.0,6553,45.03,4.0,2023,0.11747430249632893,0.2,1.828193832599119,1.7298091042584434,1.951219512195122,EXHAUSTION,0.0,0.0,0.0,6,NORMAL (15-25%),STRONG ACCEL (>1.5),WEAK (1-2x),EXTREME (>1.0)
2023-04-21,173,156,1.24,1.46,719,1192,86,41.0,12,12,1278,1470.0,6555,45.65,4.0,2023,0.11961057023643949,0.13953488372093023,1.7774687065368568,1.6578581363004172,2.097560975609756,EXHAUSTION,0.0,0.0,0.0,6,LOW (<15%),STRONG ACCEL (>1.5),MODERATE (2-3x),EXTREME (>1.0)
2023-04-24,138,197,0.83,1.31,679,1207,86,48.0,12,9,1263,1435.0,6555,47.29,4.0,2023,0.12665684830633284,0.13953488372093023,1.8600883652430045,1.7776141384388806,1.7916666666666667,EXHAUSTION,0.0,0.0,0.0,6,LOW (<15%),STRONG ACCEL (>1.5),WEAK (1-2x),EXTREME (>1.0)
2023-04-25,80,646,0.47,0.88,558,1365,58,63.0,12,12,1012,1701.0,6551,37.19,4.0,2023,0.1039426523297491,0.20689655172413793,1.8136200716845878,2.446236559139785,0.9206349206349206,EXHAUSTION,0.0,0.0,0.0,5,NORMAL (15-25%),STRONG ACCEL (>1.5),NEGATIVE (<1x),EXTREME (>1.0)
2023-04-26,139,215,0.44,0.91,534,1378,58,63.0,9,10,936,1595.0,6548,33.78,4.0,2023,0.10861423220973783,0.15517241379310345,1.752808988764045,2.5805243445692883,0.9206349206349206,EXHAUSTION,0.0,0.0,0.0,5,NORMAL (15-25%),STRONG ACCEL (>1.5),NEGATIVE (<1x),EXTREME (>1.0)
2023-04-27,305,112,0.63,0.83,577,1315,45,67.0,8,11,1077,1342.0,6544,40.91,4.0,2023,0.0779896013864818,0.17777777777777778,1.8665511265164645,2.2790294627383014,0.6716417910447762,EXHAUSTION,0.0,0.0,0.0,3,NORMAL (15-25%),STRONG ACCEL (>1.5),NEGATIVE (<1x),EXTREME (>1.0)
2023-04-28,335,111,0.78,0.96,614,1268,57,65.0,8,14,1198,1182.0,6542,47.71,4.0,2023,0.09283387622149837,0.14035087719298245,1.9511400651465798,2.0651465798045603,0.8769230769230769,EXHAUSTION,0.0,0.0,0.0,4,LOW (<15%),STRONG ACCEL (>1.5),NEGATIVE (<1x),EXTREME (>1.0)
2023-05-01,250,168,0.89,0.86,644,1295,55,83.0,14,11,1187,1209.0,6543,47.44,4.0,2023,0.08540372670807453,0.2545454545454545,1.843167701863354,2.010869565217391,0.6626506024096386,EXHAUSTION,0.0,0.0,0.0,3,ELEVATED (25-35%),STRONG ACCEL (>1.5),NEGATIVE (<1x),EXTREME (>1.0)
2023-05-02,139,670,0.92,0.68,596,1443,41,112.0,8,21,1019,1445.0,6541,38.78,4.0,2023,0.06879194630872483,0.1951219512195122,1.7097315436241611,2.4211409395973154,0.36607142857142855,EXHAUSTION,0.0,0.0,0.0,2,NORMAL (15-25%),STRONG ACCEL (>1.5),NEGATIVE (<1x),EXTREME (>1.0)
2023-05-03,294,176,1.07,0.72,637,1471,63,117.0,13,14,1047,1485.0,6537,38.9,4.0,2023,0.0989010989010989,0.20634920634920634,1.6436420722135008,2.3092621664050235,0.5384615384615384,EXHAUSTION,0.0,0.0,0.0,4,NORMAL (15-25%),STRONG ACCEL (>1.5),NEGATIVE (<1x),EXTREME (>1.0)
2023-05-04,222,394,0.82,0.73,632,1534,77,126.0,18,16,1002,1630.0,6532,34.87,4.0,2023,0.12183544303797468,0.23376623376623376,1.5854430379746836,2.4272151898734178,0.6111111111111112,EXHAUSTION,0.0,0.0,0.0,6,NORMAL (15-25%),STRONG ACCEL (>1.5),NEGATIVE (<1x),EXTREME (>1.0)
2023-05-05,486,102,0.92,0.86,734,1390,87,104.0,21,15,1223,1384.0,6533,46.17,4.0,2023,0.11852861035422343,0.2413793103448276,1.6662125340599454,1.893732970027248,0.8365384615384616,EXHAUSTION,0.0,0.0,0.0,6,NORMAL (15-25%),STRONG ACCEL (>1.5),NEGATIVE (<1x),EXTREME (>1.0)
2023-05-08,252,108,0.96,0.93,769,1360,94,105.0,23,15,1263,1392.0,6530,46.19,4.0,2023,0.1222366710013004,0.24468085106382978,1.6423927178153446,1.7685305591677503,0.8952380952380953,EXHAUSTION,0.0,0.0,0.0,6,NORMAL (15-25%),STRONG ACCEL (>1.5),NEGATIVE (<1x),EXTREME (>1.0)
2023-05-09,223,186,1.53,1.18,788,1343,89,128.0,19,16,1273,1412.0,6529,43.73,4.0,2023,0.11294416243654823,0.21348314606741572,1.615482233502538,1.7043147208121827,0.6953125,EXHAUSTION,0.0,0.0,0.0,6,NORMAL (15-25%),STRONG ACCEL (>1.5),NEGATIVE (<1x),EXTREME (>1.0)
2023-05-10,336,177,1.57,1.29,850,1320,105,107.0,24,20,1330,1363.0,6525,45.28,4.0,2023,0.12352941176470589,0.22857142857142856,1.5647058823529412,1.5529411764705883,0.9813084112149533,EXHAUSTION,0.0,0.0,0.0,6,NORMAL (15-25%),STRONG ACCEL (>1.5),NEGATIVE (<1x),EXTREME (>1.0)
2023-05-11,173,262,1.76,1.15,822,1340,89,140.0,14,23,1216,1480.0,6520,41.32,4.0,2023,0.10827250608272507,0.15730337078651685,1.4793187347931873,1.6301703163017032,0.6357142857142857,EXHAUSTION,0.0,0.0,0.0,5,NORMAL (15-25%),ACCELERATING (1.2-1.5),NEGATIVE (<1x),EXTREME (>1.0)
2023-05-12,127,226,1.16,1.01,799,1332,96,131.0,16,19,1121,1556.0,6520,40.46,4.0,2023,0.12015018773466833,0.16666666666666666,1.4030037546933667,1.6670838548185232,0.732824427480916,EXHAUSTION,0.0,0.0,0.0,6,NORMAL (15-25%),ACCELERATING (1.2-1.5),NEGATIVE (<1x),EXTREME (>1.0)
2023-05-15,394,113,1.3,1.1,872,1254,96,129.0,11,18,1244,1422.0,6520,43.62,4.0,2023,0.11009174311926606,0.11458333333333333,1.426605504587156,1.438073394495413,0.7441860465116279,EXHAUSTION,0.0,0.0,0.0,5,LOW (<15%),ACCELERATING (1.2-1.5),NEGATIVE (<1x),EXTREME (>1.0)
2023-05-16,120,332,1.04,1.27,784,1346,76,135.0,9,17,1096,1598.0,6514,35.54,4.0,2023,0.09693877551020408,0.11842105263157894,1.3979591836734695,1.7168367346938775,0.562962962962963,EXHAUSTION,0.0,0.0,0.0,4,LOW (<15%),ACCELERATING (1.2-1.5),NEGATIVE (<1x),EXTREME (>1.0)
2023-05-17,610,79,1.41,1.49,882,1195,95,116.0,12,15,1291,1366.0,6513,43.92,4.0,2023,0.10770975056689343,0.12631578947368421,1.463718820861678,1.354875283446712,0.8189655172413793,EXHAUSTION,0.0,0.0,0.0,5,LOW (<15%),ACCELERATING (1.2-1.5),NEGATIVE (<1x),EXTREME (>1.0)
2023-05-18,264,127,1.73,1.74,914,1185,113,99.0,15,14,1401,1307.0,6513,44.56,4.0,2023,0.12363238512035012,0.13274336283185842,1.5328227571115973,1.2964989059080962,1.1414141414141414,EXHAUSTION,0.0,0.0,0.0,6,LOW (<15%),STRONG ACCEL (>1.5),WEAK (1-2x),EXTREME (>1.0)
2023-05-19,186,188,1.88,1.49,917,1175,112,113.0,18,13,1341,1311.0,6517,42.14,4.0,2023,0.12213740458015267,0.16071428571428573,1.4623773173391494,1.2813522355507088,0.9911504424778761,EXHAUSTION,0.0,0.0,0.0,6,NORMAL (15-25%),ACCELERATING (1.2-1.5),NEGATIVE (<1x),EXTREME (>1.0)
2023-05-22,435,104,1.95,1.6,1003,1060,138,91.0,22,10,1535,1118.0,6515,45.39,4.0,2023,0.13758723828514458,0.15942028985507245,1.530408773678963,1.0568295114656032,1.5164835164835164,EXHAUSTION,0.0,0.0,0.0,7,NORMAL (15-25%),STRONG ACCEL (>1.5),WEAK (1-2x),EXTREME (>1.0)
2023-05-23,191,173,2.51,1.59,990,1012,162,74.0,31,8,1517,1152.0,6516,42.65,4.0,2023,0.16363636363636364,0.19135802469135801,1.5323232323232323,1.0222222222222221,2.189189189189189,NEUTRAL,0.0,0.0,0.0,8,NORMAL (15-25%),STRONG ACCEL (>1.5),MODERATE (2-3x),EXTREME (>1.0)
2023-05-24,98,219,1.45,1.43,908,1076,155,85.0,24,13,1342,1277.0,6516,36.46,4.0,2023,0.17070484581497797,0.15483870967741936,1.4779735682819384,1.1850220264317182,1.8235294117647058,NEUTRAL,0.0,0.0,0.0,8,NORMAL (15-25%),ACCELERATING (1.2-1.5),WEAK (1-2x),EXTREME (>1.0)
2023-05-25,150,401,0.98,1.31,857,1165,131,106.0,21,17,1251,1502.0,6515,33.85,4.0,2023,0.1528588098016336,0.16030534351145037,1.4597432905484247,1.3593932322053675,1.2358490566037736,NEUTRAL,0.0,0.0,0.0,8,NORMAL (15-25%),ACCELERATING (1.2-1.5),WEAK (1-2x),EXTREME (>1.0)
2023-05-26,268,109,1.14,1.47,919,1113,144,105.0,28,16,1330,1413.0,6517,36.87,4.0,2023,0.15669205658324264,0.19444444444444445,1.4472252448313385,1.2110990206746464,1.3714285714285714,NEUTRAL,0.0,0.0,0.0,8,NORMAL (15-25%),ACCELERATING (1.2-1.5),WEAK (1-2x),EXTREME (>1.0)
2023-05-30,247,211,0.86,1.32,928,1118,141,117.0,30,13,1305,1423.0,6515,35.94,4.0,2023,0.15193965517241378,0.2127659574468085,1.40625,1.2047413793103448,1.205128205128205,NEUTRAL,0.0,0.0,0.0,8,NORMAL (15-25%),ACCELERATING (1.2-1.5),WEAK (1-2x),EXTREME (>1.0)
2023-05-31,202,304,0.78,1.38,909,1150,175,94.0,39,10,1226,1524.0,6510,32.38,4.0,2023,0.1925192519251925,0.22285714285714286,1.3487348734873488,1.2651265126512652,1.8617021276595744,NEUTRAL,0.0,0.0,0.0,9,NORMAL (15-25%),ACCELERATING (1.2-1.5),WEAK (1-2x),EXTREME (>1.0)
2023-06-01,255,114,0.99,1.18,930,1045,182,85.0,41,9,1337,1375.0,6511,37.35,4.0,2023,0.1956989247311828,0.22527472527472528,1.4376344086021506,1.1236559139784945,2.1411764705882352,NEUTRAL,0.0,0.0,0.0,9,NORMAL (15-25%),ACCELERATING (1.2-1.5),MODERATE (2-3x),EXTREME (>1.0)
2023-06-02,853,57,2.3,1.53,1113,873,239,61.0,55,8,1750,1066.0,6505,53.23,4.0,2023,0.21473495058400718,0.2301255230125523,1.5723270440251573,0.784366576819407,3.918032786885246,NEUTRAL,0.0,0.0,0.0,9,NORMAL (15-25%),STRONG ACCEL (>1.5),STRONG (3-5x),HIGH (0.7-1.0)
2023-06-05,166,202,1.94,1.51,1066,922,179,69.0,40,7,1612,1130.0,6497,48.94,4.0,2023,0.16791744840525327,0.22346368715083798,1.5121951219512195,0.8649155722326454,2.5942028985507246,NEUTRAL,0.0,0.0,0.0,8,NORMAL (15-25%),STRONG ACCEL (>1.5),MODERATE (2-3x),HIGH (0.7-1.0)
2023-06-06,620,91,2.73,1.62,1272,755,200,66.0,39,8,1959,934.0,6495,57.63,4.0,2023,0.15723270440251572,0.195,1.5400943396226414,0.5935534591194969,3.0303030303030303,NEUTRAL,0.0,0.0,0.0,8,NORMAL (15-25%),STRONG ACCEL (>1.5),STRONG (3-5x),ELEVATED (0.5-0.7)
2023-06-07,402,139,3.81,1.77,1407,692,245,55.0,36,8,2241,860.0,6493,62.94,4.0,2023,0.17412935323383086,0.1469387755102041,1.5927505330490406,0.4918265813788202,4.454545454545454,NEUTRAL,0.0,0.0,0.0,8,LOW (<15%),STRONG ACCEL (>1.5),STRONG (3-5x),MODERATE (0.3-0.5)
2023-06-08,180,133,3.57,1.9,1375,684,214,55.0,41,10,2180,886.0,6494,62.19,4.0,2023,0.15563636363636363,0.19158878504672897,1.5854545454545454,0.4974545454545454,3.890909090909091,NEUTRAL,0.0,0.0,0.0,8,NORMAL (15-25%),STRONG ACCEL (>1.5),STRONG (3-5x),MODERATE (0.3-0.5)
2023-06-09,124,178,2.01,2.16,1297,665,227,42.0,40,9,2034,928.0,6489,59.55,4.0,2023,0.17501927525057825,0.1762114537444934,1.5682343870470317,0.51272166538165,5.404761904761905,NEUTRAL,0.0,0.0,0.0,8,NORMAL (15-25%),STRONG ACCEL (>1.5),VERY STRONG (>5x),ELEVATED (0.5-0.7)
2023-06-12,298,137,2.4,2.14,1351,607,252,40.0,50,8,2105,845.0,6486,59.59,4.0,2023,0.18652849740932642,0.1984126984126984,1.5581051073279053,0.44929681717246484,6.3,NEUTRAL,0.0,0.0,0.0,9,NORMAL (15-25%),STRONG ACCEL (>1.5),VERY STRONG (>5x),MODERATE (0.3-0.5)
2023-06-13,349,82,2.02,2.4,1475,550,243,38.0,41,8,2291,789.0,6486,64.24,4.0,2023,0.16474576271186442,0.16872427983539096,1.5532203389830508,0.3728813559322034,6.394736842105263,NEUTRAL,0.0,0.0,0.0,8,NORMAL (15-25%),STRONG ACCEL (>1.5),VERY STRONG (>5x),MODERATE (0.3-0.5)
2023-06-14,140,235,1.43,2.48,1372,572,237,35.0,42,10,2111,860.0,6483,61.8,4.0,2023,0.1727405247813411,0.17721518987341772,1.5386297376093294,0.41690962099125367,6.771428571428571,NEUTRAL,0.0,0.0,0.0,8,NORMAL (15-25%),STRONG ACCEL (>1.5),VERY STRONG (>5x),MODERATE (0.3-0.5)
2023-06-15,258,109,1.58,2.49,1459,546,193,39.0,39,14,2234,819.0,6485,64.78,4.0,2023,0.13228238519533927,0.20207253886010362,1.5311857436600411,0.3742289239204935,4.948717948717949,EXHAUSTION,0.0,0.0,0.0,7,NORMAL (15-25%),STRONG ACCEL (>1.5),STRONG (3-5x),MODERATE (0.3-0.5)
2023-06-16,249,272,1.55,1.77,1391,573,163,45.0,34,14,2160,858.0,6486,64.28,4.0,2023,0.11718188353702372,0.2085889570552147,1.5528396836808052,0.4119338605319914,3.6222222222222222,EXHAUSTION,0.0,0.0,0.0,6,NORMAL (15-25%),STRONG ACCEL (>1.5),STRONG (3-5x),MODERATE (0.3-0.5)
2023-06-20,130,139,1.35,1.82,1340,604,174,50.0,35,16,2062,882.0,6478,59.13,4.0,2023,0.12985074626865672,0.20114942528735633,1.5388059701492538,0.4507462686567164,3.48,EXHAUSTION,0.0,0.0,0.0,7,NORMAL (15-25%),STRONG ACCEL (>1.5),STRONG (3-5x),MODERATE (0.3-0.5)
2023-06-21,140,191,0.97,1.41,1280,624,122,51.0,27,11,1972,924.0,6477,60.03,4.0,2023,0.0953125,0.22131147540983606,1.540625,0.4875,2.392156862745098,EXHAUSTION,0.0,0.0,0.0,4,NORMAL (15-25%),STRONG ACCEL (>1.5),MODERATE (2-3x),MODERATE (0.3-0.5)
2023-06-22,131,173,1.03,1.21,1219,674,122,47.0,26,14,1812,972.0,6465,56.17,4.0,2023,0.10008203445447088,0.21311475409836064,1.4864643150123051,0.5529122231337161,2.595744680851064,EXHAUSTION,0.0,0.0,0.0,5,NORMAL (15-25%),ACCELERATING (1.2-1.5),MODERATE (2-3x),ELEVATED (0.5-0.7)
2023-06-23,161,432,0.67,1.02,1148,722,114,49.0,22,12,1560,1103.0,6465,49.47,4.0,2023,0.09930313588850175,0.19298245614035087,1.3588850174216027,0.6289198606271778,2.326530612244898,EXHAUSTION,0.0,0.0,0.0,4,NORMAL (15-25%),ACCELERATING (1.2-1.5),MODERATE (2-3x),ELEVATED (0.5-0.7)
2023-06-26,83,106,0.62,1.03,1121,743,112,44.0,22,14,1554,1150.0,6462,53.64,4.0,2023,0.09991079393398751,0.19642857142857142,1.3862622658340766,0.6628010704727921,2.5454545454545454,EXHAUSTION,0.0,0.0,0.0,5,NORMAL (15-25%),ACCELERATING (1.2-1.5),MODERATE (2-3x),ELEVATED (0.5-0.7)
2023-06-27,285,122,0.78,1.03,1204,731,125,53.0,24,19,1741,1081.0,6463,58.16,4.0,2023,0.10382059800664452,0.192,1.446013289036545,0.6071428571428571,2.358490566037736,EXHAUSTION,0.0,0.0,0.0,5,NORMAL (15-25%),ACCELERATING (1.2-1.5),MODERATE (2-3x),ELEVATED (0.5-0.7)
2023-06-28,241,113,0.95,0.96,1229,719,145,47.0,29,14,1721,1040.0,6465,58.61,4.0,2023,0.11798209926769732,0.2,1.4003254678600487,0.5850284784377543,3.0851063829787235,EXHAUSTION,0.0,0.0,0.0,6,NORMAL (15-25%),ACCELERATING (1.2-1.5),STRONG (3-5x),ELEVATED (0.5-0.7)
2023-06-29,231,128,1.11,1.07,1301,705,193,50.0,25,18,1890,961.0,6466,64.02,4.0,2023,0.14834742505764797,0.12953367875647667,1.452728670253651,0.541890853189854,3.86,EXHAUSTION,0.0,0.0,0.0,7,LOW (<15%),ACCELERATING (1.2-1.5),STRONG (3-5x),ELEVATED (0.5-0.7)
2023-06-30,188,102,1.8,1.03,1309,687,158,56.0,28,18,1924,924.0,6465,66.37,4.0,2023,0.12070282658517953,0.17721518987341772,1.4698242933537051,0.5248281130634072,2.8214285714285716,EXHAUSTION,0.0,0.0,0.0,6,NORMAL (15-25%),ACCELERATING (1.2-1.5),MODERATE (2-3x),ELEVATED (0.5-0.7)
2023-07-03,134,32,2.17,1.12,1330,640,101,61.0,24,17,1952,851.0,6455,70.05,4.0,2023,0.07593984962406015,0.2376237623762376,1.4676691729323308,0.48120300751879697,1.6557377049180328,EXHAUSTION,0.0,0.0,0.0,2,NORMAL (15-25%),ACCELERATING (1.2-1.5),WEAK (1-2x),MODERATE (0.3-0.5)
2023-07-05,166,322,1.38,1.02,1233,661,99,60.0,21,15,1777,924.0,6465,64.75,4.0,2023,0.08029197080291971,0.21212121212121213,1.4412003244120033,0.5360908353609084,1.65,EXHAUSTION,0.0,0.0,0.0,3,NORMAL (15-25%),ACCELERATING (1.2-1.5),WEAK (1-2x),ELEVATED (0.5-0.7)
2023-07-06,56,307,0.87,0.91,1120,729,61,77.0,17,17,1423,1095.0,6456,57.61,4.0,2023,0.054464285714285715,0.2786885245901639,1.2705357142857143,0.6508928571428572,0.7922077922077922,EXHAUSTION,0.0,0.0,0.0,1,ELEVATED (25-35%),ACCELERATING (1.2-1.5),NEGATIVE (<1x),ELEVATED (0.5-0.7)
2023-07-07,338,52,1.08,1.1,1233,669,66,71.0,17,16,1558,950.0,6450,62.02,4.0,2023,0.0535279805352798,0.25757575757575757,1.2635847526358475,0.5425790754257908,0.9295774647887324,EXHAUSTION,0.0,0.0,0.0,1,ELEVATED (25-35%),ACCELERATING (1.2-1.5),NEGATIVE (<1x),ELEVATED (0.5-0.7)
2023-07-10,384,72,1.37,1.55,1350,607,76,57.0,19,15,1762,834.0,6449,64.73,4.0,2023,0.056296296296296296,0.25,1.3051851851851852,0.44962962962962966,1.3333333333333333,EXHAUSTION,0.0,0.0,0.0,1,NORMAL (15-25%),ACCELERATING (1.2-1.5),WEAK (1-2x),MODERATE (0.3-0.5)
2023-07-11,321,94,1.49,1.74,1451,591,98,54.0,20,14,1903,761.0,6450,70.28,4.0,2023,0.06753962784286699,0.20408163265306123,1.3115093039283252,0.4073053066850448,1.8148148148148149,EXHAUSTION,0.0,0.0,0.0,2,NORMAL (15-25%),ACCELERATING (1.2-1.5),WEAK (1-2x),MODERATE (0.3-0.5)
2023-07-12,325,94,2.3,1.81,1536,561,97,54.0,20,13,2073,720.0,6446,73.01,4.0,2023,0.06315104166666667,0.20618556701030927,1.349609375,0.365234375,1.7962962962962963,EXHAUSTION,0.0,0.0,0.0,1,NORMAL (15-25%),ACCELERATING (1.2-1.5),WEAK (1-2x),MODERATE (0.3-0.5)
2023-07-13,282,86,4.15,1.88,1590,555,91,61.0,23,14,2200,674.0,6444,76.11,4.0,2023,0.057232704402515724,0.25274725274725274,1.3836477987421383,0.3490566037735849,1.4918032786885247,EXHAUSTION,0.0,0.0,0.0,1,ELEVATED (25-35%),ACCELERATING (1.2-1.5),WEAK (1-2x),MODERATE (0.3-0.5)
2023-07-14,92,269,2.28,1.6,1467,602,83,65.0,20,16,1957,758.0,6444,72.36,4.0,2023,0.05657805044308112,0.24096385542168675,1.3340149965916837,0.4103612815269257,1.2769230769230768,EXHAUSTION,0.0,0.0,0.0,1,NORMAL (15-25%),ACCELERATING (1.2-1.5),WEAK (1-2x),MODERATE (0.3-0.5)
2023-07-17,262,107,1.97,1.64,1529,583,86,60.0,21,12,2050,724.0,6443,71.56,4.0,2023,0.05624591236102027,0.2441860465116279,1.340745585349902,0.381294964028777,1.4333333333333333,EXHAUSTION,0.0,0.0,0.0,1,NORMAL (15-25%),ACCELERATING (1.2-1.5),WEAK (1-2x),MODERATE (0.3-0.5)
2023-07-18,322,106,1.94,1.69,1645,557,112,59.0,20,14,2205,689.0,6439,73.02,4.0,2023,0.06808510638297872,0.17857142857142858,1.3404255319148937,0.3386018237082067,1.8983050847457628,EXHAUSTION,0.0,0.0,0.0,2,NORMAL (15-25%),ACCELERATING (1.2-1.5),WEAK (1-2x),MODERATE (0.3-0.5)
2023-07-19,237,115,1.75,2.01,1688,537,122,58.0,21,13,2279,671.0,6438,75.24,4.0,2023,0.07227488151658767,0.1721311475409836,1.3501184834123223,0.3181279620853081,2.103448275862069,EXHAUSTION,0.0,0.0,0.0,2,NORMAL (15-25%),ACCELERATING (1.2-1.5),MODERATE (2-3x),MODERATE (0.3-0.5)
2023-07-20,91,240,1.2,2.15,1604,576,109,54.0,16,10,2019,746.0,6436,74.4,4.0,2023,0.06795511221945137,0.14678899082568808,1.2587281795511223,0.35910224438902744,2.0185185185185186,EXHAUSTION,0.0,0.0,0.0,2,LOW (<15%),ACCELERATING (1.2-1.5),MODERATE (2-3x),MODERATE (0.3-0.5)
2023-07-21,145,136,1.5,1.87,1565,554,112,51.0,17,9,1767,759.0,6437,74.35,4.0,2023,0.07156549520766774,0.15178571428571427,1.129073482428115,0.3539936102236422,2.196078431372549,EXHAUSTION,0.0,0.0,0.0,2,NORMAL (15-25%),SLIGHT ACCEL (1.0-1.2),MODERATE (2-3x),MODERATE (0.3-0.5)
2023-07-24,154,174,1.23,1.57,1609,564,158,52.0,18,8,1779,798.0,6432,74.62,4.0,2023,0.09819763828464885,0.11392405063291139,1.105655686761964,0.3505282784338098,3.0384615384615383,EXHAUSTION,0.0,0.0,0.0,4,LOW (<15%),SLIGHT ACCEL (1.0-1.2),STRONG (3-5x),MODERATE (0.3-0.5)
2023-07-25,131,227,0.85,1.31,1590,602,138,41.0,16,11,1618,847.0,6429,73.6,4.0,2023,0.08679245283018867,0.11594202898550725,1.0176100628930818,0.3786163522012579,3.3658536585365852,EXHAUSTION,0.0,0.0,0.0,3,LOW (<15%),SLIGHT ACCEL (1.0-1.2),STRONG (3-5x),MODERATE (0.3-0.5)
2023-07-26,252,83,0.9,1.28,1671,570,146,48.0,16,10,1694,803.0,6424,73.64,4.0,2023,0.08737283064033513,0.1095890410958904,1.0137642130460802,0.34111310592459604,3.0416666666666665,EXHAUSTION,0.0,0.0,0.0,3,LOW (<15%),SLIGHT ACCEL (1.0-1.2),STRONG (3-5x),MODERATE (0.3-0.5)
2023-07-27,120,414,0.78,0.97,1522,616,112,54.0,19,8,1496,939.0,6424,66.12,4.0,2023,0.0735873850197109,0.16964285714285715,0.9829172141918529,0.40473061760841,2.074074074074074,EXHAUSTION,0.0,0.0,0.0,2,NORMAL (15-25%),FLAT (0.8-1.0),MODERATE (2-3x),MODERATE (0.3-0.5)
2023-07-28,332,72,1.02,1.22,1659,536,128,46.0,23,8,1691,786.0,6421,68.71,4.0,2023,0.07715491259795057,0.1796875,1.0192887281494876,0.323086196503918,2.782608695652174,EXHAUSTION,0.0,0.0,0.0,2,NORMAL (15-25%),SLIGHT ACCEL (1.0-1.2),MODERATE (2-3x),MODERATE (0.3-0.5)
2023-07-31,392,69,1.42,1.33,1727,497,145,46.0,24,8,1845,696.0,6418,72.46,4.0,2023,0.08396062536189924,0.16551724137931034,1.068326577880718,0.28778228141285467,3.152173913043478,EXHAUSTION,0.0,0.0,0.0,3,NORMAL (15-25%),SLIGHT ACCEL (1.0-1.2),STRONG (3-5x),LOW (<0.3)
2023-08-01,149,182,1.52,1.17,1676,523,104,53.0,17,11,1787,747.0,6419,67.53,4.0,2023,0.06205250596658711,0.16346153846153846,1.0662291169451075,0.3120525059665871,1.9622641509433962,EXHAUSTION,0.0,0.0,0.0,1,NORMAL (15-25%),SLIGHT ACCEL (1.0-1.2),WEAK (1-2x),MODERATE (0.3-0.5)
2023-08-02,124,442,0.95,0.93,1532,569,117,56.0,16,10,1552,893.0,6412,60.55,4.0,2023,0.07637075718015666,0.13675213675213677,1.0130548302872062,0.3714099216710183,2.0892857142857144,EXHAUSTION,0.0,0.0,0.0,2,LOW (<15%),SLIGHT ACCEL (1.0-1.2),MODERATE (2-3x),MODERATE (0.3-0.5)
2023-08-03,201,222,1.21,0.99,1520,588,171,56.0,18,8,1550,940.0,6409,56.31,4.0,2023,0.1125,0.10526315789473684,1.019736842105263,0.3868421052631579,3.0535714285714284,EXHAUSTION,0.0,0.0,0.0,5,LOW (<15%),SLIGHT ACCEL (1.0-1.2),STRONG (3-5x),MODERATE (0.3-0.5)
2023-08-04,147,245,0.87,0.94,1491,624,133,70.0,20,11,1519,1014.0,6412,55.1,4.0,2023,0.0892018779342723,0.15037593984962405,1.0187793427230047,0.41851106639839036,1.9,EXHAUSTION,0.0,0.0,0.0,4,NORMAL (15-25%),SLIGHT ACCEL (1.0-1.2),WEAK (1-2x),MODERATE (0.3-0.5)
2023-08-07,107,301,0.52,0.87,1489,683,120,90.0,20,13,1554,1063.0,6408,57.43,4.0,2023,0.08059100067159167,0.16666666666666666,1.0436534586971122,0.4586971121558093,1.3333333333333333,EXHAUSTION,0.0,0.0,0.0,3,NORMAL (15-25%),SLIGHT ACCEL (1.0-1.2),WEAK (1-2x),MODERATE (0.3-0.5)
2023-08-08,190,225,0.54,0.89,1394,690,99,104.0,15,13,1500,1126.0,6406,53.4,4.0,2023,0.07101865136298421,0.15151515151515152,1.0760401721664274,0.4949784791965567,0.9519230769230769,EXHAUSTION,0.0,0.0,0.0,2,NORMAL (15-25%),SLIGHT ACCEL (1.0-1.2),NEGATIVE (<1x),MODERATE (0.3-0.5)
2023-08-09,174,318,0.62,0.78,1316,761,74,126.0,13,11,1406,1230.0,6406,51.39,4.0,2023,0.05623100303951368,0.17567567567567569,1.06838905775076,0.5782674772036475,0.5873015873015873,EXHAUSTION,0.0,0.0,0.0,1,NORMAL (15-25%),SLIGHT ACCEL (1.0-1.2),NEGATIVE (<1x),ELEVATED (0.5-0.7)
2023-08-10,168,208,0.61,0.87,1279,767,70,139.0,11,11,1352,1250.0,6406,49.82,4.0,2023,0.054730258014073496,0.15714285714285714,1.0570758405003908,0.599687255668491,0.5035971223021583,EXHAUSTION,0.0,0.0,0.0,1,NORMAL (15-25%),SLIGHT ACCEL (1.0-1.2),NEGATIVE (<1x),ELEVATED (0.5-0.7)
2023-08-11,168,158,0.67,0.77,1273,772,90,118.0,15,11,1306,1263.0,6405,50.49,4.0,2023,0.07069913589945012,0.16666666666666666,1.025923016496465,0.6064414768263944,0.7627118644067796,EXHAUSTION,0.0,0.0,0.0,2,NORMAL (15-25%),SLIGHT ACCEL (1.0-1.2),NEGATIVE (<1x),ELEVATED (0.5-0.7)
2023-08-14,159,201,0.77,0.63,1229,780,80,142.0,12,13,1210,1303.0,6399,47.22,4.0,2023,0.06509357200976404,0.15,0.9845402766476811,0.6346623270951993,0.5633802816901409,EXHAUSTION,0.0,0.0,0.0,1,LOW (<15%),FLAT (0.8-1.0),NEGATIVE (<1x),ELEVATED (0.5-0.7)
2023-08-15,105,300,0.65,0.59,1083,840,58,165.0,13,18,1059,1456.0,6400,40.06,4.0,2023,0.05355493998153278,0.22413793103448276,0.9778393351800554,0.775623268698061,0.3515151515151515,EXHAUSTION,0.0,0.0,0.0,1,NORMAL (15-25%),FLAT (0.8-1.0),NEGATIVE (<1x),HIGH (0.7-1.0)
2023-08-16,101,304,0.6,0.61,1008,902,50,197.0,10,18,915,1572.0,6399,36.44,4.0,2023,0.0496031746031746,0.2,0.9077380952380952,0.8948412698412699,0.25380710659898476,EXHAUSTION,0.0,0.0,0.0,0,NORMAL (15-25%),FLAT (0.8-1.0),NEGATIVE (<1x),HIGH (0.7-1.0)
2023-08-17,115,273,0.52,0.57,938,945,45,193.0,10,19,842,1684.0,6396,31.77,4.0,2023,0.04797441364605544,0.2222222222222222,0.8976545842217484,1.007462686567164,0.23316062176165803,EXHAUSTION,0.0,0.0,0.0,0,NORMAL (15-25%),FLAT (0.8-1.0),NEGATIVE (<1x),EXTREME (>1.0)
2023-08-18,150,107,0.53,0.6,885,943,53,187.0,10,19,855,1639.0,6399,32.66,4.0,2023,0.059887005649717516,0.18867924528301888,0.9661016949152542,1.0655367231638417,0.28342245989304815,EXHAUSTION,0.0,0.0,0.0,1,NORMAL (15-25%),FLAT (0.8-1.0),NEGATIVE (<1x),EXTREME (>1.0)
2023-08-21,177,144,0.57,0.67,853,913,54,174.0,12,13,853,1646.0,6395,31.31,4.0,2023,0.06330597889800703,0.2222222222222222,1.0,1.0703399765533412,0.3103448275862069,EXHAUSTION,0.0,0.0,0.0,1,NORMAL (15-25%),FLAT (0.8-1.0),NEGATIVE (<1x),EXTREME (>1.0)
2023-08-22,120,182,0.66,0.65,806,933,58,169.0,12,15,816,1730.0,6392,28.48,4.0,2023,0.07196029776674938,0.20689655172413793,1.0124069478908189,1.1575682382133996,0.3431952662721893,EXHAUSTION,0.0,0.0,0.0,2,NORMAL (15-25%),SLIGHT ACCEL (1.0-1.2),NEGATIVE (<1x),EXTREME (>1.0)
2023-08-23,258,94,1.03,0.77,829,890,62,171.0,16,15,841,1583.0,6391,32.15,4.0,2023,0.07478890229191798,0.25806451612903225,1.014475271411339,1.0735826296743063,0.36257309941520466,EXHAUSTION,0.0,0.0,0.0,2,ELEVATED (25-35%),SLIGHT ACCEL (1.0-1.2),NEGATIVE (<1x),EXTREME (>1.0)
2023-08-24,63,309,0.92,0.68,767,956,56,169.0,11,15,670,1693.0,6385,27.65,4.0,2023,0.07301173402868318,0.19642857142857142,0.8735332464146024,1.2464146023468057,0.33136094674556216,EXHAUSTION,0.0,0.0,0.0,2,NORMAL (15-25%),FLAT (0.8-1.0),NEGATIVE (<1x),EXTREME (>1.0)
2023-08-25,120,92,0.9,0.68,796,936,59,194.0,9,19,646,1693.0,6382,28.83,4.0,2023,0.07412060301507538,0.15254237288135594,0.8115577889447236,1.1758793969849246,0.30412371134020616,EXHAUSTION,0.0,0.0,0.0,2,NORMAL (15-25%),FLAT (0.8-1.0),NEGATIVE (<1x),EXTREME (>1.0)
2023-08-28,192,103,0.97,0.73,813,910,55,212.0,13,28,711,1572.0,6385,32.78,4.0,2023,0.06765067650676507,0.23636363636363636,0.8745387453874539,1.119311193111931,0.25943396226415094,EXHAUSTION,0.0,0.0,0.0,2,NORMAL (15-25%),FLAT (0.8-1.0),NEGATIVE (<1x),EXTREME (>1.0)
2023-08-29,299,70,1.4,0.95,877,842,61,150.0,13,17,853,1419.0,6376,38.41,4.0,2023,0.06955530216647662,0.21311475409836064,0.9726339794754846,0.9600912200684151,0.4066666666666667,EXHAUSTION,0.0,0.0,0.0,2,NORMAL (15-25%),FLAT (0.8-1.0),NEGATIVE (<1x),HIGH (0.7-1.0)
2023-08-30,174,86,1.28,1.14,909,815,67,120.0,17,16,926,1367.0,6378,40.14,4.0,2023,0.0737073707370737,0.2537313432835821,1.0187018701870187,0.8965896589658966,0.5583333333333333,EXHAUSTION,0.0,0.0,0.0,2,ELEVATED (25-35%),SLIGHT ACCEL (1.0-1.2),NEGATIVE (<1x),HIGH (0.7-1.0)
2023-08-31,154,181,1.77,1.25,892,825,62,117.0,17,17,879,1405.0,6378,39.11,4.0,2023,0.06950672645739911,0.27419354838709675,0.9854260089686099,0.9248878923766816,0.5299145299145299,EXHAUSTION,0.0,0.0,0.0,2,ELEVATED (25-35%),FLAT (0.8-1.0),NEGATIVE (<1x),HIGH (0.7-1.0)
2023-09-01,211,82,1.97,1.32,905,785,57,105.0,14,14,968,1306.0,6375,43.4,4.0,2023,0.06298342541436464,0.24561403508771928,1.0696132596685084,0.8674033149171271,0.5428571428571428,EXHAUSTION,0.0,0.0,0.0,1,NORMAL (15-25%),SLIGHT ACCEL (1.0-1.2),NEGATIVE (<1x),HIGH (0.7-1.0)
2023-09-05,161,461,1.14,1.06,743,839,58,108.0,14,15,847,1481.0,6372,33.57,4.0,2023,0.07806191117092867,0.2413793103448276,1.1399730820995961,1.1292059219380888,0.5370370370370371,EXHAUSTION,0.0,0.0,0.0,3,NORMAL (15-25%),SLIGHT ACCEL (1.0-1.2),NEGATIVE (<1x),EXTREME (>1.0)
2023-09-06,95,163,0.82,1.05,703,870,49,115.0,13,17,780,1573.0,6370,31.13,4.0,2023,0.06970128022759602,0.2653061224489796,1.1095305832147937,1.2375533428165006,0.4260869565217391,EXHAUSTION,0.0,0.0,0.0,2,ELEVATED (25-35%),SLIGHT ACCEL (1.0-1.2),NEGATIVE (<1x),EXTREME (>1.0)
2023-09-07,78,307,0.59,0.83,635,938,47,108.0,10,16,713,1706.0,6368,29.97,4.0,2023,0.07401574803149606,0.2127659574468085,1.1228346456692913,1.4771653543307086,0.4351851851851852,EXHAUSTION,0.0,0.0,0.0,2,NORMAL (15-25%),SLIGHT ACCEL (1.0-1.2),NEGATIVE (<1x),EXTREME (>1.0)
2023-09-08,101,137,0.56,0.94,628,939,41,94.0,11,14,697,1696.0,6369,30.29,4.0,2023,0.06528662420382166,0.2682926829268293,1.1098726114649682,1.4952229299363058,0.43617021276595747,EXHAUSTION,0.0,0.0,0.0,1,ELEVATED (25-35%),SLIGHT ACCEL (1.0-1.2),NEGATIVE (<1x),EXTREME (>1.0)
2023-09-11,211,151,0.53,0.96,643,925,41,94.0,9,16,732,1644.0,6366,31.53,4.0,2023,0.06376360808709176,0.21951219512195122,1.1384136858475895,1.4385692068429239,0.43617021276595747,EXHAUSTION,0.0,0.0,0.0,1,NORMAL (15-25%),SLIGHT ACCEL (1.0-1.2),NEGATIVE (<1x),EXTREME (>1.0)
2023-09-12,147,160,0.69,0.91,633,921,35,90.0,7,16,724,1641.0,6367,31.88,4.0,2023,0.05529225908372828,0.2,1.1437598736176935,1.4549763033175356,0.3888888888888889,EXHAUSTION,0.0,0.0,0.0,1,NORMAL (15-25%),SLIGHT ACCEL (1.0-1.2),NEGATIVE (<1x),EXTREME (>1.0)
2023-09-13,115,242,0.65,0.73,594,960,36,87.0,7,18,679,1670.0,6363,28.98,4.0,2023,0.06060606060606061,0.19444444444444445,1.1430976430976432,1.6161616161616161,0.41379310344827586,EXHAUSTION,0.0,0.0,0.0,1,NORMAL (15-25%),SLIGHT ACCEL (1.0-1.2),NEGATIVE (<1x),EXTREME (>1.0)
2023-09-14,258,94,1.06,0.77,632,899,49,73.0,8,19,752,1490.0,6364,35.87,4.0,2023,0.07753164556962025,0.16326530612244897,1.1898734177215189,1.4224683544303798,0.6712328767123288,EXHAUSTION,0.0,0.0,0.0,3,NORMAL (15-25%),SLIGHT ACCEL (1.0-1.2),NEGATIVE (<1x),EXTREME (>1.0)
2023-09-15,205,335,0.95,0.74,608,920,57,69.0,7,17,705,1563.0,6366,33.05,4.0,2023,0.09375,0.12280701754385964,1.1595394736842106,1.513157894736842,0.8260869565217391,EXHAUSTION,0.0,0.0,0.0,4,LOW (<15%),SLIGHT ACCEL (1.0-1.2),NEGATIVE (<1x),EXTREME (>1.0)
2023-09-18,76,151,0.82,0.66,577,965,49,83.0,10,19,647,1637.0,6369,32.78,4.0,2023,0.08492201039861352,0.20408163265306123,1.1213171577123051,1.6724436741767765,0.5903614457831325,EXHAUSTION,0.0,0.0,0.0,3,NORMAL (15-25%),SLIGHT ACCEL (1.0-1.2),NEGATIVE (<1x),EXTREME (>1.0)
2023-09-19,122,132,0.81,0.75,558,978,38,84.0,8,20,629,1596.0,6369,31.56,4.0,2023,0.06810035842293907,0.21052631578947367,1.1272401433691757,1.7526881720430108,0.4523809523809524,EXHAUSTION,0.0,0.0,0.0,2,NORMAL (15-25%),SLIGHT ACCEL (1.0-1.2),NEGATIVE (<1x),EXTREME (>1.0)
2023-09-20,94,164,0.86,0.75,541,998,33,83.0,14,23,588,1627.0,6369,29.65,4.0,2023,0.06099815157116451,0.42424242424242425,1.0868761552680222,1.844731977818854,0.39759036144578314,EXHAUSTION,0.0,0.0,0.0,1,HIGH (35-50%),SLIGHT ACCEL (1.0-1.2),NEGATIVE (<1x),EXTREME (>1.0)
2023-09-21,84,382,0.5,0.73,499,1086,29,107.0,8,21,497,1778.0,6371,22.49,4.0,2023,0.05811623246492986,0.27586206896551724,0.9959919839679359,2.176352705410822,0.27102803738317754,EXHAUSTION,0.0,0.0,0.0,1,ELEVATED (25-35%),FLAT (0.8-1.0),NEGATIVE (<1x),EXTREME (>1.0)
2023-09-22,98,161,0.48,0.72,486,1109,33,95.0,11,16,475,1801.0,6365,22.69,4.0,2023,0.06790123456790123,0.3333333333333333,0.977366255144033,2.2818930041152266,0.3473684210526316,EXHAUSTION,0.0,0.0,0.0,2,ELEVATED (25-35%),FLAT (0.8-1.0),NEGATIVE (<1x),EXTREME (>1.0)
2023-09-25,130,159,0.53,0.67,486,1125,37,97.0,9,18,489,1714.0,6364,25.05,4.0,2023,0.07613168724279835,0.24324324324324326,1.0061728395061729,2.314814814814815,0.38144329896907214,EXHAUSTION,0.0,0.0,0.0,2,NORMAL (15-25%),SLIGHT ACCEL (1.0-1.2),NEGATIVE (<1x),EXTREME (>1.0)
2023-09-26,111,198,0.49,0.64,443,1179,30,116.0,10,20,431,1797.0,6362,20.02,4.0,2023,0.06772009029345373,0.3333333333333333,0.9729119638826185,2.6613995485327315,0.25862068965517243,EXHAUSTION,0.0,0.0,0.0,2,ELEVATED (25-35%),FLAT (0.8-1.0),NEGATIVE (<1x),EXTREME (>1.0)
2023-09-27,223,119,0.63,0.74,468,1149,32,138.0,8,25,497,1720.0,6353,24.29,4.0,2023,0.06837606837606838,0.25,1.061965811965812,2.4551282051282053,0.2318840579710145,EXHAUSTION,0.0,0.0,0.0,2,NORMAL (15-25%),SLIGHT ACCEL (1.0-1.2),NEGATIVE (<1x),EXTREME (>1.0)
2023-09-28,184,135,0.97,0.69,480,1116,37,149.0,9,19,564,1578.0,6351,26.8,4.0,2023,0.07708333333333334,0.24324324324324326,1.175,2.325,0.2483221476510067,EXHAUSTION,0.0,0.0,0.0,2,NORMAL (15-25%),SLIGHT ACCEL (1.0-1.2),NEGATIVE (<1x),EXTREME (>1.0)
2023-09-29,163,105,1.13,0.75,471,1105,38,113.0,8,20,570,1495.0,6350,24.23,4.0,2023,0.08067940552016985,0.21052631578947367,1.2101910828025477,2.346072186836518,0.336283185840708,EXHAUSTION,0.0,0.0,0.0,3,NORMAL (15-25%),ACCELERATING (1.2-1.5),NEGATIVE (<1x),EXTREME (>1.0)
2023-10-02,76,411,0.78,0.65,404,1203,25,174.0,7,29,485,1614.0,6356,20.35,4.0,2023,0.06188118811881188,0.28,1.2004950495049505,2.977722772277228,0.14367816091954022,EXHAUSTION,0.0,0.0,0.0,1,ELEVATED (25-35%),ACCELERATING (1.2-1.5),NEGATIVE (<1x),EXTREME (>1.0)
2023-10-03,84,393,0.63,0.56,378,1270,22,188.0,9,28,411,1840.0,6350,16.11,4.0,2023,0.0582010582010582,0.4090909090909091,1.0873015873015872,3.35978835978836,0.11702127659574468,EXHAUSTION,0.0,0.0,0.0,1,HIGH (35-50%),SLIGHT ACCEL (1.0-1.2),NEGATIVE (<1x),EXTREME (>1.0)
2023-10-04,128,209,0.51,0.56,349,1263,26,182.0,6,29,427,1811.0,6349,16.92,4.0,2023,0.07449856733524356,0.23076923076923078,1.2234957020057307,3.6189111747851004,0.14285714285714285,EXHAUSTION,0.0,0.0,0.0,2,NORMAL (15-25%),ACCELERATING (1.2-1.5),NEGATIVE (<1x),EXTREME (>1.0)
2023-10-05,182,193,0.48,0.66,367,1282,28,146.0,10,26,433,1776.0,6347,17.47,4.0,2023,0.07629427792915532,0.35714285714285715,1.1798365122615804,3.4931880108991824,0.1917808219178082,EXHAUSTION,0.0,0.0,0.0,2,HIGH (35-50%),SLIGHT ACCEL (1.0-1.2),NEGATIVE (<1x),EXTREME (>1.0)
2023-10-06,223,76,0.54,0.75,380,1222,29,125.0,8,23,505,1654.0,6350,20.72,4.0,2023,0.07631578947368421,0.27586206896551724,1.3289473684210527,3.2157894736842105,0.232,EXHAUSTION,0.0,0.0,0.0,2,ELEVATED (25-35%),ACCELERATING (1.2-1.5),NEGATIVE (<1x),EXTREME (>1.0)
2023-10-09,161,189,0.73,0.76,376,1222,31,150.0,8,23,527,1590.0,6352,24.99,4.0,2023,0.08244680851063829,0.25806451612903225,1.4015957446808511,3.25,0.20666666666666667,EXHAUSTION,0.0,0.0,0.0,3,ELEVATED (25-35%),ACCELERATING (1.2-1.5),NEGATIVE (<1x),EXTREME (>1.0)
2023-10-10,360,80,1.41,0.93,423,1155,31,111.0,9,19,646,1415.0,6348,27.68,4.0,2023,0.07328605200945626,0.2903225806451613,1.5271867612293144,2.730496453900709,0.27927927927927926,EXHAUSTION,0.0,0.0,0.0,2,ELEVATED (25-35%),STRONG ACCEL (>1.5),NEGATIVE (<1x),EXTREME (>1.0)
2023-10-11,135,217,1.41,0.84,413,1159,35,119.0,9,23,642,1445.0,6351,31.2,4.0,2023,0.0847457627118644,0.2571428571428571,1.5544794188861986,2.8062953995157387,0.29411764705882354,EXHAUSTION,0.0,0.0,0.0,3,ELEVATED (25-35%),STRONG ACCEL (>1.5),NEGATIVE (<1x),EXTREME (>1.0)
2023-10-12,98,533,0.89,0.67,381,1292,26,174.0,7,24,529,1725.0,6346,25.03,4.0,2023,0.06824146981627296,0.2692307692307692,1.3884514435695539,3.391076115485564,0.14942528735632185,EXHAUSTION,0.0,0.0,0.0,2,ELEVATED (25-35%),ACCELERATING (1.2-1.5),NEGATIVE (<1x),EXTREME (>1.0)
2023-10-13,162,185,0.76,0.65,381,1302,25,158.0,7,27,533,1769.0,6345,24.63,4.0,2023,0.06561679790026247,0.28,1.398950131233596,3.4173228346456694,0.15822784810126583,EXHAUSTION,0.0,0.0,0.0,1,ELEVATED (25-35%),ACCELERATING (1.2-1.5),NEGATIVE (<1x),EXTREME (>1.0)
2023-10-16,299,94,0.95,0.84,409,1194,33,118.0,8,27,628,1589.0,6342,30.2,4.0,2023,0.08068459657701711,0.24242424242424243,1.5354523227383863,2.9193154034229827,0.2796610169491525,EXHAUSTION,0.0,0.0,0.0,3,NORMAL (15-25%),STRONG ACCEL (>1.5),NEGATIVE (<1x),EXTREME (>1.0)
2023-10-17,278,84,0.87,1.09,434,1157,33,113.0,8,26,751,1466.0,6343,33.92,4.0,2023,0.07603686635944701,0.24242424242424243,1.7304147465437787,2.665898617511521,0.2920353982300885,EXHAUSTION,0.0,0.0,0.0,2,NORMAL (15-25%),STRONG ACCEL (>1.5),NEGATIVE (<1x),EXTREME (>1.0)
2023-10-18,63,386,0.7,0.96,386,1281,23,123.0,8,29,614,1692.0,6337,26.6,4.0,2023,0.05958549222797927,0.34782608695652173,1.5906735751295338,3.3186528497409324,0.18699186991869918,EXHAUSTION,0.0,0.0,0.0,1,ELEVATED (25-35%),STRONG ACCEL (>1.5),NEGATIVE (<1x),EXTREME (>1.0)
2023-10-19,72,324,0.81,0.85,340,1340,22,132.0,8,32,529,1845.0,6334,22.32,4.0,2023,0.06470588235294118,0.36363636363636365,1.5558823529411765,3.9411764705882355,0.16666666666666666,EXHAUSTION,0.0,0.0,0.0,1,HIGH (35-50%),STRONG ACCEL (>1.5),NEGATIVE (<1x),EXTREME (>1.0)
2023-10-20,87,251,0.7,0.73,317,1387,23,140.0,8,35,457,1839.0,6335,18.59,4.0,2023,0.07255520504731862,0.34782608695652173,1.4416403785488958,4.375394321766562,0.16428571428571428,EXHAUSTION,0.0,0.0,0.0,2,ELEVATED (25-35%),ACCELERATING (1.2-1.5),NEGATIVE (<1x),EXTREME (>1.0)
2023-10-23,88,243,0.46,0.69,299,1440,22,144.0,8,37,416,1901.0,6333,16.27,4.0,2023,0.07357859531772576,0.36363636363636365,1.391304347826087,4.816053511705686,0.1527777777777778,EXHAUSTION,0.0,0.0,0.0,2,HIGH (35-50%),ACCELERATING (1.2-1.5),NEGATIVE (<1x),EXTREME (>1.0)
2023-10-24,282,133,0.44,0.64,318,1395,23,114.0,7,28,507,1768.0,6331,18.49,4.0,2023,0.07232704402515723,0.30434782608695654,1.5943396226415094,4.386792452830188,0.20175438596491227,EXHAUSTION,0.0,0.0,0.0,2,ELEVATED (25-35%),STRONG ACCEL (>1.5),NEGATIVE (<1x),EXTREME (>1.0)
2023-10-25,90,420,0.45,0.57,304,1507,24,157.0,7,31,432,1975.0,6325,17.61,4.0,2023,0.07894736842105263,0.2916666666666667,1.4210526315789473,4.957236842105263,0.15286624203821655,EXHAUSTION,0.0,0.0,0.0,3,ELEVATED (25-35%),ACCELERATING (1.2-1.5),NEGATIVE (<1x),EXTREME (>1.0)
2023-10-26,181,201,0.58,0.69,311,1457,20,167.0,8,30,443,1927.0,6324,17.66,4.0,2023,0.06430868167202572,0.4,1.4244372990353698,4.684887459807074,0.11976047904191617,EXHAUSTION,0.0,0.0,0.0,1,HIGH (35-50%),ACCELERATING (1.2-1.5),NEGATIVE (<1x),EXTREME (>1.0)
2023-10-27,101,304,0.57,0.63,280,1538,20,199.0,7,31,397,2050.0,6325,14.93,4.0,2023,0.07142857142857142,0.35,1.417857142857143,5.492857142857143,0.10050251256281408,EXHAUSTION,0.0,0.0,0.0,2,ELEVATED (25-35%),ACCELERATING (1.2-1.5),NEGATIVE (<1x),EXTREME (>1.0)
2023-10-30,211,144,0.72,0.58,303,1472,26,165.0,7,26,472,1893.0,6324,18.08,4.0,2023,0.0858085808580858,0.2692307692307692,1.5577557755775577,4.858085808580858,0.15757575757575756,EXHAUSTION,0.0,0.0,0.0,3,ELEVATED (25-35%),STRONG ACCEL (>1.5),NEGATIVE (<1x),EXTREME (>1.0)
2023-10-31,273,155,0.7,0.57,337,1389,32,121.0,8,25,560,1788.0,6325,20.99,4.0,2023,0.09495548961424333,0.25,1.6617210682492582,4.121661721068249,0.2644628099173554,EXHAUSTION,0.0,0.0,0.0,4,NORMAL (15-25%),STRONG ACCEL (>1.5),NEGATIVE (<1x),EXTREME (>1.0)
2023-11-01,196,204,0.95,0.66,342,1333,37,126.0,8,19,609,1703.0,6325,24.78,4.0,2023,0.10818713450292397,0.21621621621621623,1.780701754385965,3.8976608187134505,0.29365079365079366,EXHAUSTION,0.0,0.0,0.0,5,NORMAL (15-25%),STRONG ACCEL (>1.5),NEGATIVE (<1x),EXTREME (>1.0)
2023-11-02,806,117,1.72,1.07,451,1164,49,91.0,8,16,1009,1360.0,6325,39.1,4.0,2023,0.10864745011086474,0.16326530612244897,2.237250554323725,2.5809312638580932,0.5384615384615384,EXHAUSTION,0.0,0.0,0.0,5,NORMAL (15-25%),STRONG ACCEL (>1.5),NEGATIVE (<1x),EXTREME (>1.0)
2023-11-03,711,80,3.14,1.47,618,1025,64,89.0,12,15,1546,1103.0,6324,51.64,4.0,2023,0.10355987055016182,0.1875,2.501618122977346,1.6585760517799353,0.7191011235955056,EXHAUSTION,0.0,0.0,0.0,5,NORMAL (15-25%),STRONG ACCEL (>1.5),NEGATIVE (<1x),EXTREME (>1.0)
2023-11-06,120,200,2.79,1.52,529,1092,55,100.0,9,14,1326,1191.0,6319,46.58,4.0,2023,0.10396975425330812,0.16363636363636364,2.506616257088847,2.064272211720227,0.55,EXHAUSTION,0.0,0.0,0.0,5,NORMAL (15-25%),STRONG ACCEL (>1.5),NEGATIVE (<1x),EXTREME (>1.0)
2023-11-07,234,214,2.54,1.43,570,1062,55,116.0,13,16,1325,1132.0,6319,44.84,4.0,2023,0.09649122807017543,0.23636363636363636,2.324561403508772,1.8631578947368421,0.47413793103448276,EXHAUSTION,0.0,0.0,0.0,4,NORMAL (15-25%),STRONG ACCEL (>1.5),NEGATIVE (<1x),EXTREME (>1.0)
2023-11-08,170,295,2.25,1.57,542,1059,58,125.0,11,18,1182,1217.0,6313,43.48,4.0,2023,0.1070110701107011,0.1896551724137931,2.180811808118081,1.9538745387453875,0.464,EXHAUSTION,0.0,0.0,0.0,5,NORMAL (15-25%),STRONG ACCEL (>1.5),NEGATIVE (<1x),EXTREME (>1.0)
2023-11-09,122,491,1.06,1.34,457,1110,56,130.0,12,23,995,1387.0,6309,38.66,4.0,2023,0.12253829321663019,0.21428571428571427,2.177242888402626,2.428884026258206,0.4307692307692308,EXHAUSTION,0.0,0.0,0.0,6,NORMAL (15-25%),STRONG ACCEL (>1.5),NEGATIVE (<1x),EXTREME (>1.0)
2023-11-10,198,194,0.61,1.45,502,1075,80,128.0,17,18,1105,1315.0,6310,43.26,4.0,2023,0.1593625498007968,0.2125,2.201195219123506,2.141434262948207,0.625,NEUTRAL,0.0,0.0,0.0,8,NORMAL (15-25%),STRONG ACCEL (>1.5),NEGATIVE (<1x),EXTREME (>1.0)
2023-11-13,179,181,0.66,1.41,522,1087,61,139.0,12,17,1139,1335.0,6309,43.99,4.0,2023,0.11685823754789272,0.19672131147540983,2.181992337164751,2.082375478927203,0.43884892086330934,EXHAUSTION,0.0,0.0,0.0,6,NORMAL (15-25%),STRONG ACCEL (>1.5),NEGATIVE (<1x),EXTREME (>1.0)
2023-11-14,1594,95,1.8,2.09,805,863,106,105.0,15,16,1973,963.0,6310,60.86,4.0,2023,0.13167701863354037,0.14150943396226415,2.4509316770186333,1.0720496894409939,1.0095238095238095,EXHAUSTION,0.0,0.0,0.0,7,LOW (<15%),STRONG ACCEL (>1.5),WEAK (1-2x),EXTREME (>1.0)
2023-11-15,280,116,2.2,2.23,874,823,148,79.0,21,17,2071,915.0,6309,63.19,4.0,2023,0.16933638443935928,0.14189189189189189,2.369565217391304,0.9416475972540046,1.8734177215189873,NEUTRAL,0.0,0.0,0.0,8,LOW (<15%),STRONG ACCEL (>1.5),WEAK (1-2x),HIGH (0.7-1.0)
2023-11-16,98,216,2.93,1.78,795,884,166,87.0,24,15,1848,1004.0,6305,56.84,4.0,2023,0.2088050314465409,0.14457831325301204,2.3245283018867924,1.1119496855345912,1.9080459770114941,NEUTRAL,0.0,0.0,0.0,9,LOW (<15%),STRONG ACCEL (>1.5),WEAK (1-2x),EXTREME (>1.0)
2023-11-17,341,95,3.54,1.59,882,825,230,65.0,38,9,2024,882.0,6300,61.48,4.0,2023,0.26077097505668934,0.16521739130434782,2.2947845804988662,0.935374149659864,3.5384615384615383,MID_BULL,0.0,0.0,0.0,9,NORMAL (15-25%),STRONG ACCEL (>1.5),STRONG (3-5x),HIGH (0.7-1.0)
2023-11-20,259,107,4.09,1.73,968,791,282,57.0,44,10,2142,855.0,6297,64.13,4.0,2023,0.29132231404958675,0.15602836879432624,2.2128099173553717,0.8171487603305785,4.947368421052632,MID_BULL,0.0,0.0,0.0,9,NORMAL (15-25%),STRONG ACCEL (>1.5),STRONG (3-5x),HIGH (0.7-1.0)
2023-11-21,103,201,1.47,1.68,872,845,209,68.0,33,12,1948,930.0,6299,60.87,4.0,2023,0.2396788990825688,0.15789473684210525,2.2339449541284404,0.9690366972477065,3.073529411764706,NEUTRAL,0.0,0.0,0.0,9,NORMAL (15-25%),STRONG ACCEL (>1.5),STRONG (3-5x),HIGH (0.7-1.0)
2023-11-22,145,87,1.34,1.86,915,827,299,52.0,42,12,2014,906.0,6297,63.4,4.0,2023,0.326775956284153,0.14046822742474915,2.2010928961748633,0.9038251366120219,5.75,MID_BULL,0.0,0.0,0.0,9,LOW (<15%),STRONG ACCEL (>1.5),VERY STRONG (>5x),HIGH (0.7-1.0)
2023-11-24,142,20,1.94,2.54,1012,774,315,45.0,50,9,2112,822.0,6294,65.22,4.0,2023,0.31126482213438733,0.15873015873015872,2.0869565217391304,0.7648221343873518,7.0,MID_BULL,0.0,0.0,0.0,9,NORMAL (15-25%),STRONG ACCEL (>1.5),VERY STRONG (>5x),HIGH (0.7-1.0)
2023-11-27,183,277,1.2,2.38,981,807,344,42.0,60,10,2051,894.0,6295,64.33,4.0,2023,0.3506625891946993,0.1744186046511628,2.09072375127421,0.8226299694189603,8.19047619047619,EARLY_BULL,0.0,0.0,0.0,9,NORMAL (15-25%),STRONG ACCEL (>1.5),VERY STRONG (>5x),HIGH (0.7-1.0)
2023-11-28,222,132,1.11,2.5,974,785,302,47.0,48,13,2001,882.0,6295,64.42,4.0,2023,0.31006160164271046,0.15894039735099338,2.0544147843942504,0.8059548254620124,6.425531914893617,MID_BULL,0.0,0.0,0.0,9,NORMAL (15-25%),STRONG ACCEL (>1.5),VERY STRONG (>5x),HIGH (0.7-1.0)
2023-11-29,261,136,1.46,1.47,1062,762,315,48.0,51,12,2119,825.0,6291,64.33,4.0,2023,0.2966101694915254,0.1619047619047619,1.9952919020715632,0.7175141242937854,6.5625,MID_BULL,0.0,0.0,0.0,9,NORMAL (15-25%),STRONG ACCEL (>1.5),VERY STRONG (>5x),HIGH (0.7-1.0)
2023-11-30,206,193,1.34,1.34,1074,785,296,47.0,46,15,2164,853.0,6293,65.66,4.0,2023,0.2756052141527002,0.1554054054054054,2.014897579143389,0.7309124767225326,6.297872340425532,MID_BULL,0.0,0.0,0.0,9,NORMAL (15-25%),STRONG ACCEL (>1.5),VERY STRONG (>5x),HIGH (0.7-1.0)
2023-12-01,675,72,1.91,1.92,1359,692,280,41.0,47,16,2518,729.0,6291,72.46,4.0,2023,0.20603384841795438,0.16785714285714284,1.852832965415747,0.5091979396615158,6.829268292682927,NEUTRAL,0.0,0.0,0.0,9,NORMAL (15-25%),STRONG ACCEL (>1.5),VERY STRONG (>5x),ELEVATED (0.5-0.7)
2023-12-04,331,128,2.56,1.87,1435,678,197,42.0,34,16,2619,695.0,6289,72.24,4.0,2023,0.1372822299651568,0.17258883248730963,1.8250871080139373,0.47247386759581883,4.690476190476191,EXHAUSTION,0.0,0.0,0.0,7,NORMAL (15-25%),STRONG ACCEL (>1.5),STRONG (3-5x),MODERATE (0.3-0.5)
2023-12-05,122,241,2.07,1.61,1298,716,210,42.0,35,20,2429,768.0,6289,68.77,4.0,2023,0.1617873651771957,0.16666666666666666,1.8713405238828968,0.551617873651772,5.0,NEUTRAL,0.0,0.0,0.0,8,NORMAL (15-25%),STRONG ACCEL (>1.5),STRONG (3-5x),ELEVATED (0.5-0.7)
2023-12-06,215,182,1.9,1.7,1334,722,201,44.0,32,15,2426,756.0,6277,67.73,4.0,2023,0.15067466266866567,0.15920398009950248,1.8185907046476761,0.5412293853073463,4.568181818181818,NEUTRAL,0.0,0.0,0.0,8,NORMAL (15-25%),STRONG ACCEL (>1.5),STRONG (3-5x),ELEVATED (0.5-0.7)
2023-12-07,196,141,2.01,1.68,1410,699,236,36.0,37,13,2534,738.0,6274,68.24,4.0,2023,0.1673758865248227,0.15677966101694915,1.797163120567376,0.4957446808510638,6.555555555555555,NEUTRAL,0.0,0.0,0.0,8,NORMAL (15-25%),STRONG ACCEL (>1.5),VERY STRONG (>5x),MODERATE (0.3-0.5)
2023-12-08,233,112,1.36,1.64,1446,669,313,21.0,60,10,2556,714.0,6271,69.58,4.0,2023,0.21645919778699863,0.19169329073482427,1.7676348547717842,0.46265560165975106,14.904761904761905,NEUTRAL,0.0,0.0,0.0,9,NORMAL (15-25%),STRONG ACCEL (>1.5),VERY STRONG (>5x),MODERATE (0.3-0.5)
2023-12-11,123,305,0.91,1.57,1450,701,289,27.0,48,9,2526,781.0,6262,69.56,4.0,2023,0.1993103448275862,0.16608996539792387,1.7420689655172414,0.48344827586206895,10.703703703703704,NEUTRAL,0.0,0.0,0.0,9,NORMAL (15-25%),STRONG ACCEL (>1.5),VERY STRONG (>5x),MODERATE (0.3-0.5)
2023-12-12,132,223,0.93,1.44,1430,712,280,29.0,53,10,2480,840.0,6257,67.79,4.0,2023,0.1958041958041958,0.18928571428571428,1.7342657342657342,0.4979020979020979,9.655172413793103,NEUTRAL,0.0,0.0,0.0,9,NORMAL (15-25%),STRONG ACCEL (>1.5),VERY STRONG (>5x),MODERATE (0.3-0.5)
2023-12-13,1157,88,2.12,2.01,1791,615,221,28.0,42,11,2800,665.0,6257,73.2,4.0,2023,0.12339475153545505,0.19004524886877827,1.5633724176437744,0.34338358458961477,7.892857142857143,EXHAUSTION,0.0,0.0,0.0,6,NORMAL (15-25%),STRONG ACCEL (>1.5),VERY STRONG (>5x),MODERATE (0.3-0.5)
2023-12-14,839,118,2.94,2.5,2042,547,293,30.0,45,13,2968,605.0,6253,76.04,4.0,2023,0.14348677766895201,0.15358361774744028,1.4534769833496572,0.2678746327130264,9.766666666666667,EXHAUSTION,0.0,0.0,0.0,7,NORMAL (15-25%),ACCELERATING (1.2-1.5),VERY STRONG (>5x),LOW (<0.3)
2023-12-15,220,293,2.41,1.95,1994,565,344,30.0,59,16,2814,637.0,6251,74.17,4.0,2023,0.17251755265797392,0.17151162790697674,1.41123370110331,0.28335005015045134,11.466666666666667,NEUTRAL,0.0,0.0,0.0,8,NORMAL (15-25%),ACCELERATING (1.2-1.5),VERY STRONG (>5x),LOW (<0.3)
2023-12-18,109,125,2.9,1.83,1967,557,263,37.0,48,17,2748,655.0,6249,75.28,4.0,2023,0.1337061514997458,0.18250950570342206,1.3970513472292831,0.2831723436705643,7.108108108108108,EXHAUSTION,0.0,0.0,0.0,7,NORMAL (15-25%),ACCELERATING (1.2-1.5),VERY STRONG (>5x),LOW (<0.3)
2023-12-18,109,125,0.87,0.87,1967,557,263,37.0,48,17,2748,655.0,6249,75.28,4.0,2024,0.1337061514997458,0.18250950570342206,1.3970513472292831,0.2831723436705643,7.108108108108108,EXHAUSTION,0.0,0.0,0.0,7,NORMAL (15-25%),ACCELERATING (1.2-1.5),VERY STRONG (>5x),LOW (<0.3)
2023-12-19,420,92,3.83,2.17,2178,509,307,38.0,56,21,2887,574.0,6250,78.35,4.0,2023,0.14095500459136823,0.18241042345276873,1.3255280073461893,0.2337006427915519,8.078947368421053,EXHAUSTION,0.0,0.0,0.0,7,NORMAL (15-25%),ACCELERATING (1.2-1.5),VERY STRONG (>5x),LOW (<0.3)
2023-12-19,420,92,2.44,2.44,2178,509,307,38.0,56,21,2887,574.0,6250,78.35,4.0,2024,0.14095500459136823,0.18241042345276873,1.3255280073461893,0.2337006427915519,8.078947368421053,EXHAUSTION,0.0,0.0,0.0,7,NORMAL (15-25%),ACCELERATING (1.2-1.5),VERY STRONG (>5x),LOW (<0.3)
2023-12-20,124,354,1.74,1.92,1998,544,282,33.0,49,18,2615,669.0,6243,74.59,4.0,2023,0.14114114114114115,0.17375886524822695,1.3088088088088088,0.2722722722722723,8.545454545454545,EXHAUSTION,0.0,0.0,0.0,7,NORMAL (15-25%),ACCELERATING (1.2-1.5),VERY STRONG (>5x),LOW (<0.3)
2023-12-20,124,354,1.14,1.14,1998,544,282,33.0,49,18,2615,669.0,6243,74.59,4.0,2024,0.14114114114114115,0.17375886524822695,1.3088088088088088,0.2722722722722723,8.545454545454545,EXHAUSTION,0.0,0.0,0.0,7,NORMAL (15-25%),ACCELERATING (1.2-1.5),VERY STRONG (>5x),LOW (<0.3)
2023-12-21,249,63,1.42,1.42,2169,503,341,36.0,60,17,2749,595.0,6239,77.04,4.0,2024,0.15721530659289995,0.17595307917888564,1.2674043337943752,0.2319041032733979,9.472222222222221,NEUTRAL,0.0,0.0,0.0,8,NORMAL (15-25%),ACCELERATING (1.2-1.5),VERY STRONG (>5x),LOW (<0.3)
2023-12-21,249,63,1.21,2.03,2169,503,341,36.0,60,17,2749,595.0,6239,77.04,4.0,2023,0.15721530659289995,0.17595307917888564,1.2674043337943752,0.2319041032733979,9.472222222222221,NEUTRAL,0.0,0.0,0.0,8,NORMAL (15-25%),ACCELERATING (1.2-1.5),VERY STRONG (>5x),LOW (<0.3)
2023-12-22,335,71,1.75,2.14,2272,469,351,42.0,69,22,2815,547.0,6238,77.09,4.0,2023,0.1544894366197183,0.19658119658119658,1.2389964788732395,0.20642605633802816,8.357142857142858,NEUTRAL,0.0,0.0,0.0,8,NORMAL (15-25%),ACCELERATING (1.2-1.5),VERY STRONG (>5x),LOW (<0.3)
2023-12-22,335,71,1.75,1.75,2272,469,351,42.0,69,22,2815,547.0,6238,77.09,4.0,2024,0.1544894366197183,0.19658119658119658,1.2389964788732395,0.20642605633802816,8.357142857142858,NEUTRAL,0.0,0.0,0.0,8,NORMAL (15-25%),ACCELERATING (1.2-1.5),VERY STRONG (>5x),LOW (<0.3)
2023-12-26,276,64,2.18,2.59,2379,449,468,39.0,77,23,2917,481.0,6232,78.25,4.0,2023,0.19672131147540983,0.16452991452991453,1.2261454392601934,0.1887347625052543,12.0,NEUTRAL,0.0,0.0,0.0,9,NORMAL (15-25%),ACCELERATING (1.2-1.5),VERY STRONG (>5x),LOW (<0.3)
2023-12-26,276,64,2.18,1.97,2379,449,468,39.0,77,23,2917,481.0,6232,78.25,4.0,2024,0.19672131147540983,0.16452991452991453,1.2261454392601934,0.1887347625052543,12.0,NEUTRAL,0.0,0.0,0.0,9,NORMAL (15-25%),ACCELERATING (1.2-1.5),VERY STRONG (>5x),LOW (<0.3)
2023-12-27,248,98,1.9,2.03,2398,454,480,43.0,83,21,2923,481.0,6223,77.87,4.0,2024,0.20016680567139283,0.17291666666666666,1.218932443703086,0.18932443703085905,11.162790697674419,NEUTRAL,0.0,0.0,0.0,9,NORMAL (15-25%),ACCELERATING (1.2-1.5),VERY STRONG (>5x),LOW (<0.3)
2023-12-27,248,98,1.9,2.91,2398,454,480,43.0,83,21,2923,481.0,6223,77.87,4.0,2023,0.20016680567139283,0.17291666666666666,1.218932443703086,0.18932443703085905,11.162790697674419,NEUTRAL,0.0,0.0,0.0,9,NORMAL (15-25%),ACCELERATING (1.2-1.5),VERY STRONG (>5x),LOW (<0.3)
2023-12-28,229,99,3.38,2.06,2380,446,403,42.0,71,25,2883,475.0,6224,77.67,4.0,2024,0.16932773109243698,0.1761786600496278,1.211344537815126,0.18739495798319328,9.595238095238095,NEUTRAL,0.0,0.0,0.0,8,NORMAL (15-25%),ACCELERATING (1.2-1.5),VERY STRONG (>5x),LOW (<0.3)
2023-12-28,229,99,3.38,2.21,2380,446,403,42.0,71,25,2883,475.0,6224,77.67,4.0,2023,0.16932773109243698,0.1761786600496278,1.211344537815126,0.18739495798319328,9.595238095238095,NEUTRAL,0.0,0.0,0.0,8,NORMAL (15-25%),ACCELERATING (1.2-1.5),VERY STRONG (>5x),LOW (<0.3)
2023-12-29,127,227,2.17,1.57,2278,470,315,41.0,52,24,2686,554.0,6223,75.26,4.0,2023,0.1382791922739245,0.16507936507936508,1.1791044776119404,0.20632133450395082,7.682926829268292,EXHAUSTION,0.0,0.0,0.0,7,NORMAL (15-25%),SLIGHT ACCEL (1.0-1.2),VERY STRONG (>5x),LOW (<0.3)
2023-12-29,127,227,2.17,1.77,2278,470,315,41.0,52,24,2686,554.0,6223,75.26,4.0,2024,0.1382791922739245,0.16507936507936508,1.1791044776119404,0.20632133450395082,7.682926829268292,EXHAUSTION,0.0,0.0,0.0,7,NORMAL (15-25%),SLIGHT ACCEL (1.0-1.2),VERY STRONG (>5x),LOW (<0.3)
2024-01-02,213,254,1.47,1.61,2217,485,193,47.0,27,23,2551,606.0,6222,75.39,4.0,2024,0.08705457825890843,0.13989637305699482,1.1506540369869194,0.21876409562471807,4.1063829787234045,EXHAUSTION,0.0,0.0,0.0,3,LOW (<15%),SLIGHT ACCEL (1.0-1.2),STRONG (3-5x),LOW (<0.3)
2024-01-02,127,227,1.41,1.58,2278,470,315,41.0,52,24,2686,554.0,6223,75.26,4.0,2023,0.1382791922739245,0.16507936507936508,1.1791044776119404,0.20632133450395082,7.682926829268292,EXHAUSTION,0.0,0.0,0.0,7,NORMAL (15-25%),SLIGHT ACCEL (1.0-1.2),VERY STRONG (>5x),LOW (<0.3)
2024-01-03,104,572,0.74,1.23,1973,514,123,55.0,24,25,1949,810.0,6220,70.03,4.0,2024,0.06234161175874303,0.1951219512195122,0.9878357830714648,0.26051697921946276,2.2363636363636363,EXHAUSTION,0.0,0.0,0.0,1,NORMAL (15-25%),FLAT (0.8-1.0),MODERATE (2-3x),LOW (<0.3)
2024-01-04,168,122,0.66,1.08,1957,511,137,53.0,32,26,1896,838.0,6220,68.17,4.0,2024,0.07000510986203373,0.23357664233576642,0.968829841594277,0.2611139499233521,2.5849056603773586,EXHAUSTION,0.0,0.0,0.0,2,NORMAL (15-25%),FLAT (0.8-1.0),MODERATE (2-3x),LOW (<0.3)
2024-01-05,156,164,0.57,1.21,1922,528,130,49.0,23,23,1853,899.0,6220,66.45,4.0,2024,0.06763787721123829,0.17692307692307693,0.9640998959417274,0.27471383975026015,2.6530612244897958,EXHAUSTION,0.0,0.0,0.0,2,NORMAL (15-25%),FLAT (0.8-1.0),MODERATE (2-3x),LOW (<0.3)
2024-01-08,434,111,0.88,1.29,2063,506,149,42.0,36,22,1998,752.0,6218,70.42,4.0,2024,0.07222491517207949,0.24161073825503357,0.9684924866698982,0.24527387300048473,3.5476190476190474,EXHAUSTION,0.0,0.0,0.0,2,NORMAL (15-25%),FLAT (0.8-1.0),STRONG (3-5x),LOW (<0.3)
2024-01-09,191,197,0.9,1.12,1945,529,145,51.0,40,25,1809,862.0,6215,64.43,4.0,2024,0.07455012853470437,0.27586206896551724,0.9300771208226221,0.27197943444730077,2.843137254901961,EXHAUSTION,0.0,0.0,0.0,2,ELEVATED (25-35%),FLAT (0.8-1.0),MODERATE (2-3x),LOW (<0.3)
2024-01-10,154,171,1.44,1.0,1952,555,140,49.0,36,22,1831,880.0,6211,64.14,4.0,2024,0.07172131147540983,0.2571428571428571,0.9380122950819673,0.2843237704918033,2.857142857142857,EXHAUSTION,0.0,0.0,0.0,2,ELEVATED (25-35%),FLAT (0.8-1.0),MODERATE (2-3x),LOW (<0.3)
2024-01-11,95,273,1.12,0.85,1879,605,125,52.0,37,23,1667,1005.0,6213,61.1,4.0,2024,0.06652474720596062,0.296,0.8871740287386908,0.3219797764768494,2.4038461538461537,EXHAUSTION,0.0,0.0,0.25,2,ELEVATED (25-35%),FLAT (0.8-1.0),MODERATE (2-3x),MODERATE (0.3-0.5)
2024-01-12,129,134,1.13,0.8,1864,617,96,60.0,25,23,1622,1062.0,6213,59.19,4.0,2024,0.05150214592274678,0.2604166666666667,0.8701716738197425,0.3310085836909871,1.6,EXHAUSTION,0.0,0.0,0.25,0,ELEVATED (25-35%),FLAT (0.8-1.0),WEAK (1-2x),MODERATE (0.3-0.5)
2024-01-16,110,423,0.57,0.72,1740,681,66,85.0,28,27,1440,1239.0,6212,50.16,4.0,2024,0.03793103448275862,0.42424242424242425,0.8275862068965517,0.3913793103448276,0.7764705882352941,EXHAUSTION,0.0,0.0,0.0,0,HIGH (35-50%),FLAT (0.8-1.0),NEGATIVE (<1x),MODERATE (0.3-0.5)
2024-01-17,101,224,0.48,0.69,1641,692,81,84.0,23,25,1296,1365.0,6212,43.95,4.0,2024,0.04936014625228519,0.2839506172839506,0.7897623400365631,0.42169408897014016,0.9642857142857143,EXHAUSTION,0.0,0.0,0.25,0,ELEVATED (25-35%),DECELERATING (<0.8),NEGATIVE (<1x),MODERATE (0.3-0.5)
2024-01-18,138,207,0.45,0.83,1680,710,68,84.0,25,24,1256,1339.0,6213,45.48,4.0,2024,0.04047619047619048,0.36764705882352944,0.7476190476190476,0.4226190476190476,0.8095238095238095,EXHAUSTION,0.0,0.0,0.25,0,HIGH (35-50%),DECELERATING (<0.8),NEGATIVE (<1x),MODERATE (0.3-0.5)
2024-01-19,182,141,0.58,0.83,1748,708,68,95.0,24,23,1339,1274.0,6214,49.95,4.0,2024,0.038901601830663615,0.35294117647058826,0.7660183066361556,0.40503432494279173,0.7157894736842105,EXHAUSTION,0.0,0.0,0.25,0,HIGH (35-50%),DECELERATING (<0.8),NEGATIVE (<1x),MODERATE (0.3-0.5)
2024-01-22,422,110,0.86,0.98,1914,628,91,69.0,35,22,1369,1094.0,6213,55.07,4.0,2024,0.04754440961337513,0.38461538461538464,0.7152560083594567,0.3281086729362591,1.318840579710145,EXHAUSTION,0.0,0.0,0.0,0,HIGH (35-50%),DECELERATING (<0.8),WEAK (1-2x),MODERATE (0.3-0.5)
2024-01-23,191,96,1.33,0.87,1888,616,79,77.0,36,24,1322,1084.0,6214,53.35,4.0,2024,0.04184322033898305,0.45569620253164556,0.7002118644067796,0.326271186440678,1.025974025974026,EXHAUSTION,0.0,0.0,0.0,0,HIGH (35-50%),DECELERATING (<0.8),WEAK (1-2x),MODERATE (0.3-0.5)
2024-01-24,156,193,1.46,0.85,1845,616,73,89.0,28,28,1255,1135.0,6213,48.95,4.0,2024,0.03956639566395664,0.3835616438356164,0.6802168021680217,0.33387533875338754,0.8202247191011236,EXHAUSTION,0.0,0.0,0.25,0,HIGH (35-50%),DECELERATING (<0.8),NEGATIVE (<1x),MODERATE (0.3-0.5)
2024-01-25,195,111,1.76,0.9,1903,603,73,102.0,29,25,1294,1038.0,6219,54.77,4.0,2024,0.03836048344718865,0.3972602739726027,0.6799789805570152,0.31686810299527063,0.7156862745098039,EXHAUSTION,0.0,0.0,0.25,0,HIGH (35-50%),DECELERATING (<0.8),NEGATIVE (<1x),MODERATE (0.3-0.5)
2024-01-26,213,84,1.98,1.07,1923,603,65,120.0,26,27,1275,1034.0,6218,55.05,4.0,2024,0.03380135205408216,0.4,0.6630265210608425,0.31357254290171604,0.5416666666666666,EXHAUSTION,0.0,0.25,0.25,0,HIGH (35-50%),DECELERATING (<0.8),NEGATIVE (<1x),MODERATE (0.3-0.5)
2024-01-29,444,75,2.14,1.29,2006,544,75,100.0,26,24,1450,915.0,6216,59.13,4.0,2024,0.03738783649052842,0.3466666666666667,0.7228315054835494,0.2711864406779661,0.75,EXHAUSTION,0.0,0.25,0.25,0,ELEVATED (25-35%),DECELERATING (<0.8),NEGATIVE (<1x),LOW (<0.3)
2024-01-30,120,225,1.64,1.47,1916,588,83,99.0,26,19,1274,1019.0,6215,55.13,4.0,2024,0.043319415448851775,0.3132530120481928,0.6649269311064718,0.3068893528183716,0.8383838383838383,EXHAUSTION,0.0,0.0,0.25,0,ELEVATED (25-35%),DECELERATING (<0.8),NEGATIVE (<1x),MODERATE (0.3-0.5)
2024-01-31,119,429,1.18,1.3,1695,655,73,108.0,25,23,1031,1228.0,6213,42.78,4.0,2024,0.043067846607669616,0.3424657534246575,0.608259587020649,0.3864306784660767,0.6759259259259259,EXHAUSTION,0.0,0.25,0.25,0,ELEVATED (25-35%),DECELERATING (<0.8),NEGATIVE (<1x),MODERATE (0.3-0.5)
2024-02-01,270,138,1.23,1.44,1721,625,105,87.0,30,22,1046,1135.0,6215,48.88,4.0,2024,0.061011040092969204,0.2857142857142857,0.6077861708309122,0.3631609529343405,1.206896551724138,EXHAUSTION,0.0,0.25,0.25,1,ELEVATED (25-35%),DECELERATING (<0.8),WEAK (1-2x),MODERATE (0.3-0.5)
2024-02-02,117,169,1.03,1.38,1614,646,105,100.0,31,18,969,1243.0,6217,44.33,4.0,2024,0.06505576208178439,0.29523809523809524,0.6003717472118959,0.40024783147459725,1.05,EXHAUSTION,0.25,0.25,0.25,1,ELEVATED (25-35%),DECELERATING (<0.8),WEAK (1-2x),MODERATE (0.3-0.5)
2024-02-05,113,322,0.58,1.05,1441,696,104,103.0,32,23,862,1377.0,6218,37.36,4.0,2024,0.07217210270645386,0.3076923076923077,0.5981956974323387,0.48299791811242193,1.0097087378640777,EXHAUSTION,0.25,0.0,0.25,2,ELEVATED (25-35%),DECELERATING (<0.8),WEAK (1-2x),MODERATE (0.3-0.5)
2024-02-06,326,119,0.8,1.11,1363,644,75,105.0,27,24,933,1284.0,6217,40.31,4.0,2024,0.055025678650036686,0.36,0.6845194424064563,0.47248716067498164,0.7142857142857143,EXHAUSTION,0.0,0.0,0.25,1,HIGH (35-50%),DECELERATING (<0.8),NEGATIVE (<1x),MODERATE (0.3-0.5)
2024-02-07,152,205,1.03,1.1,1307,679,71,100.0,25,25,942,1370.0,6217,39.45,4.0,2024,0.05432287681713849,0.352112676056338,0.720734506503443,0.5195103289977047,0.71,EXHAUSTION,0.25,0.25,0.25,1,HIGH (35-50%),DECELERATING (<0.8),NEGATIVE (<1x),ELEVATED (0.5-0.7)
2024-02-08,351,114,1.14,1.18,1371,640,84,72.0,30,19,1086,1266.0,6219,42.33,4.0,2024,0.061269146608315096,0.35714285714285715,0.7921225382932167,0.4668125455871627,1.1666666666666667,EXHAUSTION,0.25,0.25,0.25,1,HIGH (35-50%),DECELERATING (<0.8),WEAK (1-2x),MODERATE (0.3-0.5)
2024-02-09,321,88,1.49,1.24,1458,572,109,62.0,30,19,1233,1151.0,6223,45.05,5.0,2024,0.0747599451303155,0.27522935779816515,0.845679012345679,0.39231824417009603,1.7580645161290323,EXHAUSTION,0.0,0.0,0.0,2,ELEVATED (25-35%),FLAT (0.8-1.0),WEAK (1-2x),MODERATE (0.3-0.5)
2024-02-12,450,96,2.57,1.23,1573,518,135,52.0,29,19,1422,1004.0,6221,51.88,5.0,2024,0.08582326764144946,0.21481481481481482,0.9040050858232677,0.3293070565797839,2.5961538461538463,EXHAUSTION,-0.19999999999999996,0.0,0.0,3,NORMAL (15-25%),FLAT (0.8-1.0),MODERATE (2-3x),MODERATE (0.3-0.5)
2024-02-13,89,942,0.94,0.88,1241,679,103,55.0,28,21,1017,1413.0,6215,37.1,4.0,2024,0.08299758259468171,0.27184466019417475,0.8195004029008863,0.5471394037066881,1.8727272727272728,EXHAUSTION,0.0,0.25,0.25,3,ELEVATED (25-35%),FLAT (0.8-1.0),WEAK (1-2x),ELEVATED (0.5-0.7)
2024-02-14,368,69,1.21,1.13,1361,585,143,47.0,37,22,1275,1213.0,6214,43.51,5.0,2024,0.10506980161645849,0.25874125874125875,0.9368111682586333,0.4298310066127847,3.0425531914893615,EXHAUSTION,0.0,0.0,0.0,5,ELEVATED (25-35%),FLAT (0.8-1.0),STRONG (3-5x),MODERATE (0.3-0.5)
2024-02-15,598,102,1.41,1.3,1506,559,177,46.0,40,18,1539,980.0,6209,52.79,5.0,2024,0.11752988047808766,0.22598870056497175,1.0219123505976095,0.3711819389110226,3.847826086956522,EXHAUSTION,0.0,0.0,0.0,6,NORMAL (15-25%),SLIGHT ACCEL (1.0-1.2),STRONG (3-5x),MODERATE (0.3-0.5)
2024-02-16,209,156,1.26,1.35,1282,585,154,46.0,41,18,1451,1033.0,6209,49.25,5.0,2024,0.12012480499219969,0.2662337662337662,1.1318252730109204,0.45631825273010923,3.347826086956522,EXHAUSTION,0.0,0.0,0.0,6,ELEVATED (25-35%),SLIGHT ACCEL (1.0-1.2),STRONG (3-5x),MODERATE (0.3-0.5)
2024-02-20,153,310,0.9,1.37,1183,641,115,74.0,33,20,1320,1113.0,6209,45.81,4.0,2024,0.09721048182586645,0.28695652173913044,1.1158072696534236,0.5418427726120034,1.554054054054054,EXHAUSTION,0.25,0.25,0.25,4,ELEVATED (25-35%),SLIGHT ACCEL (1.0-1.2),WEAK (1-2x),ELEVATED (0.5-0.7)
2024-02-21,125,207,1.72,1.23,1138,679,105,80.0,28,21,1259,1166.0,6211,47.02,4.0,2024,0.09226713532513181,0.26666666666666666,1.1063268892794376,0.5966608084358523,1.3125,EXHAUSTION,0.25,0.25,0.25,4,ELEVATED (25-35%),SLIGHT ACCEL (1.0-1.2),WEAK (1-2x),ELEVATED (0.5-0.7)
2024-02-22,239,232,1.31,1.25,1168,708,127,78.0,39,22,1321,1205.0,6210,47.2,5.0,2024,0.10873287671232877,0.30708661417322836,1.1309931506849316,0.6061643835616438,1.6282051282051282,EXHAUSTION,0.0,0.0,0.0,5,ELEVATED (25-35%),SLIGHT ACCEL (1.0-1.2),WEAK (1-2x),ELEVATED (0.5-0.7)
2024-02-23,180,151,0.86,1.16,1167,716,126,90.0,31,23,1371,1187.0,6208,49.18,5.0,2024,0.10796915167095116,0.24603174603174602,1.1748071979434447,0.6135389888603257,1.4,EXHAUSTION,0.0,0.0,0.0,5,NORMAL (15-25%),SLIGHT ACCEL (1.0-1.2),WEAK (1-2x),ELEVATED (0.5-0.7)
2024-02-26,349,107,1.04,1.16,1218,679,144,84.0,38,21,1453,1149.0,6205,48.51,5.0,2024,0.11822660098522167,0.2638888888888889,1.1929392446633826,0.5574712643678161,1.7142857142857142,EXHAUSTION,0.0,0.0,0.0,6,ELEVATED (25-35%),SLIGHT ACCEL (1.0-1.2),WEAK (1-2x),ELEVATED (0.5-0.7)
2024-02-27,435,95,1.68,1.16,1295,653,150,90.0,35,20,1549,1012.0,6200,50.77,5.0,2024,0.11583011583011583,0.23333333333333334,1.196138996138996,0.5042471042471043,1.6666666666666667,EXHAUSTION,0.0,0.0,0.0,6,NORMAL (15-25%),SLIGHT ACCEL (1.0-1.2),WEAK (1-2x),ELEVATED (0.5-0.7)
2024-02-28,183,245,1.67,1.7,1252,698,145,85.0,41,20,1461,1122.0,6199,48.81,5.0,2024,0.11581469648562301,0.2827586206896552,1.1669329073482428,0.5575079872204473,1.7058823529411764,EXHAUSTION,0.0,0.0,0.0,6,ELEVATED (25-35%),SLIGHT ACCEL (1.0-1.2),WEAK (1-2x),ELEVATED (0.5-0.7)
2024-02-29,297,196,1.82,1.54,1293,681,187,71.0,52,22,1533,1044.0,6196,52.91,5.0,2024,0.14462490332559938,0.27807486631016043,1.185614849187935,0.5266821345707656,2.6338028169014085,EXHAUSTION,0.0,0.0,0.0,7,ELEVATED (25-35%),SLIGHT ACCEL (1.0-1.2),MODERATE (2-3x),ELEVATED (0.5-0.7)
2024-03-01,335,96,2.16,1.4,1354,663,194,77.0,52,17,1621,1008.0,6197,55.24,5.0,2024,0.1432791728212703,0.26804123711340205,1.1971935007385524,0.4896602658788774,2.5194805194805197,EXHAUSTION,0.0,0.0,0.0,7,ELEVATED (25-35%),SLIGHT ACCEL (1.0-1.2),MODERATE (2-3x),MODERATE (0.3-0.5)
2024-03-04,227,274,1.63,1.32,1300,718,200,75.0,46,18,1586,1087.0,6189,54.48,5.0,2024,0.15384615384615385,0.23,1.22,0.5523076923076923,2.6666666666666665,NEUTRAL,0.0,0.0,0.0,8,NORMAL (15-25%),ACCELERATING (1.2-1.5),MODERATE (2-3x),ELEVATED (0.5-0.7)
2024-03-05,151,246,1.13,1.36,1226,750,190,69.0,48,14,1480,1184.0,6190,52.5,5.0,2024,0.15497553017944535,0.25263157894736843,1.2071778140293639,0.6117455138662317,2.753623188405797,NEUTRAL,0.0,0.0,0.0,8,ELEVATED (25-35%),ACCELERATING (1.2-1.5),MODERATE (2-3x),ELEVATED (0.5-0.7)
2024-03-06,276,137,1.36,1.5,1210,741,183,69.0,50,11,1527,1151.0,6188,55.32,5.0,2024,0.15123966942148762,0.273224043715847,1.2619834710743802,0.6123966942148761,2.652173913043478,NEUTRAL,0.0,0.0,0.0,8,ELEVATED (25-35%),ACCELERATING (1.2-1.5),MODERATE (2-3x),ELEVATED (0.5-0.7)
2024-03-07,290,133,1.44,1.62,1245,723,185,59.0,57,11,1590,1097.0,6186,59.24,5.0,2024,0.14859437751004015,0.3081081081081081,1.2771084337349397,0.5807228915662651,3.135593220338983,EXHAUSTION,0.0,0.0,0.0,7,ELEVATED (25-35%),ACCELERATING (1.2-1.5),STRONG (3-5x),ELEVATED (0.5-0.7)
2024-03-08,188,194,1.15,1.59,1234,724,174,68.0,53,11,1564,1122.0,6186,60.27,5.0,2024,0.14100486223662884,0.3045977011494253,1.2674230145867098,0.586709886547812,2.5588235294117645,EXHAUSTION,0.0,0.0,0.0,7,ELEVATED (25-35%),ACCELERATING (1.2-1.5),MODERATE (2-3x),ELEVATED (0.5-0.7)
2024-03-11,194,210,1.19,1.41,1176,733,135,81.0,39,13,1516,1164.0,6180,61.2,5.0,2024,0.11479591836734694,0.28888888888888886,1.2891156462585034,0.6232993197278912,1.6666666666666667,EXHAUSTION,0.0,0.0,0.0,6,ELEVATED (25-35%),ACCELERATING (1.2-1.5),WEAK (1-2x),ELEVATED (0.5-0.7)
2024-03-12,145,218,1.23,1.17,1153,781,125,111.0,38,11,1504,1237.0,6176,60.16,5.0,2024,0.10841283607979185,0.304,1.3044232437120555,0.6773633998265395,1.1261261261261262,EXHAUSTION,0.0,0.0,0.0,5,ELEVATED (25-35%),ACCELERATING (1.2-1.5),WEAK (1-2x),ELEVATED (0.5-0.7)
2024-03-13,220,172,1.12,1.24,1158,786,182,72.0,53,11,1489,1230.0,6167,61.28,5.0,2024,0.15716753022452504,0.29120879120879123,1.2858376511226253,0.6787564766839378,2.5277777777777777,NEUTRAL,0.0,0.0,0.0,8,ELEVATED (25-35%),ACCELERATING (1.2-1.5),MODERATE (2-3x),ELEVATED (0.5-0.7)
2024-03-14,74,509,0.63,0.96,1038,871,131,115.0,26,11,1310,1445.0,6166,52.76,5.0,2024,0.12620423892100194,0.1984732824427481,1.2620423892100192,0.8391136801541426,1.1391304347826088,EXHAUSTION,0.0,0.0,0.0,6,NORMAL (15-25%),ACCELERATING (1.2-1.5),WEAK (1-2x),HIGH (0.7-1.0)
2024-03-15,332,172,0.75,0.93,1071,846,107,123.0,25,16,1334,1394.0,6162,53.93,5.0,2024,0.09990662931839403,0.2336448598130841,1.2455648926237162,0.7899159663865546,0.8699186991869918,EXHAUSTION,0.0,0.0,0.0,5,NORMAL (15-25%),ACCELERATING (1.2-1.5),NEGATIVE (<1x),HIGH (0.7-1.0)
2024-03-18,165,130,0.78,0.96,1005,864,115,128.0,28,15,1314,1425.0,6161,52.81,5.0,2024,0.11442786069651742,0.24347826086956523,1.3074626865671641,0.8597014925373134,0.8984375,EXHAUSTION,0.0,0.0,0.0,6,NORMAL (15-25%),ACCELERATING (1.2-1.5),NEGATIVE (<1x),HIGH (0.7-1.0)
2024-03-19,211,127,0.9,1.05,1018,841,130,103.0,34,15,1390,1319.0,6156,56.42,5.0,2024,0.12770137524557956,0.26153846153846155,1.3654223968565815,0.8261296660117878,1.2621359223300972,EXHAUSTION,0.0,0.0,0.0,6,ELEVATED (25-35%),ACCELERATING (1.2-1.5),WEAK (1-2x),HIGH (0.7-1.0)
2024-03-20,435,75,1.2,1.16,1135,768,153,69.0,42,14,1592,1152.0,6159,63.26,5.0,2024,0.13480176211453745,0.27450980392156865,1.4026431718061674,0.6766519823788546,2.217391304347826,EXHAUSTION,0.0,0.0,0.0,7,ELEVATED (25-35%),ACCELERATING (1.2-1.5),MODERATE (2-3x),ELEVATED (0.5-0.7)
2024-03-21,258,128,2.22,1.15,1168,762,153,71.0,41,13,1698,1105.0,6162,65.9,5.0,2024,0.1309931506849315,0.2679738562091503,1.4537671232876712,0.6523972602739726,2.1549295774647885,EXHAUSTION,0.0,0.0,-0.19999999999999996,7,ELEVATED (25-35%),ACCELERATING (1.2-1.5),MODERATE (2-3x),ELEVATED (0.5-0.7)
2024-03-22,154,180,1.91,1.14,1089,826,129,76.0,37,10,1559,1196.0,6161,61.31,5.0,2024,0.1184573002754821,0.2868217054263566,1.4315886134067952,0.758494031221304,1.6973684210526316,EXHAUSTION,0.0,0.0,0.0,6,ELEVATED (25-35%),ACCELERATING (1.2-1.5),WEAK (1-2x),HIGH (0.7-1.0)
2024-03-25,176,185,1.78,1.14,1074,815,110,94.0,36,12,1485,1211.0,6157,60.33,5.0,2024,0.10242085661080075,0.32727272727272727,1.3826815642458101,0.7588454376163873,1.1702127659574468,EXHAUSTION,0.0,0.0,0.0,5,ELEVATED (25-35%),ACCELERATING (1.2-1.5),WEAK (1-2x),HIGH (0.7-1.0)
2024-03-26,151,181,1.57,1.17,1048,841,101,107.0,33,15,1414,1236.0,6155,58.46,5.0,2024,0.09637404580152671,0.32673267326732675,1.349236641221374,0.8024809160305344,0.9439252336448598,EXHAUSTION,0.0,0.0,0.0,4,ELEVATED (25-35%),ACCELERATING (1.2-1.5),NEGATIVE (<1x),HIGH (0.7-1.0)
2024-03-27,461,69,1.62,1.38,1147,763,114,80.0,37,11,1628,1100.0,6153,67.17,5.0,2024,0.0993897122929381,0.32456140350877194,1.4193548387096775,0.6652136006974717,1.425,EXHAUSTION,0.0,0.0,0.0,4,ELEVATED (25-35%),ACCELERATING (1.2-1.5),WEAK (1-2x),ELEVATED (0.5-0.7)
2024-03-28,275,130,1.63,1.9,1208,749,118,73.0,30,12,1732,1066.0,6156,68.9,5.0,2024,0.09768211920529801,0.2542372881355932,1.4337748344370862,0.6200331125827815,1.6164383561643836,EXHAUSTION,0.0,0.0,0.0,4,ELEVATED (25-35%),ACCELERATING (1.2-1.5),WEAK (1-2x),ELEVATED (0.5-0.7)
2024-04-01,192,196,1.65,1.77,1167,763,100,95.0,28,14,1604,1098.0,6157,64.2,5.0,2024,0.0856898029134533,0.28,1.374464438731791,0.6538131962296486,1.0526315789473684,EXHAUSTION,0.0,0.0,0.0,3,ELEVATED (25-35%),ACCELERATING (1.2-1.5),WEAK (1-2x),ELEVATED (0.5-0.7)
2024-04-02,122,330,1.33,1.52,1092,822,99,107.0,24,18,1430,1199.0,6159,57.32,5.0,2024,0.09065934065934066,0.24242424242424243,1.3095238095238095,0.7527472527472527,0.9252336448598131,EXHAUSTION,0.0,0.0,0.0,4,NORMAL (15-25%),ACCELERATING (1.2-1.5),NEGATIVE (<1x),HIGH (0.7-1.0)
2024-04-03,242,145,1.49,1.52,1155,798,118,91.0,29,18,1438,1191.0,6150,58.21,5.0,2024,0.10216450216450217,0.2457627118644068,1.245021645021645,0.6909090909090909,1.2967032967032968,EXHAUSTION,0.0,0.0,0.0,5,NORMAL (15-25%),ACCELERATING (1.2-1.5),WEAK (1-2x),ELEVATED (0.5-0.7)
2024-04-04,148,209,0.97,1.24,1094,811,98,103.0,26,24,1280,1242.0,6149,53.05,5.0,2024,0.08957952468007313,0.2653061224489796,1.170018281535649,0.7413162705667276,0.9514563106796117,EXHAUSTION,0.0,0.0,0.0,4,ELEVATED (25-35%),SLIGHT ACCEL (1.0-1.2),NEGATIVE (<1x),HIGH (0.7-1.0)
2024-04-05,152,103,0.87,1.2,1143,788,91,99.0,25,24,1334,1208.0,6144,54.48,5.0,2024,0.07961504811898512,0.27472527472527475,1.1671041119860017,0.689413823272091,0.9191919191919192,EXHAUSTION,0.0,-0.19999999999999996,0.0,3,ELEVATED (25-35%),SLIGHT ACCEL (1.0-1.2),NEGATIVE (<1x),ELEVATED (0.5-0.7)
2024-04-08,222,124,0.97,1.28,1172,786,84,97.0,21,26,1370,1147.0,6143,58.12,5.0,2024,0.07167235494880546,0.25,1.1689419795221843,0.6706484641638225,0.865979381443299,EXHAUSTION,0.0,0.0,0.0,2,NORMAL (15-25%),SLIGHT ACCEL (1.0-1.2),NEGATIVE (<1x),ELEVATED (0.5-0.7)
2024-04-09,226,122,1.41,1.36,1162,762,95,88.0,18,24,1371,1113.0,6144,58.0,5.0,2024,0.08175559380378658,0.18947368421052632,1.1798623063683304,0.6557659208261618,1.0795454545454546,EXHAUSTION,0.0,0.0,0.0,3,NORMAL (15-25%),SLIGHT ACCEL (1.0-1.2),WEAK (1-2x),ELEVATED (0.5-0.7)
2024-04-10,92,661,0.69,1.02,1049,859,77,83.0,22,23,1159,1285.0,6143,41.64,5.0,2024,0.07340324118207817,0.2857142857142857,1.1048617731172545,0.8188751191611058,0.927710843373494,EXHAUSTION,0.0,0.0,0.0,2,ELEVATED (25-35%),SLIGHT ACCEL (1.0-1.2),NEGATIVE (<1x),HIGH (0.7-1.0)
2024-04-11,158,117,0.75,0.86,1060,818,77,78.0,23,22,1149,1225.0,6145,43.01,5.0,2024,0.07264150943396226,0.2987012987012987,1.0839622641509434,0.7716981132075472,0.9871794871794872,EXHAUSTION,0.0,0.0,0.0,2,ELEVATED (25-35%),SLIGHT ACCEL (1.0-1.2),NEGATIVE (<1x),HIGH (0.7-1.0)
2024-04-12,88,437,0.54,0.67,930,911,67,75.0,19,17,944,1433.0,6149,32.71,5.0,2024,0.07204301075268817,0.2835820895522388,1.0150537634408603,0.9795698924731183,0.8933333333333333,EXHAUSTION,-0.19999999999999996,0.0,0.0,2,ELEVATED (25-35%),SLIGHT ACCEL (1.0-1.2),NEGATIVE (<1x),HIGH (0.7-1.0)
2024-04-15,71,450,0.36,0.56,859,990,50,100.0,17,23,807,1615.0,6148,27.04,5.0,2024,0.05820721769499418,0.34,0.9394644935972061,1.1525029103608848,0.5,EXHAUSTION,0.0,0.0,0.0,1,ELEVATED (25-35%),FLAT (0.8-1.0),NEGATIVE (<1x),EXTREME (>1.0)
2024-04-16,101,193,0.27,0.59,833,1030,43,92.0,15,22,759,1662.0,6148,24.93,5.0,2024,0.05162064825930372,0.3488372093023256,0.9111644657863145,1.2364945978391357,0.4673913043478261,EXHAUSTION,0.0,0.0,0.0,0,ELEVATED (25-35%),FLAT (0.8-1.0),NEGATIVE (<1x),EXTREME (>1.0)
2024-04-17,111,235,0.37,0.52,785,1079,38,106.0,11,22,707,1765.0,6148,21.6,5.0,2024,0.048407643312101914,0.2894736842105263,0.9006369426751593,1.3745222929936305,0.3584905660377358,EXHAUSTION,0.0,0.0,0.0,0,ELEVATED (25-35%),FLAT (0.8-1.0),NEGATIVE (<1x),EXTREME (>1.0)
2024-04-18,149,170,0.35,0.52,777,1092,34,138.0,7,22,680,1780.0,6152,23.55,5.0,2024,0.043758043758043756,0.20588235294117646,0.8751608751608752,1.4054054054054055,0.2463768115942029,EXHAUSTION,0.0,0.0,0.0,0,NORMAL (15-25%),FLAT (0.8-1.0),NEGATIVE (<1x),EXTREME (>1.0)
2024-04-19,155,194,0.47,0.51,781,1088,34,137.0,6,23,672,1728.0,6156,28.56,4.0,2024,0.04353393085787452,0.17647058823529413,0.8604353393085787,1.3930857874519846,0.24817518248175183,EXHAUSTION,0.25,0.25,0.25,0,NORMAL (15-25%),FLAT (0.8-1.0),NEGATIVE (<1x),EXTREME (>1.0)
2024-04-22,193,139,0.76,0.49,775,1040,33,115.0,8,20,726,1615.0,6152,32.74,5.0,2024,0.04258064516129032,0.24242424242424243,0.9367741935483871,1.3419354838709678,0.28695652173913044,EXHAUSTION,0.0,0.0,0.0,0,NORMAL (15-25%),FLAT (0.8-1.0),NEGATIVE (<1x),EXTREME (>1.0)
2024-04-23,373,78,1.2,0.56,842,973,39,110.0,7,18,832,1421.0,6150,40.0,5.0,2024,0.04631828978622328,0.1794871794871795,0.9881235154394299,1.155581947743468,0.35454545454545455,EXHAUSTION,0.0,0.0,0.0,0,NORMAL (15-25%),FLAT (0.8-1.0),NEGATIVE (<1x),EXTREME (>1.0)
2024-04-24,149,173,1.35,0.71,816,987,40,101.0,8,17,794,1436.0,6152,38.45,5.0,2024,0.049019607843137254,0.2,0.9730392156862745,1.2095588235294117,0.39603960396039606,EXHAUSTION,0.0,0.0,0.0,0,NORMAL (15-25%),FLAT (0.8-1.0),NEGATIVE (<1x),EXTREME (>1.0)
2024-04-25,159,228,1.27,0.67,801,1034,32,131.0,7,20,770,1526.0,6152,34.78,5.0,2024,0.039950062421972535,0.21875,0.9612983770287141,1.2908863920099876,0.24427480916030533,EXHAUSTION,0.0,0.0,0.0,0,NORMAL (15-25%),FLAT (0.8-1.0),NEGATIVE (<1x),EXTREME (>1.0)
2024-04-26,242,101,1.55,0.87,842,989,34,128.0,8,18,865,1393.0,6150,37.47,5.0,2024,0.040380047505938245,0.23529411764705882,1.0273159144893111,1.17458432304038,0.265625,EXHAUSTION,0.0,0.0,0.0,0,NORMAL (15-25%),SLIGHT ACCEL (1.0-1.2),NEGATIVE (<1x),EXTREME (>1.0)
2024-04-29,302,117,1.76,1.19,875,956,38,104.0,12,20,949,1305.0,6149,40.47,5.0,2024,0.04342857142857143,0.3157894736842105,1.0845714285714285,1.0925714285714285,0.36538461538461536,EXHAUSTION,0.0,0.0,0.0,0,ELEVATED (25-35%),SLIGHT ACCEL (1.0-1.2),NEGATIVE (<1x),EXTREME (>1.0)
2024-04-30,139,338,1.04,1.11,784,1008,37,95.0,14,14,795,1481.0,6148,31.82,5.0,2024,0.047193877551020405,0.3783783783783784,1.0140306122448979,1.2857142857142858,0.3894736842105263,EXHAUSTION,0.0,0.0,0.0,0,HIGH (35-50%),SLIGHT ACCEL (1.0-1.2),NEGATIVE (<1x),EXTREME (>1.0)
2024-05-01,292,147,1.22,1.28,806,963,36,97.0,12,14,886,1425.0,6150,32.88,5.0,2024,0.04466501240694789,0.3333333333333333,1.099255583126551,1.194789081885856,0.3711340206185567,EXHAUSTION,0.0,0.0,0.0,0,ELEVATED (25-35%),SLIGHT ACCEL (1.0-1.2),NEGATIVE (<1x),EXTREME (>1.0)
2024-05-02,322,139,1.54,1.41,893,894,52,78.0,12,14,1076,1290.0,6149,39.01,5.0,2024,0.05823068309070549,0.23076923076923078,1.2049272116461367,1.0011198208286674,0.6666666666666666,EXHAUSTION,0.0,0.0,0.0,1,NORMAL (15-25%),ACCELERATING (1.2-1.5),NEGATIVE (<1x),EXTREME (>1.0)
2024-05-03,294,130,1.55,1.55,955,873,59,86.0,12,14,1201,1212.0,6144,43.11,5.0,2024,0.061780104712041886,0.2033898305084746,1.2575916230366493,0.9141361256544502,0.686046511627907,EXHAUSTION,0.0,0.0,0.0,1,NORMAL (15-25%),ACCELERATING (1.2-1.5),NEGATIVE (<1x),HIGH (0.7-1.0)
2024-05-06,277,98,1.55,1.65,1017,826,60,85.0,14,12,1324,1134.0,6141,50.42,5.0,2024,0.058997050147492625,0.23333333333333334,1.3018682399213373,0.8121927236971485,0.7058823529411765,EXHAUSTION,0.0,0.0,0.0,1,NORMAL (15-25%),ACCELERATING (1.2-1.5),NEGATIVE (<1x),HIGH (0.7-1.0)
2024-05-07,180,189,1.94,1.42,1006,824,59,77.0,14,13,1299,1139.0,6138,48.99,5.0,2024,0.05864811133200795,0.23728813559322035,1.2912524850894633,0.8190854870775348,0.7662337662337663,EXHAUSTION,0.0,0.0,0.0,1,NORMAL (15-25%),ACCELERATING (1.2-1.5),NEGATIVE (<1x),HIGH (0.7-1.0)
2024-05-08,170,248,1.55,1.37,980,846,69,89.0,12,16,1301,1193.0,6139,48.17,5.0,2024,0.07040816326530612,0.17391304347826086,1.3275510204081633,0.863265306122449,0.7752808988764045,EXHAUSTION,0.0,0.0,0.0,2,NORMAL (15-25%),ACCELERATING (1.2-1.5),NEGATIVE (<1x),HIGH (0.7-1.0)
2024-05-09,330,162,1.51,1.53,1047,839,89,91.0,14,19,1433,1120.0,6139,54.3,5.0,2024,0.08500477554918816,0.15730337078651685,1.3686723973256925,0.8013371537726839,0.978021978021978,EXHAUSTION,0.0,0.0,0.0,3,NORMAL (15-25%),ACCELERATING (1.2-1.5),NEGATIVE (<1x),HIGH (0.7-1.0)
2024-05-10,144,303,1.1,1.31,977,912,115,82.0,19,17,1329,1215.0,6141,52.23,5.0,2024,0.11770726714431934,0.16521739130434782,1.36028659160696,0.9334698055271239,1.4024390243902438,EXHAUSTION,0.0,0.0,0.0,6,NORMAL (15-25%),ACCELERATING (1.2-1.5),WEAK (1-2x),HIGH (0.7-1.0)
2024-05-13,276,132,1.06,1.29,1008,891,151,67.0,30,15,1371,1177.0,6141,52.33,5.0,2024,0.1498015873015873,0.1986754966887417,1.3601190476190477,0.8839285714285714,2.253731343283582,EXHAUSTION,0.0,0.0,0.0,8,NORMAL (15-25%),ACCELERATING (1.2-1.5),MODERATE (2-3x),HIGH (0.7-1.0)
2024-05-14,369,118,1.34,1.59,1074,849,189,58.0,36,17,1501,1088.0,6141,55.43,5.0,2024,0.17597765363128492,0.19047619047619047,1.3975791433891993,0.7905027932960894,3.2586206896551726,NEUTRAL,0.0,0.0,0.0,8,NORMAL (15-25%),ACCELERATING (1.2-1.5),STRONG (3-5x),HIGH (0.7-1.0)
2024-05-15,286,135,1.65,1.6,1128,804,219,53.0,40,13,1632,1057.0,6138,57.89,5.0,2024,0.19414893617021275,0.182648401826484,1.446808510638298,0.7127659574468085,4.132075471698113,NEUTRAL,0.0,0.0,0.0,9,NORMAL (15-25%),ACCELERATING (1.2-1.5),STRONG (3-5x),HIGH (0.7-1.0)
2024-05-16,219,129,1.58,1.55,1100,809,222,46.0,36,11,1603,1009.0,6137,56.11,5.0,2024,0.2018181818181818,0.16216216216216217,1.4572727272727273,0.7354545454545455,4.826086956521739,NEUTRAL,0.0,0.0,0.0,9,NORMAL (15-25%),ACCELERATING (1.2-1.5),STRONG (3-5x),HIGH (0.7-1.0)
2024-05-17,199,151,2.03,1.47,1076,835,218,50.0,35,9,1623,1001.0,6135,57.06,5.0,2024,0.20260223048327136,0.16055045871559634,1.508364312267658,0.7760223048327137,4.36,NEUTRAL,0.0,0.0,0.0,9,NORMAL (15-25%),STRONG ACCEL (>1.5),STRONG (3-5x),HIGH (0.7-1.0)
2024-05-20,216,148,1.89,1.39,1111,808,230,59.0,41,10,1628,1003.0,6134,56.21,5.0,2024,0.207020702070207,0.1782608695652174,1.4653465346534653,0.7272727272727273,3.8983050847457625,NEUTRAL,0.0,0.0,0.0,9,NORMAL (15-25%),ACCELERATING (1.2-1.5),STRONG (3-5x),HIGH (0.7-1.0)
2024-05-21,116,162,1.43,1.38,1089,818,183,74.0,34,11,1578,1020.0,6132,55.32,5.0,2024,0.16804407713498623,0.18579234972677597,1.4490358126721763,0.751147842056933,2.472972972972973,NEUTRAL,0.0,0.0,0.0,8,NORMAL (15-25%),ACCELERATING (1.2-1.5),MODERATE (2-3x),HIGH (0.7-1.0)
2024-05-22,171,180,1.2,1.44,1057,825,165,71.0,38,8,1509,1076.0,6129,51.34,5.0,2024,0.15610217596972564,0.23030303030303031,1.4276253547776727,0.7805108798486282,2.323943661971831,NEUTRAL,0.0,0.0,0.0,8,NORMAL (15-25%),ACCELERATING (1.2-1.5),MODERATE (2-3x),HIGH (0.7-1.0)
2024-05-23,84,366,0.78,1.14,932,910,160,77.0,32,10,1302,1253.0,6130,41.86,5.0,2024,0.17167381974248927,0.2,1.3969957081545064,0.9763948497854077,2.0779220779220777,NEUTRAL,0.0,0.0,0.0,8,NORMAL (15-25%),ACCELERATING (1.2-1.5),MODERATE (2-3x),HIGH (0.7-1.0)
2024-05-24,216,82,0.86,1.34,971,885,152,78.0,30,11,1391,1182.0,6128,45.84,5.0,2024,0.15653964984552007,0.19736842105263158,1.4325437693099896,0.9114315139031925,1.9487179487179487,NEUTRAL,0.0,0.0,0.0,8,NORMAL (15-25%),ACCELERATING (1.2-1.5),WEAK (1-2x),HIGH (0.7-1.0)
2024-05-28,276,193,0.88,1.29,985,885,161,86.0,33,11,1388,1134.0,6130,43.58,5.0,2024,0.1634517766497462,0.20496894409937888,1.4091370558375635,0.8984771573604061,1.872093023255814,NEUTRAL,0.0,0.0,0.0,8,NORMAL (15-25%),ACCELERATING (1.2-1.5),WEAK (1-2x),HIGH (0.7-1.0)
2024-05-29,113,216,0.83,1.08,905,919,163,76.0,36,10,1251,1247.0,6129,36.61,5.0,2024,0.18011049723756906,0.22085889570552147,1.3823204419889503,1.0154696132596686,2.1447368421052633,NEUTRAL,0.0,0.0,0.0,8,NORMAL (15-25%),ACCELERATING (1.2-1.5),MODERATE (2-3x),EXTREME (>1.0)
2024-05-30,206,131,0.91,1.03,954,891,173,78.0,33,12,1336,1164.0,6126,42.29,5.0,2024,0.18134171907756813,0.1907514450867052,1.40041928721174,0.9339622641509434,2.217948717948718,NEUTRAL,0.0,0.0,0.0,8,NORMAL (15-25%),ACCELERATING (1.2-1.5),MODERATE (2-3x),HIGH (0.7-1.0)
2024-05-31,230,136,1.37,1.04,953,865,144,68.0,27,9,1421,1072.0,6126,51.39,5.0,2024,0.15110178384050368,0.1875,1.491080797481637,0.9076600209863589,2.1176470588235294,NEUTRAL,0.0,0.0,0.0,8,NORMAL (15-25%),ACCELERATING (1.2-1.5),MODERATE (2-3x),HIGH (0.7-1.0)
2024-06-03,205,202,1.17,1.01,935,865,135,85.0,31,12,1422,1129.0,6124,48.4,5.0,2024,0.1443850267379679,0.22962962962962963,1.520855614973262,0.9251336898395722,1.588235294117647,EXHAUSTION,0.0,0.0,0.0,7,NORMAL (15-25%),STRONG ACCEL (>1.5),WEAK (1-2x),HIGH (0.7-1.0)
2024-06-04,121,267,0.92,0.9,862,914,103,102.0,28,14,1257,1245.0,6122,43.36,5.0,2024,0.11948955916473318,0.27184466019417475,1.4582366589327147,1.060324825986079,1.0098039215686274,EXHAUSTION,0.0,0.0,0.0,6,ELEVATED (25-35%),ACCELERATING (1.2-1.5),WEAK (1-2x),EXTREME (>1.0)
2024-06-05,320,113,1.27,1.03,924,832,136,92.0,35,9,1373,1150.0,6110,47.27,5.0,2024,0.1471861471861472,0.25735294117647056,1.4859307359307359,0.9004329004329005,1.4782608695652173,EXHAUSTION,0.0,0.0,0.0,7,ELEVATED (25-35%),ACCELERATING (1.2-1.5),WEAK (1-2x),HIGH (0.7-1.0)
2024-06-06,168,182,1.16,1.03,887,868,116,72.0,30,11,1270,1201.0,6110,45.45,5.0,2024,0.13077790304396844,0.25862068965517243,1.4317925591882752,0.9785794813979707,1.6111111111111112,EXHAUSTION,0.0,0.0,0.0,7,ELEVATED (25-35%),ACCELERATING (1.2-1.5),WEAK (1-2x),HIGH (0.7-1.0)
2024-06-07,98,266,0.89,1.09,810,918,78,73.0,21,15,1119,1328.0,6115,39.82,5.0,2024,0.0962962962962963,0.2692307692307692,1.3814814814814815,1.1333333333333333,1.0684931506849316,EXHAUSTION,0.0,0.0,0.0,4,ELEVATED (25-35%),ACCELERATING (1.2-1.5),WEAK (1-2x),EXTREME (>1.0)
2024-06-10,241,150,0.97,1.07,841,907,93,60.0,23,12,1145,1313.0,6113,39.77,5.0,2024,0.11058263971462545,0.24731182795698925,1.361474435196195,1.0784780023781213,1.55,EXHAUSTION,0.0,0.0,0.0,5,NORMAL (15-25%),ACCELERATING (1.2-1.5),WEAK (1-2x),EXTREME (>1.0)
2024-06-11,162,121,1.19,1.04,843,888,82,72.0,18,14,1121,1341.0,6113,35.91,5.0,2024,0.09727164887307237,0.21951219512195122,1.3297746144721234,1.0533807829181494,1.1388888888888888,EXHAUSTION,0.0,0.0,0.0,4,NORMAL (15-25%),ACCELERATING (1.2-1.5),WEAK (1-2x),EXTREME (>1.0)
2024-06-12,321,105,1.2,1.24,878,848,76,82.0,21,17,1205,1239.0,6114,42.08,5.0,2024,0.08656036446469248,0.27631578947368424,1.3724373576309794,0.9658314350797267,0.926829268292683,EXHAUSTION,0.0,0.0,0.0,3,ELEVATED (25-35%),ACCELERATING (1.2-1.5),NEGATIVE (<1x),HIGH (0.7-1.0)
2024-06-13,131,194,1.14,1.15,810,888,65,84.0,20,18,1094,1353.0,6114,37.92,5.0,2024,0.08024691358024691,0.3076923076923077,1.3506172839506172,1.0962962962962963,0.7738095238095238,EXHAUSTION,0.0,0.0,0.0,3,ELEVATED (25-35%),ACCELERATING (1.2-1.5),NEGATIVE (<1x),EXTREME (>1.0)
2024-06-14,93,311,1.08,0.97,742,946,57,103.0,17,24,951,1522.0,6116,30.7,5.0,2024,0.07681940700808626,0.2982456140350877,1.2816711590296497,1.274932614555256,0.5533980582524272,EXHAUSTION,0.0,0.0,0.0,2,ELEVATED (25-35%),ACCELERATING (1.2-1.5),NEGATIVE (<1x),EXTREME (>1.0)
2024-06-17,160,255,0.88,0.92,739,963,56,101.0,20,21,964,1489.0,6115,32.63,5.0,2024,0.07577807848443843,0.35714285714285715,1.30446549391069,1.3031123139377536,0.5544554455445545,EXHAUSTION,0.0,0.0,0.0,2,HIGH (35-50%),ACCELERATING (1.2-1.5),NEGATIVE (<1x),EXTREME (>1.0)
2024-06-18,139,255,0.75,0.94,715,1011,51,126.0,17,23,898,1527.0,6115,34.39,5.0,2024,0.07132867132867132,0.3333333333333333,1.255944055944056,1.413986013986014,0.40476190476190477,EXHAUSTION,0.0,0.0,0.0,2,ELEVATED (25-35%),ACCELERATING (1.2-1.5),NEGATIVE (<1x),EXTREME (>1.0)
2024-06-20,181,244,0.56,0.81,675,1003,50,126.0,13,23,829,1531.0,6115,33.96,5.0,2024,0.07407407407407407,0.26,1.2281481481481482,1.4859259259259259,0.3968253968253968,EXHAUSTION,0.0,0.0,0.0,2,ELEVATED (25-35%),ACCELERATING (1.2-1.5),NEGATIVE (<1x),EXTREME (>1.0)
2024-06-21,242,177,0.66,0.85,674,997,52,104.0,14,23,806,1507.0,6116,33.76,5.0,2024,0.0771513353115727,0.2692307692307692,1.195845697329377,1.4792284866468843,0.5,EXHAUSTION,0.0,0.0,0.0,2,ELEVATED (25-35%),SLIGHT ACCEL (1.0-1.2),NEGATIVE (<1x),EXTREME (>1.0)
2024-06-24,159,103,0.85,0.96,694,982,67,91.0,18,22,824,1453.0,6110,39.0,5.0,2024,0.09654178674351585,0.26865671641791045,1.1873198847262247,1.414985590778098,0.7362637362637363,EXHAUSTION,0.0,0.0,0.0,4,ELEVATED (25-35%),SLIGHT ACCEL (1.0-1.2),NEGATIVE (<1x),EXTREME (>1.0)
2024-06-25,137,235,0.85,0.86,678,1038,53,112.0,18,25,780,1521.0,6109,33.13,5.0,2024,0.07817109144542773,0.33962264150943394,1.1504424778761062,1.5309734513274336,0.4732142857142857,EXHAUSTION,0.0,0.0,0.0,3,ELEVATED (25-35%),SLIGHT ACCEL (1.0-1.2),NEGATIVE (<1x),EXTREME (>1.0)
2024-06-26,184,149,0.99,0.86,682,1008,48,114.0,15,28,785,1471.0,6109,32.33,5.0,2024,0.07038123167155426,0.3125,1.151026392961877,1.4780058651026393,0.42105263157894735,EXHAUSTION,0.0,0.0,0.0,2,ELEVATED (25-35%),SLIGHT ACCEL (1.0-1.2),NEGATIVE (<1x),EXTREME (>1.0)
2024-06-27,285,102,1.31,0.84,711,970,61,100.0,17,25,836,1406.0,6109,33.63,5.0,2024,0.08579465541490858,0.2786885245901639,1.1758087201125176,1.3642756680731365,0.61,EXHAUSTION,0.0,0.0,0.0,3,ELEVATED (25-35%),SLIGHT ACCEL (1.0-1.2),NEGATIVE (<1x),EXTREME (>1.0)
2024-06-28,307,253,1.27,0.91,726,986,60,105.0,15,28,902,1362.0,6111,35.89,5.0,2024,0.08264462809917356,0.25,1.2424242424242424,1.3581267217630855,0.5714285714285714,EXHAUSTION,0.0,0.0,0.0,3,NORMAL (15-25%),ACCELERATING (1.2-1.5),NEGATIVE (<1x),EXTREME (>1.0)
2024-07-01,86,102,1.19,1.0,702,1025,45,125.0,17,33,851,1449.0,6111,31.12,5.0,2024,0.0641025641025641,0.37777777777777777,1.2122507122507122,1.46011396011396,0.36,EXHAUSTION,0.0,0.0,0.0,1,HIGH (35-50%),ACCELERATING (1.2-1.5),NEGATIVE (<1x),EXTREME (>1.0)
2024-07-02,119,149,1.3,1.04,697,1009,50,119.0,15,32,804,1451.0,6111,34.7,5.0,2024,0.07173601147776183,0.3,1.1535150645624104,1.447632711621234,0.42016806722689076,EXHAUSTION,0.0,0.0,0.0,2,ELEVATED (25-35%),SLIGHT ACCEL (1.0-1.2),NEGATIVE (<1x),EXTREME (>1.0)
2024-07-03,120,55,1.39,1.16,709,931,57,89.0,15,29,838,1386.0,6109,37.44,5.0,2024,0.08039492242595205,0.2631578947368421,1.1819464033850493,1.31311706629055,0.6404494382022472,EXHAUSTION,0.0,0.0,0.0,3,ELEVATED (25-35%),SLIGHT ACCEL (1.0-1.2),NEGATIVE (<1x),EXTREME (>1.0)
2024-07-05,204,211,1.09,1.2,705,953,44,99.0,14,33,821,1404.0,6100,33.33,5.0,2024,0.062411347517730496,0.3181818181818182,1.1645390070921986,1.3517730496453901,0.4444444444444444,EXHAUSTION,0.0,0.0,0.0,1,ELEVATED (25-35%),SLIGHT ACCEL (1.0-1.2),NEGATIVE (<1x),EXTREME (>1.0)
2024-07-08,264,121,1.24,1.26,752,910,57,91.0,16,29,904,1311.0,6098,35.72,5.0,2024,0.07579787234042554,0.2807017543859649,1.202127659574468,1.2101063829787233,0.6263736263736264,EXHAUSTION,0.0,0.0,0.0,2,ELEVATED (25-35%),ACCELERATING (1.2-1.5),NEGATIVE (<1x),EXTREME (>1.0)
2024-07-09,169,169,1.24,1.21,756,932,58,85.0,15,22,888,1349.0,6100,33.79,5.0,2024,0.07671957671957672,0.25862068965517243,1.1746031746031746,1.2328042328042328,0.6823529411764706,EXHAUSTION,0.0,0.0,0.0,2,ELEVATED (25-35%),SLIGHT ACCEL (1.0-1.2),NEGATIVE (<1x),EXTREME (>1.0)
2024-07-10,270,121,1.52,1.4,808,894,57,82.0,17,20,1014,1256.0,6100,40.12,5.0,2024,0.07054455445544554,0.2982456140350877,1.254950495049505,1.1064356435643565,0.6951219512195121,EXHAUSTION,0.0,0.0,0.0,2,ELEVATED (25-35%),ACCELERATING (1.2-1.5),NEGATIVE (<1x),EXTREME (>1.0)
2024-07-11,1072,64,2.88,2.15,1036,762,74,69.0,15,17,1540,944.0,6099,55.66,5.0,2024,0.07142857142857142,0.20270270270270271,1.4864864864864864,0.7355212355212355,1.0724637681159421,EXHAUSTION,0.0,0.0,0.0,2,NORMAL (15-25%),ACCELERATING (1.2-1.5),WEAK (1-2x),HIGH (0.7-1.0)
2024-07-12,277,49,3.92,2.23,1131,694,74,57.0,17,13,1714,845.0,6100,61.08,5.0,2024,0.06542882404951371,0.22972972972972974,1.515473032714412,0.6136162687886826,1.2982456140350878,EXHAUSTION,0.0,0.0,0.0,1,NORMAL (15-25%),STRONG ACCEL (>1.5),WEAK (1-2x),ELEVATED (0.5-0.7)
2024-07-15,365,117,4.14,2.54,1247,672,100,54.0,23,13,1922,792.0,6101,62.12,5.0,2024,0.08019246190858059,0.23,1.541299117882919,0.5388933440256616,1.8518518518518519,EXHAUSTION,0.0,0.0,0.0,3,NORMAL (15-25%),STRONG ACCEL (>1.5),WEAK (1-2x),ELEVATED (0.5-0.7)
2024-07-16,915,43,7.36,3.43,1576,554,255,38.0,25,12,2442,627.0,6101,70.66,5.0,2024,0.1618020304568528,0.09803921568627451,1.549492385786802,0.35152284263959394,6.7105263157894735,NEUTRAL,0.0,0.0,0.0,8,LOW (<15%),STRONG ACCEL (>1.5),VERY STRONG (>5x),MODERATE (0.3-0.5)
2024-07-17,118,305,4.75,3.01,1486,575,233,31.0,22,10,2263,674.0,6101,70.33,5.0,2024,0.15679676985195154,0.0944206008583691,1.5228802153432033,0.38694481830417227,7.516129032258065,NEUTRAL,0.0,0.0,0.0,8,LOW (<15%),STRONG ACCEL (>1.5),VERY STRONG (>5x),MODERATE (0.3-0.5)
2024-07-18,54,316,2.08,2.45,1290,655,170,40.0,20,9,1940,866.0,6101,65.02,5.0,2024,0.13178294573643412,0.11764705882352941,1.503875968992248,0.5077519379844961,4.25,EXHAUSTION,0.0,0.0,0.0,7,LOW (<15%),STRONG ACCEL (>1.5),STRONG (3-5x),ELEVATED (0.5-0.7)
2024-07-19,89,154,1.65,2.46,1214,697,178,47.0,18,12,1788,958.0,6095,61.15,5.0,2024,0.14662273476112025,0.10112359550561797,1.472817133443163,0.5741350906095551,3.7872340425531914,EXHAUSTION,0.0,0.0,0.0,7,LOW (<15%),ACCELERATING (1.2-1.5),STRONG (3-5x),ELEVATED (0.5-0.7)
2024-07-22,331,98,1.65,2.55,1364,653,239,43.0,15,9,1995,826.0,6100,66.43,5.0,2024,0.17521994134897362,0.06276150627615062,1.4626099706744868,0.47873900293255134,5.558139534883721,NEUTRAL,0.0,0.0,0.0,8,LOW (<15%),ACCELERATING (1.2-1.5),VERY STRONG (>5x),MODERATE (0.3-0.5)
2024-07-23,259,114,0.86,2.72,1443,651,285,47.0,21,13,2109,776.0,6096,65.39,5.0,2024,0.19750519750519752,0.07368421052631578,1.4615384615384615,0.45114345114345117,6.0638297872340425,NEUTRAL,0.0,0.0,0.0,9,LOW (<15%),ACCELERATING (1.2-1.5),VERY STRONG (>5x),MODERATE (0.3-0.5)
2024-07-24,101,427,0.75,2.12,1227,725,246,51.0,23,16,1773,952.0,6096,57.37,5.0,2024,0.20048899755501223,0.09349593495934959,1.4449877750611246,0.5908720456397718,4.823529411764706,NEUTRAL,0.0,0.0,0.0,9,LOW (<15%),ACCELERATING (1.2-1.5),STRONG (3-5x),ELEVATED (0.5-0.7)
2024-07-25,393,135,1.26,1.65,1324,697,300,45.0,22,15,1964,903.0,6097,61.22,5.0,2024,0.22658610271903323,0.07333333333333333,1.4833836858006042,0.5264350453172205,6.666666666666667,NEUTRAL,0.0,0.0,0.0,9,LOW (<15%),ACCELERATING (1.2-1.5),VERY STRONG (>5x),ELEVATED (0.5-0.7)
2024-07-26,280,77,1.6,1.63,1446,649,312,40.0,25,13,2170,796.0,6096,66.98,5.0,2024,0.2157676348547718,0.08012820512820513,1.5006915629322268,0.4488243430152144,7.8,NEUTRAL,0.0,0.0,0.0,9,LOW (<15%),STRONG ACCEL (>1.5),VERY STRONG (>5x),MODERATE (0.3-0.5)
2024-07-29,97,214,1.17,1.4,1307,673,199,41.0,21,10,2015,869.0,6096,63.77,5.0,2024,0.15225707727620505,0.10552763819095477,1.5416985462892119,0.5149196633511859,4.853658536585366,NEUTRAL,0.0,0.0,0.0,8,LOW (<15%),STRONG ACCEL (>1.5),STRONG (3-5x),ELEVATED (0.5-0.7)
2024-07-30,143,239,0.93,0.9,1322,708,263,48.0,21,13,2071,950.0,6097,65.19,5.0,2024,0.1989409984871407,0.07984790874524715,1.5665658093797277,0.5355521936459909,5.479166666666667,NEUTRAL,0.0,0.0,0.0,9,LOW (<15%),STRONG ACCEL (>1.5),VERY STRONG (>5x),ELEVATED (0.5-0.7)
2024-07-31,304,136,1.52,1.07,1357,670,263,45.0,25,15,2085,865.0,6094,65.93,5.0,2024,0.19380987472365513,0.09505703422053231,1.5364775239498896,0.4937361827560796,5.844444444444444,NEUTRAL,0.0,0.0,0.0,9,LOW (<15%),STRONG ACCEL (>1.5),VERY STRONG (>5x),MODERATE (0.3-0.5)
2024-08-01,116,733,0.67,0.91,1089,804,177,55.0,19,14,1777,1143.0,6102,57.18,5.0,2024,0.162534435261708,0.10734463276836158,1.6317722681359046,0.7382920110192838,3.2181818181818183,NEUTRAL,0.0,0.0,0.0,8,LOW (<15%),STRONG ACCEL (>1.5),STRONG (3-5x),HIGH (0.7-1.0)
2024-08-02,89,859,0.34,0.7,849,942,137,91.0,14,15,1380,1537.0,6094,44.95,5.0,2024,0.16136631330977622,0.10218978102189781,1.6254416961130742,1.1095406360424027,1.5054945054945055,NEUTRAL,0.0,0.0,0.0,8,LOW (<15%),STRONG ACCEL (>1.5),WEAK (1-2x),EXTREME (>1.0)
2024-08-05,60,899,0.25,0.48,611,1111,74,126.0,11,18,973,2065.0,6095,31.44,5.0,2024,0.12111292962356793,0.14864864864864866,1.5924713584288053,1.8183306055646482,0.5873015873015873,EXHAUSTION,0.0,0.0,0.0,6,LOW (<15%),STRONG ACCEL (>1.5),NEGATIVE (<1x),EXTREME (>1.0)
2024-08-06,213,105,0.29,0.47,660,1052,83,114.0,12,19,1077,1930.0,6092,35.88,5.0,2024,0.12575757575757576,0.14457831325301204,1.6318181818181818,1.593939393939394,0.7280701754385965,EXHAUSTION,0.0,0.0,0.0,6,LOW (<15%),STRONG ACCEL (>1.5),NEGATIVE (<1x),EXTREME (>1.0)
2024-08-07,140,465,0.2,0.48,593,1165,77,160.0,12,23,944,2106.0,6088,33.55,5.0,2024,0.12984822934232715,0.15584415584415584,1.5919055649241147,1.9645868465430016,0.48125,EXHAUSTION,0.0,0.0,0.0,7,NORMAL (15-25%),STRONG ACCEL (>1.5),NEGATIVE (<1x),EXTREME (>1.0)
2024-08-08,404,139,0.37,0.48,698,1039,61,144.0,12,21,1192,1762.0,6085,41.58,5.0,2024,0.08739255014326648,0.19672131147540983,1.7077363896848137,1.488538681948424,0.4236111111111111,EXHAUSTION,0.0,0.0,0.0,3,NORMAL (15-25%),STRONG ACCEL (>1.5),NEGATIVE (<1x),EXTREME (>1.0)
2024-08-09,168,222,0.54,0.43,684,1063,60,194.0,11,21,1179,1803.0,6087,41.95,5.0,2024,0.08771929824561403,0.18333333333333332,1.7236842105263157,1.554093567251462,0.30927835051546393,EXHAUSTION,0.0,0.0,0.0,3,NORMAL (15-25%),STRONG ACCEL (>1.5),NEGATIVE (<1x),EXTREME (>1.0)
2024-08-12,177,220,0.96,0.45,630,1088,55,237.0,9,28,1088,1916.0,6117,38.46,5.0,2024,0.0873015873015873,0.16363636363636364,1.726984126984127,1.726984126984127,0.2320675105485232,EXHAUSTION,0.0,0.0,0.0,3,NORMAL (15-25%),STRONG ACCEL (>1.5),NEGATIVE (<1x),EXTREME (>1.0)
2024-08-13,417,110,1.13,0.54,723,1003,44,263.0,8,33,1306,1690.0,6119,44.22,5.0,2024,0.06085753803596127,0.18181818181818182,1.8063623789764869,1.3872752420470262,0.16730038022813687,EXHAUSTION,0.0,0.0,0.0,1,NORMAL (15-25%),STRONG ACCEL (>1.5),NEGATIVE (<1x),EXTREME (>1.0)
2024-08-14,142,209,1.45,0.49,680,1032,51,260.0,8,32,1221,1732.0,6119,44.93,5.0,2024,0.075,0.1568627450980392,1.7955882352941177,1.5176470588235293,0.19615384615384615,EXHAUSTION,0.0,0.0,0.0,2,NORMAL (15-25%),STRONG ACCEL (>1.5),NEGATIVE (<1x),EXTREME (>1.0)
2024-08-15,508,88,1.66,0.7,830,916,76,173.0,14,32,1545,1434.0,6122,50.97,5.0,2024,0.09156626506024096,0.18421052631578946,1.8614457831325302,1.1036144578313254,0.4393063583815029,EXHAUSTION,0.0,0.0,0.0,4,NORMAL (15-25%),STRONG ACCEL (>1.5),NEGATIVE (<1x),EXTREME (>1.0)
2024-08-16,192,91,2.0,0.95,882,903,88,158.0,15,25,1634,1405.0,6129,52.76,5.0,2024,0.09977324263038549,0.17045454545454544,1.8526077097505669,1.0238095238095237,0.5569620253164557,EXHAUSTION,0.0,0.0,0.0,5,NORMAL (15-25%),STRONG ACCEL (>1.5),NEGATIVE (<1x),EXTREME (>1.0)
2024-08-19,405,81,2.87,1.6,1026,827,84,153.0,16,30,1846,1289.0,6122,56.39,5.0,2024,0.08187134502923976,0.19047619047619047,1.7992202729044835,0.8060428849902534,0.5490196078431373,EXHAUSTION,0.0,0.0,0.0,3,NORMAL (15-25%),STRONG ACCEL (>1.5),NEGATIVE (<1x),HIGH (0.7-1.0)
2024-08-20,135,160,2.2,1.51,938,875,74,175.0,15,25,1684,1393.0,6121,51.79,5.0,2024,0.07889125799573561,0.20270270270270271,1.7953091684434968,0.9328358208955224,0.4228571428571429,EXHAUSTION,0.0,0.0,0.0,3,NORMAL (15-25%),STRONG ACCEL (>1.5),NEGATIVE (<1x),HIGH (0.7-1.0)
2024-08-21,308,53,3.27,2.08,1067,802,98,123.0,16,21,1907,1282.0,6115,56.23,5.0,2024,0.09184629803186505,0.16326530612244897,1.7872539831302718,0.7516401124648547,0.7967479674796748,EXHAUSTION,0.0,0.0,0.0,4,NORMAL (15-25%),STRONG ACCEL (>1.5),NEGATIVE (<1x),HIGH (0.7-1.0)
2024-08-22,118,206,1.96,1.78,990,868,83,148.0,15,21,1683,1381.0,6112,53.57,5.0,2024,0.08383838383838384,0.18072289156626506,1.7,0.8767676767676768,0.5608108108108109,EXHAUSTION,0.0,0.0,0.0,3,NORMAL (15-25%),STRONG ACCEL (>1.5),NEGATIVE (<1x),HIGH (0.7-1.0)
2024-08-23,762,52,3.13,2.49,1270,740,87,133.0,17,17,2144,1148.0,6112,63.2,5.0,2024,0.06850393700787402,0.19540229885057472,1.6881889763779527,0.5826771653543307,0.6541353383458647,EXHAUSTION,0.0,0.0,0.0,2,NORMAL (15-25%),STRONG ACCEL (>1.5),NEGATIVE (<1x),ELEVATED (0.5-0.7)
2024-08-26,190,101,2.65,2.76,1277,744,87,130.0,16,23,2076,1125.0,6111,63.36,5.0,2024,0.06812842599843383,0.1839080459770115,1.6256851996867658,0.5826155050900548,0.6692307692307692,EXHAUSTION,0.0,0.0,0.0,2,NORMAL (15-25%),STRONG ACCEL (>1.5),NEGATIVE (<1x),ELEVATED (0.5-0.7)
2024-08-27,100,167,2.55,2.37,1187,768,92,138.0,17,22,1761,1191.0,6110,61.68,5.0,2024,0.07750631844987363,0.18478260869565216,1.4835720303285593,0.6470092670598147,0.6666666666666666,EXHAUSTION,0.0,0.0,0.0,3,NORMAL (15-25%),ACCELERATING (1.2-1.5),NEGATIVE (<1x),ELEVATED (0.5-0.7)
2024-08-28,68,317,1.47,2.12,1107,794,69,156.0,11,24,1593,1292.0,6112,58.75,5.0,2024,0.06233062330623306,0.15942028985507245,1.4390243902439024,0.7172538392050587,0.4423076923076923,EXHAUSTION,0.0,0.0,0.0,1,NORMAL (15-25%),ACCELERATING (1.2-1.5),NEGATIVE (<1x),HIGH (0.7-1.0)
2024-08-29,179,91,1.78,1.86,1207,756,85,95.0,12,21,1645,1231.0,6111,60.86,5.0,2024,0.07042253521126761,0.1411764705882353,1.3628831814415907,0.6263463131731566,0.8947368421052632,EXHAUSTION,0.0,0.0,0.0,2,LOW (<15%),ACCELERATING (1.2-1.5),NEGATIVE (<1x),ELEVATED (0.5-0.7)
2024-08-30,129,109,0.85,1.79,1243,735,132,70.0,25,17,1702,1195.0,6112,62.14,5.0,2024,0.10619469026548672,0.1893939393939394,1.3692679002413515,0.5913113435237329,1.8857142857142857,EXHAUSTION,0.0,0.0,0.0,5,NORMAL (15-25%),ACCELERATING (1.2-1.5),WEAK (1-2x),ELEVATED (0.5-0.7)
2024-09-03,78,829,0.37,0.99,978,874,129,73.0,25,18,1251,1429.0,6112,51.44,5.0,2024,0.13190184049079753,0.1937984496124031,1.2791411042944785,0.8936605316973415,1.7671232876712328,EXHAUSTION,0.0,0.0,0.0,7,NORMAL (15-25%),ACCELERATING (1.2-1.5),WEAK (1-2x),HIGH (0.7-1.0)
2024-09-04,123,126,0.39,1.0,963,878,117,78.0,25,18,1226,1430.0,6111,48.65,5.0,2024,0.12149532710280374,0.21367521367521367,1.2731048805815162,0.9117341640706127,1.5,EXHAUSTION,0.0,0.0,0.0,6,NORMAL (15-25%),ACCELERATING (1.2-1.5),WEAK (1-2x),HIGH (0.7-1.0)
2024-09-05,161,192,0.5,0.87,918,898,126,73.0,30,17,1183,1479.0,6110,46.16,5.0,2024,0.13725490196078433,0.23809523809523808,1.2886710239651415,0.9782135076252724,1.726027397260274,EXHAUSTION,0.0,0.0,0.0,7,NORMAL (15-25%),ACCELERATING (1.2-1.5),WEAK (1-2x),HIGH (0.7-1.0)
2024-09-06,83,419,0.34,0.78,815,989,67,83.0,14,17,987,1662.0,6110,37.46,5.0,2024,0.08220858895705521,0.208955223880597,1.211042944785276,1.2134969325153375,0.8072289156626506,EXHAUSTION,0.0,0.0,0.0,3,NORMAL (15-25%),ACCELERATING (1.2-1.5),NEGATIVE (<1x),EXTREME (>1.0)
2024-09-09,256,154,0.41,0.55,874,938,75,65.0,19,20,1068,1619.0,6110,40.45,5.0,2024,0.08581235697940504,0.25333333333333335,1.2219679633867278,1.0732265446224256,1.1538461538461537,EXHAUSTION,0.0,0.0,0.0,3,ELEVATED (25-35%),ACCELERATING (1.2-1.5),WEAK (1-2x),EXTREME (>1.0)
2024-09-10,180,152,0.77,0.53,913,945,77,56.0,16,16,1118,1561.0,6107,40.8,5.0,2024,0.08433734939759036,0.2077922077922078,1.2245345016429354,1.0350492880613362,1.375,EXHAUSTION,0.0,0.0,0.0,3,NORMAL (15-25%),ACCELERATING (1.2-1.5),WEAK (1-2x),EXTREME (>1.0)
2024-09-11,312,104,0.97,0.63,918,889,72,50.0,12,12,1176,1484.0,6108,39.92,5.0,2024,0.0784313725490196,0.16666666666666666,1.2810457516339868,0.9684095860566448,1.44,EXHAUSTION,0.0,0.0,0.0,3,NORMAL (15-25%),ACCELERATING (1.2-1.5),WEAK (1-2x),HIGH (0.7-1.0)
2024-09-12,276,105,1.19,0.78,1008,853,85,45.0,14,12,1304,1377.0,6113,45.12,5.0,2024,0.08432539682539683,0.16470588235294117,1.2936507936507937,0.8462301587301587,1.8888888888888888,EXHAUSTION,0.0,0.0,0.0,3,NORMAL (15-25%),ACCELERATING (1.2-1.5),WEAK (1-2x),HIGH (0.7-1.0)
2024-09-13,476,65,2.59,0.92,1158,773,88,47.0,24,12,1578,1152.0,6114,54.83,5.0,2024,0.07599309153713299,0.2727272727272727,1.3626943005181347,0.6675302245250432,1.872340425531915,EXHAUSTION,0.0,0.0,0.0,2,ELEVATED (25-35%),ACCELERATING (1.2-1.5),WEAK (1-2x),ELEVATED (0.5-0.7)
2024-09-16,160,157,2.41,0.91,1194,776,84,57.0,23,13,1613,1143.0,6118,57.98,5.0,2024,0.07035175879396985,0.27380952380952384,1.3509212730318259,0.6499162479061976,1.4736842105263157,EXHAUSTION,0.0,0.0,0.0,2,ELEVATED (25-35%),ACCELERATING (1.2-1.5),WEAK (1-2x),ELEVATED (0.5-0.7)
2024-09-17,239,102,2.74,1.44,1238,742,67,59.0,19,16,1715,1044.0,6116,61.33,5.0,2024,0.05411954765751212,0.2835820895522388,1.3852988691437802,0.5993537964458805,1.1355932203389831,EXHAUSTION,0.0,0.0,0.0,1,ELEVATED (25-35%),ACCELERATING (1.2-1.5),WEAK (1-2x),ELEVATED (0.5-0.7)
2024-09-18,138,128,2.31,1.45,1216,754,81,50.0,20,14,1704,942.0,6111,61.23,5.0,2024,0.06661184210526316,0.24691358024691357,1.4013157894736843,0.6200657894736842,1.62,EXHAUSTION,0.0,0.0,0.0,2,NORMAL (15-25%),ACCELERATING (1.2-1.5),WEAK (1-2x),ELEVATED (0.5-0.7)
2024-09-19,395,102,2.54,1.69,1347,697,77,57.0,19,16,2015,763.0,6110,68.8,5.0,2024,0.05716406829992576,0.24675324675324675,1.495916852264291,0.5174461766889383,1.3508771929824561,EXHAUSTION,0.0,0.0,0.0,1,NORMAL (15-25%),ACCELERATING (1.2-1.5),WEAK (1-2x),ELEVATED (0.5-0.7)
2024-09-20,168,351,1.31,1.83,1245,727,94,54.0,14,18,1821,789.0,6110,63.35,5.0,2024,0.07550200803212852,0.14893617021276595,1.4626506024096386,0.5839357429718876,1.7407407407407407,EXHAUSTION,0.0,0.0,0.0,2,LOW (<15%),ACCELERATING (1.2-1.5),WEAK (1-2x),ELEVATED (0.5-0.7)
2024-09-23,96,125,1.28,1.75,1218,757,59,75.0,13,18,1677,864.0,6111,64.55,5.0,2024,0.048440065681444995,0.22033898305084745,1.3768472906403941,0.6215106732348111,0.7866666666666666,EXHAUSTION,0.0,0.0,0.0,0,NORMAL (15-25%),ACCELERATING (1.2-1.5),NEGATIVE (<1x),ELEVATED (0.5-0.7)
2024-09-24,265,104,1.31,1.88,1253,728,63,76.0,17,17,1723,798.0,6110,65.7,5.0,2024,0.05027932960893855,0.2698412698412698,1.375099760574621,0.5810055865921788,0.8289473684210527,EXHAUSTION,0.0,0.0,0.0,0,ELEVATED (25-35%),ACCELERATING (1.2-1.5),NEGATIVE (<1x),ELEVATED (0.5-0.7)
2024-09-25,110,222,1.14,1.59,1158,787,65,76.0,18,17,1430,920.0,6112,59.73,5.0,2024,0.05613126079447323,0.27692307692307694,1.234887737478411,0.6796200345423143,0.8552631578947368,EXHAUSTION,0.0,0.0,0.0,1,ELEVATED (25-35%),ACCELERATING (1.2-1.5),NEGATIVE (<1x),ELEVATED (0.5-0.7)
2024-09-26,388,133,1.1,1.64,1252,757,90,59.0,14,14,1573,829.0,6115,63.28,5.0,2024,0.07188498402555911,0.15555555555555556,1.2563897763578276,0.604632587859425,1.5254237288135593,EXHAUSTION,0.0,0.0,0.0,2,NORMAL (15-25%),ACCELERATING (1.2-1.5),WEAK (1-2x),ELEVATED (0.5-0.7)
2024-09-27,234,83,1.64,1.46,1266,706,96,62.0,19,16,1613,776.0,6118,66.93,5.0,2024,0.07582938388625593,0.19791666666666666,1.2740916271721958,0.5576619273301737,1.5483870967741935,EXHAUSTION,0.0,0.0,0.0,2,NORMAL (15-25%),ACCELERATING (1.2-1.5),WEAK (1-2x),ELEVATED (0.5-0.7)
2024-09-30,185,156,1.69,1.47,1273,726,94,67.0,18,17,1529,788.0,6116,66.9,5.0,2024,0.07384131971720345,0.19148936170212766,1.2010997643362136,0.5703063629222309,1.4029850746268657,EXHAUSTION,0.0,0.0,0.0,2,NORMAL (15-25%),ACCELERATING (1.2-1.5),WEAK (1-2x),ELEVATED (0.5-0.7)
2024-10-01,118,355,1.09,1.19,1158,791,116,55.0,22,16,1285,934.0,6119,61.34,5.0,2024,0.1001727115716753,0.1896551724137931,1.109671848013817,0.6830742659758203,2.109090909090909,EXHAUSTION,0.0,0.0,0.0,5,NORMAL (15-25%),SLIGHT ACCEL (1.0-1.2),MODERATE (2-3x),ELEVATED (0.5-0.7)
2024-10-02,194,106,1.34,1.24,1154,791,113,61.0,27,15,1218,936.0,6123,59.07,5.0,2024,0.09792027729636049,0.23893805309734514,1.0554592720970537,0.6854419410745234,1.8524590163934427,EXHAUSTION,0.0,0.0,0.0,4,NORMAL (15-25%),SLIGHT ACCEL (1.0-1.2),WEAK (1-2x),ELEVATED (0.5-0.7)
2024-10-03,155,132,1.06,1.08,1089,825,112,61.0,27,16,1156,1008.0,6121,55.19,5.0,2024,0.10284664830119375,0.24107142857142858,1.061524334251607,0.7575757575757576,1.8360655737704918,EXHAUSTION,0.0,0.0,0.0,5,NORMAL (15-25%),SLIGHT ACCEL (1.0-1.2),WEAK (1-2x),HIGH (0.7-1.0)
2024-10-04,326,80,1.18,1.38,1205,775,181,49.0,38,14,1296,899.0,6122,58.71,5.0,2024,0.15020746887966804,0.20994475138121546,1.07551867219917,0.6431535269709544,3.693877551020408,NEUTRAL,0.0,0.0,0.0,8,NORMAL (15-25%),SLIGHT ACCEL (1.0-1.2),STRONG (3-5x),ELEVATED (0.5-0.7)
2024-10-07,159,235,1.05,1.33,1127,808,148,58.0,38,18,1205,1007.0,6112,51.23,5.0,2024,0.1313220940550133,0.25675675675675674,1.0692102928127774,0.7169476486246673,2.5517241379310347,EXHAUSTION,0.0,0.0,0.0,7,ELEVATED (25-35%),SLIGHT ACCEL (1.0-1.2),MODERATE (2-3x),HIGH (0.7-1.0)
2024-10-08,146,174,1.35,1.2,1079,833,141,64.0,30,23,1169,1018.0,6119,49.34,5.0,2024,0.13067655236329936,0.2127659574468085,1.0834105653382762,0.7720111214087118,2.203125,EXHAUSTION,0.0,0.0,0.0,7,NORMAL (15-25%),SLIGHT ACCEL (1.0-1.2),MODERATE (2-3x),HIGH (0.7-1.0)
2024-10-09,138,140,1.21,1.28,1058,851,134,71.0,20,21,1194,1046.0,6117,50.5,5.0,2024,0.1266540642722117,0.14925373134328357,1.1285444234404536,0.8043478260869565,1.8873239436619718,EXHAUSTION,0.0,0.0,0.0,6,LOW (<15%),SLIGHT ACCEL (1.0-1.2),WEAK (1-2x),HIGH (0.7-1.0)
2024-10-10,155,164,1.17,1.11,964,864,113,63.0,17,21,1150,1061.0,6117,48.42,5.0,2024,0.11721991701244813,0.1504424778761062,1.1929460580912863,0.8962655601659751,1.7936507936507937,EXHAUSTION,0.0,0.0,0.0,6,NORMAL (15-25%),SLIGHT ACCEL (1.0-1.2),WEAK (1-2x),HIGH (0.7-1.0)
2024-10-11,383,56,1.28,1.23,1070,786,109,63.0,17,19,1369,910.0,6121,56.28,5.0,2024,0.10186915887850467,0.1559633027522936,1.2794392523364486,0.7345794392523365,1.7301587301587302,EXHAUSTION,0.0,0.0,0.0,5,NORMAL (15-25%),ACCELERATING (1.2-1.5),WEAK (1-2x),HIGH (0.7-1.0)
2024-10-14,193,97,1.61,1.28,1115,770,104,52.0,16,15,1414,844.0,6119,59.3,5.0,2024,0.09327354260089686,0.15384615384615385,1.2681614349775785,0.6905829596412556,2.0,EXHAUSTION,0.0,0.0,0.19999999999999996,4,NORMAL (15-25%),ACCELERATING (1.2-1.5),WEAK (1-2x),ELEVATED (0.5-0.7)
2024-10-15,187,267,1.46,1.4,1086,766,88,51.0,18,15,1412,880.0,6120,57.72,5.0,2024,0.08103130755064457,0.20454545454545456,1.3001841620626151,0.7053406998158379,1.7254901960784315,EXHAUSTION,0.0,0.0,0.0,3,NORMAL (15-25%),ACCELERATING (1.2-1.5),WEAK (1-2x),HIGH (0.7-1.0)
2024-10-16,399,62,2.04,1.59,1214,692,118,43.0,27,13,1656,795.0,6121,63.58,5.0,2024,0.09719934102141681,0.2288135593220339,1.3640856672158155,0.5700164744645799,2.744186046511628,EXHAUSTION,0.0,0.0,0.0,4,NORMAL (15-25%),ACCELERATING (1.2-1.5),MODERATE (2-3x),ELEVATED (0.5-0.7)
2024-10-17,173,134,2.17,1.6,1230,692,97,50.0,19,15,1645,827.0,6122,62.31,5.0,2024,0.07886178861788617,0.1958762886597938,1.3373983739837398,0.5626016260162602,1.94,EXHAUSTION,0.0,0.0,0.0,3,NORMAL (15-25%),ACCELERATING (1.2-1.5),WEAK (1-2x),ELEVATED (0.5-0.7)
2024-10-18,280,71,1.95,1.58,1271,653,113,40.0,25,12,1669,713.0,6122,62.46,5.0,2024,0.0889063729346971,0.22123893805309736,1.3131392604248624,0.5137686860739575,2.825,EXHAUSTION,0.0,0.0,0.0,4,NORMAL (15-25%),ACCELERATING (1.2-1.5),MODERATE (2-3x),ELEVATED (0.5-0.7)
2024-10-21,199,207,1.67,1.64,1198,706,114,43.0,25,11,1503,786.0,6121,53.29,5.0,2024,0.09515859766277128,0.21929824561403508,1.2545909849749584,0.5893155258764607,2.6511627906976742,EXHAUSTION,0.0,0.0,0.0,4,NORMAL (15-25%),ACCELERATING (1.2-1.5),MODERATE (2-3x),ELEVATED (0.5-0.7)
2024-10-22,191,130,2.06,1.73,1204,729,90,50.0,21,12,1470,828.0,6124,49.76,5.0,2024,0.07475083056478406,0.23333333333333334,1.2209302325581395,0.6054817275747508,1.8,EXHAUSTION,0.0,0.0,0.0,2,NORMAL (15-25%),ACCELERATING (1.2-1.5),WEAK (1-2x),ELEVATED (0.5-0.7)
2024-10-23,110,278,1.16,1.55,1124,768,81,53.0,21,14,1372,932.0,6123,46.24,5.0,2024,0.07206405693950178,0.25925925925925924,1.2206405693950177,0.6832740213523132,1.528301886792453,EXHAUSTION,0.0,0.0,0.0,2,ELEVATED (25-35%),ACCELERATING (1.2-1.5),WEAK (1-2x),ELEVATED (0.5-0.7)
2024-10-24,194,158,1.15,1.58,1098,759,69,54.0,24,13,1323,939.0,6129,47.0,5.0,2024,0.06284153005464481,0.34782608695652173,1.2049180327868851,0.6912568306010929,1.2777777777777777,EXHAUSTION,0.0,0.0,0.0,1,ELEVATED (25-35%),ACCELERATING (1.2-1.5),WEAK (1-2x),ELEVATED (0.5-0.7)
2024-10-25,190,123,0.99,1.39,1093,755,68,52.0,20,12,1262,980.0,6129,43.24,5.0,2024,0.06221408966148216,0.29411764705882354,1.1546203110704483,0.6907593778591034,1.3076923076923077,EXHAUSTION,0.0,0.0,0.0,1,ELEVATED (25-35%),SLIGHT ACCEL (1.0-1.2),WEAK (1-2x),ELEVATED (0.5-0.7)
2024-10-28,404,76,1.42,1.55,1190,691,92,53.0,28,9,1409,861.0,6131,47.92,5.0,2024,0.0773109243697479,0.30434782608695654,1.1840336134453782,0.5806722689075631,1.7358490566037736,EXHAUSTION,0.0,0.19999999999999996,0.0,2,ELEVATED (25-35%),SLIGHT ACCEL (1.0-1.2),WEAK (1-2x),ELEVATED (0.5-0.7)
2024-10-29,189,174,1.34,1.65,1201,720,108,47.0,29,8,1312,912.0,6134,45.75,5.0,2024,0.08992506244796003,0.26851851851851855,1.0924229808492922,0.5995004163197336,2.297872340425532,EXHAUSTION,0.0,0.0,0.19999999999999996,4,ELEVATED (25-35%),SLIGHT ACCEL (1.0-1.2),MODERATE (2-3x),ELEVATED (0.5-0.7)
2024-10-30,200,196,1.62,1.38,1192,719,95,52.0,29,10,1247,970.0,6132,44.89,5.0,2024,0.0796979865771812,0.30526315789473685,1.0461409395973154,0.6031879194630873,1.8269230769230769,EXHAUSTION,0.0,0.0,0.0,3,ELEVATED (25-35%),SLIGHT ACCEL (1.0-1.2),WEAK (1-2x),ELEVATED (0.5-0.7)
2024-10-31,154,424,1.15,1.15,1097,724,94,58.0,27,10,1064,1165.0,6131,38.08,5.0,2024,0.08568824065633546,0.2872340425531915,0.9699179580674567,0.6599817684594348,1.6206896551724137,EXHAUSTION,0.0,0.0,0.19999999999999996,3,ELEVATED (25-35%),FLAT (0.8-1.0),WEAK (1-2x),ELEVATED (0.5-0.7)
2024-11-01,226,151,1.15,1.07,1117,701,82,67.0,26,8,1098,1182.0,6133,38.25,5.0,2024,0.07341092211280215,0.3170731707317073,0.9829901521933752,0.6275738585496866,1.2238805970149254,EXHAUSTION,0.0,0.0,0.19999999999999996,2,ELEVATED (25-35%),FLAT (0.8-1.0),WEAK (1-2x),ELEVATED (0.5-0.7)
2024-11-04,206,195,0.86,1.08,1111,670,98,66.0,23,11,1110,1172.0,6133,39.05,5.0,2024,0.08820882088208822,0.23469387755102042,0.9990999099909991,0.603060306030603,1.4848484848484849,EXHAUSTION,0.19999999999999996,0.0,0.19999999999999996,4,NORMAL (15-25%),FLAT (0.8-1.0),WEAK (1-2x),ELEVATED (0.5-0.7)
2024-11-05,336,114,1.04,1.17,1231,623,127,59.0,27,5,1295,1022.0,6124,46.71,5.0,2024,0.10316815597075549,0.2125984251968504,1.0519902518277824,0.5060926076360682,2.152542372881356,EXHAUSTION,0.0,0.0,0.19999999999999996,5,NORMAL (15-25%),SLIGHT ACCEL (1.0-1.2),MODERATE (2-3x),ELEVATED (0.5-0.7)
2024-11-06,1523,256,2.14,1.94,1605,581,279,60.0,35,12,1933,880.0,6119,56.93,5.0,2024,0.17383177570093458,0.12544802867383512,1.2043613707165108,0.36199376947040496,4.65,NEUTRAL,0.0,0.0,0.19999999999999996,8,LOW (<15%),ACCELERATING (1.2-1.5),STRONG (3-5x),MODERATE (0.3-0.5)
2024-11-07,334,177,2.94,1.99,1489,587,250,69.0,43,9,1941,858.0,6123,57.45,5.0,2024,0.16789791806581597,0.172,1.3035594358629954,0.39422431161853594,3.6231884057971016,NEUTRAL,0.0,0.0,0.19999999999999996,8,NORMAL (15-25%),ACCELERATING (1.2-1.5),STRONG (3-5x),MODERATE (0.3-0.5)
2024-11-08,275,228,2.76,1.93,1512,606,247,89.0,52,13,1955,925.0,6120,57.71,5.0,2024,0.16335978835978837,0.21052631578947367,1.292989417989418,0.4007936507936508,2.7752808988764044,NEUTRAL,0.0,0.0,0.19999999999999996,8,NORMAL (15-25%),ACCELERATING (1.2-1.5),MODERATE (2-3x),MODERATE (0.3-0.5)
2024-11-11,426,170,3.06,1.86,1659,605,278,89.0,58,13,2143,914.0,6121,58.28,6.0,2024,0.1675708257986739,0.20863309352517986,1.2917420132610007,0.36467751657625075,3.1235955056179776,NEUTRAL,-0.16666666666666663,-0.16666666666666663,0.0,8,NORMAL (15-25%),ACCELERATING (1.2-1.5),STRONG (3-5x),MODERATE (0.3-0.5)
2024-11-12,174,355,2.3,1.7,1493,676,245,101.0,56,15,1959,1059.0,6121,53.58,5.0,2024,0.1640991292699263,0.22857142857142856,1.3121232417950435,0.45277963831212326,2.4257425742574257,NEUTRAL,0.0,0.19999999999999996,0.19999999999999996,8,NORMAL (15-25%),ACCELERATING (1.2-1.5),MODERATE (2-3x),MODERATE (0.3-0.5)
2024-11-13,191,363,1.08,1.58,1384,740,198,131.0,41,19,1849,1187.0,6121,52.02,5.0,2024,0.1430635838150289,0.20707070707070707,1.3359826589595376,0.5346820809248555,1.5114503816793894,EXHAUSTION,0.0,0.0,0.19999999999999996,7,NORMAL (15-25%),ACCELERATING (1.2-1.5),WEAK (1-2x),ELEVATED (0.5-0.7)
2024-11-14,150,328,0.84,1.64,1248,809,170,139.0,44,20,1725,1327.0,6118,49.76,5.0,2024,0.1362179487179487,0.25882352941176473,1.3822115384615385,0.6482371794871795,1.223021582733813,EXHAUSTION,0.0,0.19999999999999996,0.19999999999999996,7,ELEVATED (25-35%),ACCELERATING (1.2-1.5),WEAK (1-2x),ELEVATED (0.5-0.7)
2024-11-15,88,530,0.59,1.36,1128,922,153,180.0,34,23,1513,1536.0,6117,47.58,5.0,2024,0.1356382978723404,0.2222222222222222,1.3413120567375887,0.8173758865248227,0.85,EXHAUSTION,0.0,0.19999999999999996,0.19999999999999996,7,NORMAL (15-25%),ACCELERATING (1.2-1.5),NEGATIVE (<1x),HIGH (0.7-1.0)
2024-11-18,222,227,0.46,1.35,1116,918,172,171.0,35,30,1535,1554.0,6117,47.98,5.0,2024,0.15412186379928317,0.20348837209302326,1.375448028673835,0.8225806451612904,1.0058479532163742,NEUTRAL,0.0,0.19999999999999996,0.19999999999999996,8,NORMAL (15-25%),ACCELERATING (1.2-1.5),WEAK (1-2x),HIGH (0.7-1.0)
2024-11-19,288,122,0.6,1.33,1160,899,198,165.0,48,31,1599,1457.0,6112,48.1,5.0,2024,0.1706896551724138,0.24242424242424243,1.3784482758620689,0.775,1.2,NEUTRAL,0.19999999999999996,0.19999999999999996,0.0,8,NORMAL (15-25%),ACCELERATING (1.2-1.5),WEAK (1-2x),HIGH (0.7-1.0)
2024-11-20,204,149,0.7,0.89,1159,907,224,146.0,50,31,1566,1452.0,6107,48.86,5.0,2024,0.19327006039689387,0.22321428571428573,1.351164797238999,0.7825711820534944,1.5342465753424657,NEUTRAL,0.0,0.19999999999999996,0.0,9,NORMAL (15-25%),ACCELERATING (1.2-1.5),WEAK (1-2x),HIGH (0.7-1.0)
2024-11-21,389,146,1.01,0.92,1288,869,257,123.0,48,29,1760,1321.0,6109,53.75,5.0,2024,0.19953416149068323,0.1867704280155642,1.3664596273291925,0.6746894409937888,2.089430894308943,NEUTRAL,0.19999999999999996,0.19999999999999996,0.0,9,NORMAL (15-25%),ACCELERATING (1.2-1.5),MODERATE (2-3x),ELEVATED (0.5-0.7)
2024-11-22,400,82,2.07,1.02,1407,804,300,111.0,66,28,1978,1213.0,6110,58.0,5.0,2024,0.21321961620469082,0.22,1.4058280028429282,0.5714285714285714,2.7027027027027026,NEUTRAL,0.19999999999999996,0.19999999999999996,0.0,9,NORMAL (15-25%),ACCELERATING (1.2-1.5),MODERATE (2-3x),ELEVATED (0.5-0.7)
2024-11-25,570,152,2.84,1.09,1530,743,283,116.0,58,26,2226,1118.0,6101,61.77,5.0,2024,0.18496732026143792,0.2049469964664311,1.4549019607843137,0.48562091503267973,2.439655172413793,NEUTRAL,0.19999999999999996,0.19999999999999996,0.0,9,NORMAL (15-25%),ACCELERATING (1.2-1.5),MODERATE (2-3x),MODERATE (0.3-0.5)
2024-11-26,175,140,2.6,1.2,1474,783,262,123.0,66,25,2111,1189.0,6101,59.83,6.0,2024,0.17774762550881953,0.25190839694656486,1.432157394843962,0.5312075983717774,2.130081300813008,NEUTRAL,0.0,0.0,-0.16666666666666663,8,ELEVATED (25-35%),ACCELERATING (1.2-1.5),MODERATE (2-3x),ELEVATED (0.5-0.7)
2024-11-27,249,86,2.94,1.39,1527,733,267,100.0,61,25,2136,1135.0,6104,60.94,5.0,2024,0.17485265225933203,0.22846441947565543,1.3988212180746562,0.48002619515389655,2.67,NEUTRAL,0.19999999999999996,0.19999999999999996,0.0,8,NORMAL (15-25%),ACCELERATING (1.2-1.5),MODERATE (2-3x),MODERATE (0.3-0.5)
2024-11-29,167,41,3.12,1.64,1579,705,311,83.0,77,26,2203,1084.0,6103,61.83,6.0,2024,0.19696010132995567,0.24758842443729903,1.3951868271057632,0.44648511716276124,3.746987951807229,NEUTRAL,0.0,0.0,-0.16666666666666663,9,NORMAL (15-25%),ACCELERATING (1.2-1.5),STRONG (3-5x),MODERATE (0.3-0.5)
2024-12-02,354,280,2.17,2.12,1627,697,302,75.0,61,26,2240,1088.0,6108,61.49,6.0,2024,0.1856177012907191,0.20198675496688742,1.3767670559311616,0.4283958205285802,4.026666666666666,NEUTRAL,0.0,0.0,0.0,9,NORMAL (15-25%),ACCELERATING (1.2-1.5),STRONG (3-5x),MODERATE (0.3-0.5)
2024-12-03,181,196,1.52,2.14,1530,722,293,86.0,69,26,2067,1141.0,6109,58.85,6.0,2024,0.19150326797385622,0.2354948805460751,1.3509803921568628,0.4718954248366013,3.4069767441860463,NEUTRAL,0.0,0.0,0.0,9,NORMAL (15-25%),ACCELERATING (1.2-1.5),STRONG (3-5x),MODERATE (0.3-0.5)
2024-12-04,287,201,1.54,2.02,1566,748,253,98.0,64,25,2113,1175.0,6111,57.64,6.0,2024,0.1615581098339719,0.25296442687747034,1.3492975734355044,0.4776500638569604,2.5816326530612246,NEUTRAL,0.0,-0.16666666666666663,0.0,8,ELEVATED (25-35%),ACCELERATING (1.2-1.5),MODERATE (2-3x),MODERATE (0.3-0.5)
2024-12-05,148,300,1.12,1.8,1488,787,169,120.0,33,28,1957,1281.0,6110,54.78,6.0,2024,0.1135752688172043,0.1952662721893491,1.3151881720430108,0.5288978494623656,1.4083333333333334,EXHAUSTION,0.0,-0.16666666666666663,0.0,6,NORMAL (15-25%),ACCELERATING (1.2-1.5),WEAK (1-2x),ELEVATED (0.5-0.7)
2024-12-06,315,126,1.17,1.77,1513,768,173,95.0,32,28,2022,1197.0,6111,52.36,6.0,2024,0.11434236615994713,0.18497109826589594,1.3364177131526769,0.5076007931262393,1.8210526315789475,EXHAUSTION,0.0,-0.16666666666666663,-0.16666666666666663,6,NORMAL (15-25%),ACCELERATING (1.2-1.5),WEAK (1-2x),ELEVATED (0.5-0.7)
2024-12-09,390,215,1.27,1.63,1504,741,140,101.0,31,28,2021,1174.0,6106,52.14,6.0,2024,0.09308510638297872,0.22142857142857142,1.34375,0.49268617021276595,1.386138613861386,EXHAUSTION,0.0,-0.16666666666666663,-0.16666666666666663,4,NORMAL (15-25%),ACCELERATING (1.2-1.5),WEAK (1-2x),MODERATE (0.3-0.5)
2024-12-10,174,185,1.28,1.38,1454,771,108,112.0,26,31,1931,1227.0,6101,49.05,6.0,2024,0.07427785419532325,0.24074074074074073,1.328060522696011,0.5302613480055021,0.9642857142857143,EXHAUSTION,0.0,-0.16666666666666663,-0.16666666666666663,2,NORMAL (15-25%),ACCELERATING (1.2-1.5),NEGATIVE (<1x),ELEVATED (0.5-0.7)
2024-12-11,223,203,1.21,1.36,1468,771,129,103.0,31,31,1971,1217.0,6104,48.81,6.0,2024,0.08787465940054497,0.24031007751937986,1.3426430517711172,0.5252043596730245,1.2524271844660195,EXHAUSTION,-0.16666666666666663,-0.16666666666666663,-0.16666666666666663,3,NORMAL (15-25%),ACCELERATING (1.2-1.5),WEAK (1-2x),ELEVATED (0.5-0.7)
2024-12-12,95,313,1.15,1.13,1330,852,126,94.0,30,32,1770,1345.0,6102,45.05,6.0,2024,0.09473684210526316,0.23809523809523808,1.330827067669173,0.6406015037593985,1.3404255319148937,EXHAUSTION,-0.16666666666666663,-0.16666666666666663,-0.16666666666666663,4,NORMAL (15-25%),ACCELERATING (1.2-1.5),WEAK (1-2x),ELEVATED (0.5-0.7)
2024-12-13,133,226,0.89,1.02,1227,890,132,83.0,29,31,1630,1438.0,6102,42.52,6.0,2024,0.10757946210268948,0.2196969696969697,1.328443357783211,0.7253463732681337,1.5903614457831325,EXHAUSTION,-0.16666666666666663,-0.16666666666666663,-0.16666666666666663,5,NORMAL (15-25%),ACCELERATING (1.2-1.5),WEAK (1-2x),HIGH (0.7-1.0)
2024-12-16,293,279,0.76,1.0,1225,889,168,67.0,43,28,1621,1446.0,6104,40.45,6.0,2024,0.13714285714285715,0.25595238095238093,1.323265306122449,0.7257142857142858,2.5074626865671643,EXHAUSTION,-0.16666666666666663,0.0,-0.16666666666666663,7,ELEVATED (25-35%),ACCELERATING (1.2-1.5),MODERATE (2-3x),HIGH (0.7-1.0)
2024-12-17,189,197,0.77,1.0,1162,896,147,72.0,36,28,1502,1519.0,6105,33.49,6.0,2024,0.12650602409638553,0.24489795918367346,1.2925989672977625,0.7710843373493976,2.0416666666666665,EXHAUSTION,-0.16666666666666663,0.0,-0.16666666666666663,6,NORMAL (15-25%),ACCELERATING (1.2-1.5),MODERATE (2-3x),HIGH (0.7-1.0)
2024-12-18,127,1354,0.09,0.09,925,1066,91,103.0,26,37,1117,2079.0,6109,18.15,5.0,2025,0.09837837837837837,0.2857142857142857,1.2075675675675677,1.1524324324324324,0.883495145631068,EXHAUSTION,0.0,0.19999999999999996,0.0,4,ELEVATED (25-35%),ACCELERATING (1.2-1.5),NEGATIVE (<1x),EXTREME (>1.0)
2024-12-18,127,1354,0.35,0.61,925,1066,91,103.0,26,37,1117,2079.0,6109,18.15,5.0,2024,0.09837837837837837,0.2857142857142857,1.2075675675675677,1.1524324324324324,0.883495145631068,EXHAUSTION,0.0,0.19999999999999996,0.0,4,ELEVATED (25-35%),ACCELERATING (1.2-1.5),NEGATIVE (<1x),EXTREME (>1.0)
2024-12-19,166,174,0.19,0.19,927,1120,88,97.0,21,31,1093,2151.0,6111,18.33,5.0,2025,0.09492988133764833,0.23863636363636365,1.1790722761596548,1.2081984897518878,0.9072164948453608,EXHAUSTION,0.0,0.0,0.0,4,NORMAL (15-25%),SLIGHT ACCEL (1.0-1.2),NEGATIVE (<1x),EXTREME (>1.0)
2024-12-19,166,174,0.41,0.64,927,1120,88,97.0,21,31,1093,2151.0,6111,18.33,5.0,2024,0.09492988133764833,0.23863636363636365,1.1790722761596548,1.2081984897518878,0.9072164948453608,EXHAUSTION,0.19999999999999996,0.0,0.0,4,NORMAL (15-25%),SLIGHT ACCEL (1.0-1.2),NEGATIVE (<1x),EXTREME (>1.0)
2024-12-20,442,137,0.57,0.68,986,1057,88,93.0,19,28,1181,2003.0,6114,20.96,5.0,2024,0.08924949290060852,0.2159090909090909,1.1977687626774849,1.0720081135902637,0.946236559139785,EXHAUSTION,0.19999999999999996,0.0,0.0,4,NORMAL (15-25%),SLIGHT ACCEL (1.0-1.2),NEGATIVE (<1x),EXTREME (>1.0)
2024-12-20,442,137,0.44,0.44,986,1057,88,93.0,19,28,1181,2003.0,6114,20.96,5.0,2025,0.08924949290060852,0.2159090909090909,1.1977687626774849,1.0720081135902637,0.946236559139785,EXHAUSTION,0.19999999999999996,0.0,0.0,4,NORMAL (15-25%),SLIGHT ACCEL (1.0-1.2),NEGATIVE (<1x),EXTREME (>1.0)
2024-12-23,181,80,0.57,0.64,1011,1057,79,106.0,22,25,1123,2021.0,6114,20.97,5.0,2024,0.0781404549950544,0.27848101265822783,1.1107814045499504,1.0454995054401583,0.7452830188679245,EXHAUSTION,0.19999999999999996,0.0,0.0,3,ELEVATED (25-35%),SLIGHT ACCEL (1.0-1.2),NEGATIVE (<1x),EXTREME (>1.0)
2024-12-23,181,80,0.52,0.52,1011,1057,79,106.0,22,25,1123,2021.0,6114,20.97,5.0,2025,0.0781404549950544,0.27848101265822783,1.1107814045499504,1.0454995054401583,0.7452830188679245,EXHAUSTION,0.0,0.0,0.0,3,ELEVATED (25-35%),SLIGHT ACCEL (1.0-1.2),NEGATIVE (<1x),EXTREME (>1.0)
2024-12-24,147,32,0.6,0.67,1065,1024,78,122.0,20,26,1105,1847.0,6107,24.33,6.0,2024,0.07323943661971831,0.2564102564102564,1.0375586854460095,0.9615023474178404,0.639344262295082,EXHAUSTION,-0.16666666666666663,-0.16666666666666663,-0.16666666666666663,2,ELEVATED (25-35%),SLIGHT ACCEL (1.0-1.2),NEGATIVE (<1x),HIGH (0.7-1.0)
2024-12-24,147,32,0.6,0.6,1065,1024,78,122.0,20,26,1105,1847.0,6107,24.33,6.0,2025,0.07323943661971831,0.2564102564102564,1.0375586854460095,0.9615023474178404,0.639344262295082,EXHAUSTION,-0.16666666666666663,-0.16666666666666663,0.0,2,ELEVATED (25-35%),SLIGHT ACCEL (1.0-1.2),NEGATIVE (<1x),HIGH (0.7-1.0)
2024-12-26,542,59,3.07,0.81,1148,963,96,97.0,33,24,1218,1658.0,6106,26.16,6.0,2024,0.08362369337979095,0.34375,1.0609756097560976,0.8388501742160279,0.9896907216494846,EXHAUSTION,-0.16666666666666663,-0.16666666666666663,0.0,3,ELEVATED (25-35%),SLIGHT ACCEL (1.0-1.2),NEGATIVE (<1x),HIGH (0.7-1.0)
2024-12-26,542,59,3.07,0.87,1148,963,96,97.0,33,24,1218,1658.0,6106,26.16,6.0,2025,0.08362369337979095,0.34375,1.0609756097560976,0.8388501742160279,0.9896907216494846,EXHAUSTION,-0.16666666666666663,-0.16666666666666663,0.0,3,ELEVATED (25-35%),SLIGHT ACCEL (1.0-1.2),NEGATIVE (<1x),HIGH (0.7-1.0)
2024-12-27,203,182,3.09,0.89,1109,993,81,111.0,29,24,1130,1804.0,6108,21.19,5.0,2024,0.07303877366997295,0.35802469135802467,1.0189359783588818,0.8954012623985572,0.7297297297297297,EXHAUSTION,0.0,0.0,0.19999999999999996,2,HIGH (35-50%),SLIGHT ACCEL (1.0-1.2),NEGATIVE (<1x),HIGH (0.7-1.0)
2024-12-27,203,182,3.09,0.9,1109,993,81,111.0,29,24,1130,1804.0,6108,21.19,5.0,2025,0.07303877366997295,0.35802469135802467,1.0189359783588818,0.8954012623985572,0.7297297297297297,EXHAUSTION,0.0,0.0,0.19999999999999996,2,HIGH (35-50%),SLIGHT ACCEL (1.0-1.2),NEGATIVE (<1x),HIGH (0.7-1.0)
2024-12-30,262,205,2.39,0.93,1098,1029,66,141.0,26,23,1091,1886.0,6107,18.66,5.0,2025,0.060109289617486336,0.3939393939393939,0.9936247723132969,0.9371584699453552,0.46808510638297873,EXHAUSTION,0.0,0.0,0.19999999999999996,1,HIGH (35-50%),FLAT (0.8-1.0),NEGATIVE (<1x),HIGH (0.7-1.0)
2024-12-30,262,205,2.39,0.95,1098,1029,66,141.0,26,23,1091,1886.0,6107,18.66,5.0,2024,0.060109289617486336,0.3939393939393939,0.9936247723132969,0.9371584699453552,0.46808510638297873,EXHAUSTION,0.0,0.0,0.19999999999999996,1,HIGH (35-50%),FLAT (0.8-1.0),NEGATIVE (<1x),HIGH (0.7-1.0)
2024-12-31,207,138,2.21,0.96,1088,1035,65,128.0,24,22,1104,1840.0,6106,19.47,5.0,2024,0.05974264705882353,0.36923076923076925,1.0147058823529411,0.9512867647058824,0.5078125,EXHAUSTION,0.0,0.0,0.19999999999999996,1,HIGH (35-50%),SLIGHT ACCEL (1.0-1.2),NEGATIVE (<1x),HIGH (0.7-1.0)
2024-12-31,207,138,2.21,0.96,1088,1035,65,128.0,24,22,1104,1840.0,6106,19.47,5.0,2025,0.05974264705882353,0.36923076923076925,1.0147058823529411,0.9512867647058824,0.5078125,EXHAUSTION,0.0,0.0,0.19999999999999996,1,HIGH (35-50%),SLIGHT ACCEL (1.0-1.2),NEGATIVE (<1x),HIGH (0.7-1.0)
2025-01-02,436,68,2.53,1.12,1140,989,65,103.0,28,22,1209,1776.0,6108,21.68,5.0,2025,0.05701754385964912,0.4307692307692308,1.0605263157894738,0.8675438596491228,0.6310679611650486,EXHAUSTION,0.0,0.0,0.0,1,HIGH (35-50%),SLIGHT ACCEL (1.0-1.2),NEGATIVE (<1x),HIGH (0.7-1.0)
2025-01-03,476,62,2.42,2.69,1244,923,74,92.0,33,22,1390,1503.0,6111,24.89,5.0,2025,0.0594855305466238,0.44594594594594594,1.117363344051447,0.7419614147909968,0.8043478260869565,EXHAUSTION,0.0,0.19999999999999996,0.19999999999999996,1,HIGH (35-50%),SLIGHT ACCEL (1.0-1.2),NEGATIVE (<1x),HIGH (0.7-1.0)
2025-01-06,374,206,2.58,2.8,1268,929,82,81.0,29,23,1395,1567.0,6104,24.84,5.0,2025,0.06466876971608833,0.35365853658536583,1.1001577287066246,0.7326498422712934,1.0123456790123457,EXHAUSTION,0.0,0.19999999999999996,0.19999999999999996,1,HIGH (35-50%),SLIGHT ACCEL (1.0-1.2),WEAK (1-2x),HIGH (0.7-1.0)
2025-01-07,179,173,2.58,2.5,1213,976,74,99.0,26,19,1329,1741.0,6106,23.89,5.0,2025,0.06100577081615829,0.35135135135135137,1.0956306677658698,0.8046166529266282,0.7474747474747475,EXHAUSTION,0.0,0.19999999999999996,0.19999999999999996,1,HIGH (35-50%),SLIGHT ACCEL (1.0-1.2),NEGATIVE (<1x),HIGH (0.7-1.0)
2025-01-08,114,339,1.86,2.01,1119,1109,62,108.0,14,20,1186,1941.0,6108,22.74,5.0,2025,0.05540661304736372,0.22580645161290322,1.0598748882931188,0.9910634495084897,0.5740740740740741,EXHAUSTION,0.0,0.19999999999999996,0.19999999999999996,1,NORMAL (15-25%),SLIGHT ACCEL (1.0-1.2),NEGATIVE (<1x),HIGH (0.7-1.0)
2025-01-10,176,486,1.04,1.55,1036,1195,48,130.0,12,22,1071,2306.0,6104,20.41,5.0,2025,0.04633204633204633,0.25,1.0337837837837838,1.1534749034749034,0.36923076923076925,EXHAUSTION,0.0,0.19999999999999996,0.19999999999999996,0,NORMAL (15-25%),SLIGHT ACCEL (1.0-1.2),NEGATIVE (<1x),EXTREME (>1.0)
2025-01-13,188,331,0.67,1.19,1034,1227,41,148.0,10,22,996,2283.0,6107,21.99,5.0,2025,0.039651837524177946,0.24390243902439024,0.9632495164410058,1.1866537717601546,0.27702702702702703,EXHAUSTION,0.19999999999999996,0.19999999999999996,0.19999999999999996,0,NORMAL (15-25%),FLAT (0.8-1.0),NEGATIVE (<1x),EXTREME (>1.0)
2025-01-14,234,188,0.59,1.2,1042,1239,50,113.0,12,19,1004,2115.0,6104,25.51,5.0,2025,0.04798464491362764,0.24,0.963531669865643,1.189059500959693,0.4424778761061947,EXHAUSTION,0.19999999999999996,0.19999999999999996,0.19999999999999996,0,NORMAL (15-25%),FLAT (0.8-1.0),NEGATIVE (<1x),EXTREME (>1.0)
2025-01-15,472,103,0.82,1.36,1121,1130,66,82.0,15,18,1136,1878.0,6102,30.94,5.0,2025,0.058876003568242644,0.22727272727272727,1.0133809099018734,1.008028545941124,0.8048780487804879,EXHAUSTION,0.19999999999999996,0.19999999999999996,0.19999999999999996,1,NORMAL (15-25%),SLIGHT ACCEL (1.0-1.2),NEGATIVE (<1x),EXTREME (>1.0)
2025-01-16,193,147,1.01,1.35,1120,1133,68,94.0,17,19,1161,1794.0,6108,35.26,5.0,2025,0.060714285714285714,0.25,1.0366071428571428,1.011607142857143,0.723404255319149,EXHAUSTION,0.19999999999999996,0.19999999999999996,0.19999999999999996,1,NORMAL (15-25%),SLIGHT ACCEL (1.0-1.2),NEGATIVE (<1x),EXTREME (>1.0)
2025-01-17,232,88,1.54,1.24,1157,1113,66,88.0,12,16,1225,1700.0,6106,37.27,5.0,2025,0.05704407951598963,0.18181818181818182,1.0587726879861712,0.9619706136560069,0.75,EXHAUSTION,0.19999999999999996,0.0,0.19999999999999996,1,NORMAL (15-25%),SLIGHT ACCEL (1.0-1.2),NEGATIVE (<1x),HIGH (0.7-1.0)
2025-01-21,431,192,2.18,1.15,1237,1057,136,55.0,20,11,1436,1539.0,6107,47.82,6.0,2025,0.1099434114793856,0.14705882352941177,1.1608730800323364,0.8544866612772838,2.4727272727272727,EXHAUSTION,0.0,0.0,0.0,5,LOW (<15%),SLIGHT ACCEL (1.0-1.2),MODERATE (2-3x),HIGH (0.7-1.0)
2025-01-22,209,186,2.15,1.09,1221,1079,136,57.0,19,13,1393,1612.0,6107,42.61,6.0,2025,0.11138411138411139,0.13970588235294118,1.140868140868141,0.8837018837018837,2.3859649122807016,EXHAUSTION,0.0,0.0,0.0,5,LOW (<15%),SLIGHT ACCEL (1.0-1.2),MODERATE (2-3x),HIGH (0.7-1.0)
2025-01-23,230,132,1.74,1.13,1244,1064,133,58.0,26,16,1495,1484.0,6107,44.12,6.0,2025,0.10691318327974277,0.19548872180451127,1.2017684887459807,0.8553054662379421,2.293103448275862,EXHAUSTION,0.0,0.0,0.0,5,NORMAL (15-25%),ACCELERATING (1.2-1.5),MODERATE (2-3x),HIGH (0.7-1.0)
2025-01-24,228,119,1.85,1.31,1252,1062,120,57.0,22,14,1490,1469.0,6105,45.27,6.0,2025,0.09584664536741214,0.18333333333333332,1.1900958466453675,0.8482428115015974,2.1052631578947367,EXHAUSTION,0.0,0.0,-0.16666666666666663,4,NORMAL (15-25%),SLIGHT ACCEL (1.0-1.2),MODERATE (2-3x),HIGH (0.7-1.0)
2025-01-27,175,523,1.11,1.29,1133,1137,95,89.0,13,20,1353,1537.0,6106,46.78,6.0,2025,0.08384819064430715,0.1368421052631579,1.1941747572815533,1.0035304501323918,1.0674157303370786,EXHAUSTION,-0.16666666666666663,0.0,-0.16666666666666663,3,LOW (<15%),SLIGHT ACCEL (1.0-1.2),WEAK (1-2x),EXTREME (>1.0)
2025-01-28,180,157,0.91,1.41,1176,1113,88,107.0,16,28,1380,1516.0,6101,44.43,6.0,2025,0.07482993197278912,0.18181818181818182,1.1734693877551021,0.9464285714285714,0.822429906542056,EXHAUSTION,0.0,0.0,-0.16666666666666663,2,NORMAL (15-25%),SLIGHT ACCEL (1.0-1.2),NEGATIVE (<1x),HIGH (0.7-1.0)
2025-01-29,136,173,0.86,1.37,1140,1109,101,110.0,15,29,1350,1508.0,6101,43.72,6.0,2025,0.08859649122807017,0.1485148514851485,1.1842105263157894,0.9728070175438597,0.9181818181818182,EXHAUSTION,0.0,0.0,-0.16666666666666663,4,LOW (<15%),SLIGHT ACCEL (1.0-1.2),NEGATIVE (<1x),HIGH (0.7-1.0)
2025-01-30,324,146,0.93,1.25,1205,1059,129,99.0,20,36,1533,1390.0,6106,50.6,6.0,2025,0.10705394190871369,0.15503875968992248,1.2721991701244812,0.8788381742738589,1.303030303030303,EXHAUSTION,0.0,0.0,-0.16666666666666663,5,NORMAL (15-25%),ACCELERATING (1.2-1.5),WEAK (1-2x),HIGH (0.7-1.0)
2025-01-31,144,240,0.77,1.17,1113,1101,111,93.0,19,31,1373,1440.0,6105,45.23,6.0,2025,0.09973045822102426,0.17117117117117117,1.2336028751123091,0.9892183288409704,1.1935483870967742,EXHAUSTION,0.0,0.0,-0.16666666666666663,5,NORMAL (15-25%),ACCELERATING (1.2-1.5),WEAK (1-2x),HIGH (0.7-1.0)
2025-02-03,128,313,0.89,1.0,1035,1163,91,117.0,19,36,1217,1534.0,6106,39.76,5.0,2025,0.08792270531400966,0.2087912087912088,1.1758454106280194,1.123671497584541,0.7777777777777778,EXHAUSTION,0.19999999999999996,0.19999999999999996,0.0,3,NORMAL (15-25%),SLIGHT ACCEL (1.0-1.2),NEGATIVE (<1x),EXTREME (>1.0)
2025-02-04,321,108,1.07,0.99,1138,1064,100,122.0,20,36,1399,1325.0,6105,46.06,6.0,2025,0.08787346221441125,0.2,1.2293497363796133,0.9349736379613357,0.819672131147541,EXHAUSTION,0.0,0.0,-0.16666666666666663,3,NORMAL (15-25%),ACCELERATING (1.2-1.5),NEGATIVE (<1x),HIGH (0.7-1.0)
2025-02-05,331,127,1.34,1.08,1180,983,108,119.0,20,31,1569,1238.0,6109,50.64,6.0,2025,0.09152542372881356,0.18518518518518517,1.3296610169491525,0.8330508474576271,0.907563025210084,EXHAUSTION,0.0,0.0,-0.16666666666666663,4,NORMAL (15-25%),ACCELERATING (1.2-1.5),NEGATIVE (<1x),HIGH (0.7-1.0)
2025-02-06,229,241,1.12,1.02,1124,1006,113,115.0,23,34,1559,1241.0,6110,50.36,6.0,2025,0.10053380782918149,0.20353982300884957,1.3870106761565837,0.895017793594306,0.9826086956521739,EXHAUSTION,0.0,0.0,-0.16666666666666663,5,NORMAL (15-25%),ACCELERATING (1.2-1.5),NEGATIVE (<1x),HIGH (0.7-1.0)
2025-02-07,162,318,1.06,0.91,1028,1056,124,97.0,28,32,1376,1276.0,6112,46.88,6.0,2025,0.12062256809338522,0.22580645161290322,1.33852140077821,1.027237354085603,1.2783505154639174,EXHAUSTION,0.0,-0.16666666666666663,-0.16666666666666663,6,NORMAL (15-25%),ACCELERATING (1.2-1.5),WEAK (1-2x),EXTREME (>1.0)
2025-02-10,266,187,1.33,1.1,1030,1029,155,82.0,33,27,1424,1240.0,6111,49.33,6.0,2025,0.15048543689320387,0.2129032258064516,1.3825242718446602,0.9990291262135922,1.8902439024390243,NEUTRAL,0.0,-0.16666666666666663,-0.16666666666666663,8,NORMAL (15-25%),ACCELERATING (1.2-1.5),WEAK (1-2x),HIGH (0.7-1.0)
2025-02-11,166,278,1.0,1.04,926,1062,146,82.0,32,28,1382,1323.0,6114,50.19,6.0,2025,0.15766738660907129,0.2191780821917808,1.4924406047516199,1.1468682505399568,1.7804878048780488,NEUTRAL,0.0,-0.16666666666666663,-0.16666666666666663,8,NORMAL (15-25%),ACCELERATING (1.2-1.5),WEAK (1-2x),EXTREME (>1.0)
2025-02-12,208,166,0.87,1.07,920,1069,139,83.0,32,23,1273,1378.0,6112,45.05,6.0,2025,0.15108695652173912,0.2302158273381295,1.383695652173913,1.1619565217391303,1.6746987951807228,NEUTRAL,0.0,-0.16666666666666663,-0.16666666666666663,8,NORMAL (15-25%),ACCELERATING (1.2-1.5),WEAK (1-2x),EXTREME (>1.0)
2025-02-13,352,138,1.06,1.09,978,999,132,99.0,27,26,1420,1330.0,6115,50.05,6.0,2025,0.13496932515337423,0.20454545454545456,1.4519427402862985,1.021472392638037,1.3333333333333333,EXHAUSTION,0.0,-0.16666666666666663,-0.16666666666666663,7,NORMAL (15-25%),ACCELERATING (1.2-1.5),WEAK (1-2x),EXTREME (>1.0)
2025-02-14,253,191,1.3,1.17,964,1009,117,108.0,31,27,1480,1332.0,6118,48.88,6.0,2025,0.12136929460580913,0.26495726495726496,1.5352697095435686,1.0466804979253113,1.0833333333333333,EXHAUSTION,-0.16666666666666663,-0.16666666666666663,-0.16666666666666663,6,ELEVATED (25-35%),STRONG ACCEL (>1.5),WEAK (1-2x),EXTREME (>1.0)
2025-02-18,319,240,1.28,1.31,1003,974,129,117.0,35,34,1530,1315.0,6121,51.55,6.0,2025,0.12861415752741776,0.2713178294573643,1.5254237288135593,0.9710867397806581,1.1025641025641026,EXHAUSTION,-0.16666666666666663,-0.16666666666666663,-0.16666666666666663,6,ELEVATED (25-35%),STRONG ACCEL (>1.5),WEAK (1-2x),HIGH (0.7-1.0)
2025-02-19,179,202,1.4,1.18,964,981,102,128.0,30,33,1500,1383.0,6119,49.79,6.0,2025,0.10580912863070539,0.29411764705882354,1.5560165975103735,1.0176348547717842,0.796875,EXHAUSTION,-0.16666666666666663,-0.16666666666666663,-0.16666666666666663,5,ELEVATED (25-35%),STRONG ACCEL (>1.5),NEGATIVE (<1x),EXTREME (>1.0)
2025-02-20,155,237,1.25,1.04,913,1007,85,136.0,25,30,1387,1460.0,6117,47.33,6.0,2025,0.09309967141292443,0.29411764705882354,1.5191675794085433,1.1029572836801753,0.625,EXHAUSTION,-0.16666666666666663,-0.16666666666666663,-0.16666666666666663,4,ELEVATED (25-35%),STRONG ACCEL (>1.5),NEGATIVE (<1x),EXTREME (>1.0)
2025-02-21,113,658,0.67,0.83,779,1153,61,184.0,16,35,1115,1743.0,6116,38.6,6.0,2025,0.07830551989730423,0.26229508196721313,1.4313222079589216,1.4801026957637997,0.33152173913043476,EXHAUSTION,-0.16666666666666663,-0.16666666666666663,-0.16666666666666663,3,ELEVATED (25-35%),ACCELERATING (1.2-1.5),NEGATIVE (<1x),EXTREME (>1.0)
2025-02-24,115,379,0.51,0.79,725,1238,56,203.0,15,36,1000,1861.0,6116,37.29,5.0,2025,0.07724137931034483,0.26785714285714285,1.3793103448275863,1.7075862068965517,0.27586206896551724,EXHAUSTION,0.0,0.0,0.0,2,ELEVATED (25-35%),ACCELERATING (1.2-1.5),NEGATIVE (<1x),EXTREME (>1.0)
2025-02-25,152,408,0.38,0.69,667,1296,52,174.0,12,33,952,1904.0,6115,39.22,5.0,2025,0.07796101949025487,0.23076923076923078,1.4272863568215892,1.9430284857571214,0.2988505747126437,EXHAUSTION,0.0,0.0,0.0,3,NORMAL (15-25%),ACCELERATING (1.2-1.5),NEGATIVE (<1x),EXTREME (>1.0)
2025-02-26,200,144,0.4,0.74,692,1290,57,182.0,14,35,978,1843.0,6116,37.83,5.0,2025,0.08236994219653179,0.24561403508771928,1.4132947976878614,1.8641618497109826,0.3131868131868132,EXHAUSTION,0.0,0.0,0.0,3,NORMAL (15-25%),ACCELERATING (1.2-1.5),NEGATIVE (<1x),EXTREME (>1.0)
2025-02-27,131,501,0.34,0.64,600,1404,41,219.0,7,37,889,2015.0,6118,35.34,5.0,2025,0.06833333333333333,0.17073170731707318,1.4816666666666667,2.34,0.1872146118721461,EXHAUSTION,0.0,0.0,0.0,2,NORMAL (15-25%),ACCELERATING (1.2-1.5),NEGATIVE (<1x),EXTREME (>1.0)
2025-02-28,240,200,0.51,0.59,632,1391,44,241.0,10,32,996,1929.0,6121,37.63,5.0,2025,0.06962025316455696,0.22727272727272727,1.5759493670886076,2.2009493670886076,0.1825726141078838,EXHAUSTION,0.0,0.0,0.0,2,NORMAL (15-25%),STRONG ACCEL (>1.5),NEGATIVE (<1x),EXTREME (>1.0)
2025-03-03,67,832,0.38,0.44,500,1584,29,313.0,6,41,765,2207.0,6119,30.8,5.0,2025,0.058,0.20689655172413793,1.53,3.168,0.0926517571884984,EXHAUSTION,0.0,0.0,0.0,1,NORMAL (15-25%),STRONG ACCEL (>1.5),NEGATIVE (<1x),EXTREME (>1.0)
2025-03-04,195,347,0.41,0.4,490,1622,33,284.0,8,40,621,2320.0,6116,25.56,5.0,2025,0.0673469387755102,0.24242424242424243,1.2673469387755103,3.3102040816326532,0.11619718309859155,EXHAUSTION,0.0,0.0,0.0,2,NORMAL (15-25%),ACCELERATING (1.2-1.5),NEGATIVE (<1x),EXTREME (>1.0)
2025-03-05,276,75,0.46,0.43,561,1512,40,292.0,9,33,763,2171.0,6117,28.43,5.0,2025,0.07130124777183601,0.225,1.3600713012477719,2.695187165775401,0.136986301369863,EXHAUSTION,0.0,0.0,0.0,2,NORMAL (15-25%),ACCELERATING (1.2-1.5),NEGATIVE (<1x),EXTREME (>1.0)
2025-03-06,166,422,0.5,0.42,496,1583,27,364.0,6,45,681,2296.0,6122,25.85,5.0,2025,0.05443548387096774,0.2222222222222222,1.372983870967742,3.191532258064516,0.07417582417582418,EXHAUSTION,0.0,0.0,0.0,1,NORMAL (15-25%),ACCELERATING (1.2-1.5),NEGATIVE (<1x),EXTREME (>1.0)
2025-03-07,299,160,0.55,0.53,524,1544,28,334.0,6,38,771,2245.0,6126,29.36,5.0,2025,0.05343511450381679,0.21428571428571427,1.4713740458015268,2.946564885496183,0.08383233532934131,EXHAUSTION,0.0,0.0,0.0,1,NORMAL (15-25%),ACCELERATING (1.2-1.5),NEGATIVE (<1x),EXTREME (>1.0)
2025-03-10,89,954,0.52,0.45,425,1714,33,415.0,8,44,598,2566.0,6124,24.01,5.0,2025,0.07764705882352942,0.24242424242424243,1.4070588235294117,4.0329411764705885,0.07951807228915662,EXHAUSTION,0.0,0.0,0.0,3,NORMAL (15-25%),ACCELERATING (1.2-1.5),NEGATIVE (<1x),EXTREME (>1.0)
2025-03-11,253,221,0.59,0.5,438,1691,35,418.0,9,51,609,2582.0,6121,21.0,5.0,2025,0.07990867579908675,0.2571428571428571,1.3904109589041096,3.8607305936073057,0.08373205741626795,EXHAUSTION,0.0,0.0,-0.19999999999999996,3,ELEVATED (25-35%),ACCELERATING (1.2-1.5),NEGATIVE (<1x),EXTREME (>1.0)
2025-03-12,260,136,0.56,0.51,474,1612,33,345.0,8,37,658,2544.0,6122,19.47,5.0,2025,0.06962025316455696,0.24242424242424243,1.3881856540084387,3.4008438818565403,0.09565217391304348,EXHAUSTION,0.0,0.0,0.0,2,NORMAL (15-25%),ACCELERATING (1.2-1.5),NEGATIVE (<1x),EXTREME (>1.0)
2025-03-13,119,381,0.55,0.53,439,1725,25,402.0,5,43,604,2693.0,6122,17.18,5.0,2025,0.05694760820045558,0.2,1.3758542141230068,3.929384965831435,0.06218905472636816,EXHAUSTION,0.0,0.0,0.0,1,NORMAL (15-25%),ACCELERATING (1.2-1.5),NEGATIVE (<1x),EXTREME (>1.0)
2025-03-14,472,81,0.67,0.61,506,1564,32,354.0,8,42,784,2419.0,6121,22.62,5.0,2025,0.06324110671936758,0.25,1.5494071146245059,3.090909090909091,0.0903954802259887,EXHAUSTION,0.0,0.0,0.0,1,NORMAL (15-25%),STRONG ACCEL (>1.5),NEGATIVE (<1x),EXTREME (>1.0)
2025-03-17,387,99,1.62,0.87,584,1482,41,310.0,6,40,998,2251.0,6122,26.64,5.0,2025,0.0702054794520548,0.14634146341463414,1.7089041095890412,2.537671232876712,0.13225806451612904,EXHAUSTION,0.0,0.0,0.0,2,LOW (<15%),STRONG ACCEL (>1.5),NEGATIVE (<1x),EXTREME (>1.0)
2025-03-18,108,225,1.46,0.88,554,1507,35,366.0,10,38,887,2301.0,6123,26.06,5.0,2025,0.0631768953068592,0.2857142857142857,1.6010830324909748,2.720216606498195,0.09562841530054644,EXHAUSTION,0.0,0.0,0.0,1,ELEVATED (25-35%),STRONG ACCEL (>1.5),NEGATIVE (<1x),EXTREME (>1.0)
2025-03-19,310,72,1.63,0.9,600,1400,39,290.0,11,39,1040,2115.0,6123,29.22,5.0,2025,0.065,0.28205128205128205,1.7333333333333334,2.3333333333333335,0.13448275862068965,EXHAUSTION,0.0,0.0,0.0,1,ELEVATED (25-35%),STRONG ACCEL (>1.5),NEGATIVE (<1x),EXTREME (>1.0)
2025-03-20,157,161,2.25,0.99,602,1401,37,262.0,12,41,998,2159.0,6124,28.02,5.0,2025,0.061461794019933555,0.32432432432432434,1.6578073089700998,2.3272425249169437,0.14122137404580154,EXHAUSTION,0.0,0.0,0.0,1,ELEVATED (25-35%),STRONG ACCEL (>1.5),NEGATIVE (<1x),EXTREME (>1.0)
2025-03-21,222,223,1.52,0.93,584,1416,50,187.0,15,33,955,2195.0,6125,24.06,5.0,2025,0.08561643835616438,0.3,1.6352739726027397,2.4246575342465753,0.26737967914438504,EXHAUSTION,0.0,0.0,0.0,3,ELEVATED (25-35%),STRONG ACCEL (>1.5),NEGATIVE (<1x),EXTREME (>1.0)
2025-03-24,251,86,1.37,1.51,641,1277,57,129.0,15,25,1182,1943.0,6126,31.12,5.0,2025,0.08892355694227769,0.2631578947368421,1.84399375975039,1.9921996879875195,0.4418604651162791,EXHAUSTION,0.0,0.0,0.0,4,ELEVATED (25-35%),STRONG ACCEL (>1.5),NEGATIVE (<1x),EXTREME (>1.0)
2025-03-25,115,248,1.34,1.4,617,1296,59,109.0,14,24,1075,2003.0,6125,28.84,5.0,2025,0.09562398703403566,0.23728813559322035,1.7423014586709886,2.1004862236628847,0.5412844036697247,EXHAUSTION,0.0,-0.19999999999999996,0.0,4,NORMAL (15-25%),STRONG ACCEL (>1.5),NEGATIVE (<1x),EXTREME (>1.0)
2025-03-26,107,299,0.84,1.2,546,1357,46,138.0,11,26,933,2050.0,6127,29.17,5.0,2025,0.08424908424908426,0.2391304347826087,1.7087912087912087,2.4853479853479854,0.3333333333333333,EXHAUSTION,0.0,0.0,0.0,3,NORMAL (15-25%),STRONG ACCEL (>1.5),NEGATIVE (<1x),EXTREME (>1.0)
2025-03-27,162,192,0.82,1.36,551,1348,61,104.0,12,25,930,1977.0,6125,29.46,5.0,2025,0.11070780399274047,0.19672131147540983,1.6878402903811252,2.4464609800362975,0.5865384615384616,EXHAUSTION,0.0,0.0,0.0,5,NORMAL (15-25%),STRONG ACCEL (>1.5),NEGATIVE (<1x),EXTREME (>1.0)
2025-03-28,49,581,0.49,0.85,459,1504,41,142.0,12,26,707,2266.0,6128,24.2,5.0,2025,0.08932461873638345,0.2926829268292683,1.5403050108932461,3.2766884531590414,0.2887323943661972,EXHAUSTION,0.0,0.0,0.0,4,ELEVATED (25-35%),STRONG ACCEL (>1.5),NEGATIVE (<1x),EXTREME (>1.0)
2025-03-31,92,414,0.3,0.63,431,1556,37,118.0,12,25,674,2313.0,6129,25.02,5.0,2025,0.08584686774941995,0.32432432432432434,1.5638051044083527,3.6102088167053363,0.3135593220338983,EXHAUSTION,0.0,0.0,0.0,3,ELEVATED (25-35%),STRONG ACCEL (>1.5),NEGATIVE (<1x),EXTREME (>1.0)
2025-04-01,142,255,0.32,0.63,425,1552,42,124.0,13,27,691,2255.0,6132,27.56,5.0,2025,0.0988235294117647,0.30952380952380953,1.6258823529411766,3.651764705882353,0.3387096774193548,EXHAUSTION,-0.19999999999999996,0.0,0.0,4,ELEVATED (25-35%),STRONG ACCEL (>1.5),NEGATIVE (<1x),EXTREME (>1.0)
2025-04-02,303,87,0.49,0.63,470,1444,43,121.0,16,24,840,2080.0,6128,30.89,5.0,2025,0.09148936170212765,0.37209302325581395,1.7872340425531914,3.072340425531915,0.35537190082644626,EXHAUSTION,0.0,0.0,0.0,4,HIGH (35-50%),STRONG ACCEL (>1.5),NEGATIVE (<1x),EXTREME (>1.0)
2025-04-03,67,1973,0.2,0.35,371,1877,34,216.0,12,30,518,2755.0,6130,18.03,5.0,2025,0.09164420485175202,0.35294117647058826,1.3962264150943395,5.059299191374663,0.1574074074074074,EXHAUSTION,0.0,0.0,0.0,4,HIGH (35-50%),ACCELERATING (1.2-1.5),NEGATIVE (<1x),EXTREME (>1.0)
2025-04-04,107,1885,0.15,0.23,273,2233,28,375.0,13,29,339,3155.0,6128,7.08,5.0,2025,0.10256410256410256,0.4642857142857143,1.2417582417582418,8.179487179487179,0.07466666666666667,EXHAUSTION,0.0,0.0,0.0,5,HIGH (35-50%),ACCELERATING (1.2-1.5),NEGATIVE (<1x),EXTREME (>1.0)
2025-04-07,172,399,0.17,0.21,257,2301,24,262.0,9,28,337,3289.0,6127,4.93,5.0,2025,0.0933852140077821,0.375,1.311284046692607,8.95330739299611,0.0916030534351145,EXHAUSTION,0.0,0.0,0.0,4,HIGH (35-50%),ACCELERATING (1.2-1.5),NEGATIVE (<1x),EXTREME (>1.0)
2025-04-08,94,438,0.16,0.2,224,2469,17,407.0,8,30,278,3408.0,6129,4.12,4.0,2025,0.07589285714285714,0.47058823529411764,1.2410714285714286,11.022321428571429,0.04176904176904177,EXHAUSTION,0.25,0.25,0.25,2,HIGH (35-50%),ACCELERATING (1.2-1.5),NEGATIVE (<1x),
2025-04-09,2443,58,0.61,0.58,363,1871,29,158.0,9,23,1223,2606.0,6126,10.63,5.0,2025,0.07988980716253444,0.3103448275862069,3.369146005509642,5.15426997245179,0.18354430379746836,EXHAUSTION,0.0,0.0,0.0,3,ELEVATED (25-35%),STRONG ACCEL (>1.5),NEGATIVE (<1x),EXTREME (>1.0)
2025-04-10,78,171,0.98,0.57,309,2224,25,242.0,10,25,589,2992.0,6127,8.52,5.0,2025,0.08090614886731391,0.4,1.9061488673139158,7.197411003236246,0.10330578512396695,EXHAUSTION,0.0,0.0,0.0,3,HIGH (35-50%),STRONG ACCEL (>1.5),NEGATIVE (<1x),EXTREME (>1.0)
2025-04-11,373,78,2.76,0.67,384,2107,25,249.0,8,21,884,2803.0,6128,13.46,5.0,2025,0.06510416666666667,0.32,2.3020833333333335,5.486979166666667,0.10040160642570281,EXHAUSTION,0.0,0.0,0.0,1,ELEVATED (25-35%),STRONG ACCEL (>1.5),NEGATIVE (<1x),EXTREME (>1.0)
2025-04-14,348,104,3.93,0.76,443,2002,25,251.0,7,22,1068,2629.0,6126,16.57,5.0,2025,0.056433408577878104,0.28,2.4108352144469527,4.519187358916478,0.099601593625498,EXHAUSTION,0.0,0.0,0.0,1,ELEVATED (25-35%),STRONG ACCEL (>1.5),NEGATIVE (<1x),EXTREME (>1.0)
2025-04-15,172,121,6.42,0.78,474,1973,29,236.0,5,21,1075,2543.0,6126,16.38,5.0,2025,0.06118143459915612,0.1724137931034483,2.2679324894514767,4.162447257383966,0.1228813559322034,EXHAUSTION,0.0,0.0,0.0,1,NORMAL (15-25%),STRONG ACCEL (>1.5),NEGATIVE (<1x),EXTREME (>1.0)
2025-04-16,146,267,1.51,0.73,447,2017,22,311.0,5,22,931,2628.0,6123,14.89,5.0,2025,0.049217002237136466,0.22727272727272727,2.082774049217002,4.512304250559284,0.0707395498392283,EXHAUSTION,0.0,0.0,0.0,0,NORMAL (15-25%),STRONG ACCEL (>1.5),NEGATIVE (<1x),EXTREME (>1.0)
2025-04-17,269,82,2.01,1.17,491,1958,26,248.0,3,20,1117,2402.0,6119,18.41,5.0,2025,0.05295315682281059,0.11538461538461539,2.274949083503055,3.9877800407331976,0.10483870967741936,EXHAUSTION,0.0,0.0,0.0,1,LOW (<15%),STRONG ACCEL (>1.5),NEGATIVE (<1x),EXTREME (>1.0)
2025-04-21,171,374,1.17,2.04,472,2064,27,294.0,2,31,922,2557.0,6124,13.18,5.0,2025,0.057203389830508475,0.07407407407407407,1.9533898305084745,4.372881355932203,0.09183673469387756,EXHAUSTION,0.0,0.0,0.0,1,LOW (<15%),STRONG ACCEL (>1.5),NEGATIVE (<1x),EXTREME (>1.0)
2025-04-22,576,59,1.48,2.67,583,1875,27,281.0,4,25,1253,2181.0,6124,19.63,5.0,2025,0.04631217838765009,0.14814814814814814,2.1492281303602057,3.216123499142367,0.09608540925266904,EXHAUSTION,0.0,0.0,0.0,0,LOW (<15%),STRONG ACCEL (>1.5),NEGATIVE (<1x),EXTREME (>1.0)
2025-04-23,477,61,1.94,3.67,665,1780,29,185.0,5,23,1527,1928.0,6126,23.03,5.0,2025,0.04360902255639098,0.1724137931034483,2.2962406015037593,2.6766917293233083,0.15675675675675677,EXHAUSTION,0.0,0.0,0.0,0,NORMAL (15-25%),STRONG ACCEL (>1.5),NEGATIVE (<1x),EXTREME (>1.0)
2025-04-24,454,70,3.01,2.21,857,1600,49,120.0,8,16,2004,1650.0,6125,31.54,5.0,2025,0.057176196032672114,0.16326530612244897,2.338389731621937,1.866977829638273,0.4083333333333333,EXHAUSTION,0.0,0.0,0.0,1,NORMAL (15-25%),STRONG ACCEL (>1.5),NEGATIVE (<1x),EXTREME (>1.0)
2025-04-25,179,122,2.71,2.37,878,1589,51,110.0,6,16,2020,1601.0,6128,31.2,5.0,2025,0.05808656036446469,0.11764705882352941,2.3006833712984056,1.8097949886104783,0.4636363636363636,EXHAUSTION,0.0,0.0,0.0,1,LOW (<15%),STRONG ACCEL (>1.5),NEGATIVE (<1x),EXTREME (>1.0)
2025-04-28,174,121,4.3,2.15,902,1575,70,81.0,8,15,2079,1497.0,6127,33.91,5.0,2025,0.07760532150776053,0.11428571428571428,2.3048780487804876,1.746119733924612,0.8641975308641975,EXHAUSTION,0.0,0.0,0.0,3,LOW (<15%),STRONG ACCEL (>1.5),NEGATIVE (<1x),EXTREME (>1.0)
2025-04-29,194,106,3.08,2.03,923,1510,86,69.0,12,13,2183,1456.0,6121,38.46,5.0,2025,0.09317443120260022,0.13953488372093023,2.3651137594799567,1.6359696641386783,1.2463768115942029,EXHAUSTION,0.0,0.0,0.0,4,LOW (<15%),STRONG ACCEL (>1.5),WEAK (1-2x),EXTREME (>1.0)
2025-04-30,223,228,1.89,1.92,922,1546,89,77.0,20,12,2071,1501.0,6123,36.49,5.0,2025,0.09652928416485901,0.2247191011235955,2.2462039045553146,1.6767895878524945,1.155844155844156,EXHAUSTION,0.0,0.0,0.0,4,NORMAL (15-25%),STRONG ACCEL (>1.5),WEAK (1-2x),EXTREME (>1.0)
2025-05-01,259,165,1.39,2.14,978,1534,64,87.0,11,13,2137,1461.0,6124,38.32,5.0,2025,0.065439672801636,0.171875,2.185071574642127,1.5685071574642127,0.735632183908046,EXHAUSTION,0.0,0.0,0.0,1,NORMAL (15-25%),STRONG ACCEL (>1.5),NEGATIVE (<1x),EXTREME (>1.0)
2025-05-02,495,111,1.84,2.26,1172,1393,205,43.0,27,12,2500,1276.0,6125,50.02,5.0,2025,0.17491467576791808,0.13170731707317074,2.1331058020477816,1.1885665529010239,4.767441860465116,NEUTRAL,0.0,0.0,0.0,8,LOW (<15%),STRONG ACCEL (>1.5),STRONG (3-5x),EXTREME (>1.0)
2025-05-05,124,210,1.58,2.52,1107,1434,341,41.0,37,16,2337,1362.0,6125,47.5,5.0,2025,0.3080397470641373,0.10850439882697947,2.111111111111111,1.2953929539295392,8.317073170731707,MID_BULL,0.0,0.0,0.0,9,LOW (<15%),STRONG ACCEL (>1.5),VERY STRONG (>5x),EXTREME (>1.0)
2025-05-06,190,459,1.1,1.68,980,1479,280,43.0,32,16,2147,1520.0,6125,44.81,5.0,2025,0.2857142857142857,0.11428571428571428,2.190816326530612,1.5091836734693878,6.511627906976744,MID_BULL,0.0,0.0,0.0,9,LOW (<15%),STRONG ACCEL (>1.5),VERY STRONG (>5x),EXTREME (>1.0)
2025-05-07,230,207,1.13,1.4,1030,1477,436,39.0,46,10,2173,1497.0,6127,47.31,5.0,2025,0.42330097087378643,0.10550458715596331,2.1097087378640778,1.4339805825242717,11.179487179487179,EARLY_BULL,0.0,0.0,0.0,9,LOW (<15%),STRONG ACCEL (>1.5),VERY STRONG (>5x),EXTREME (>1.0)
2025-05-08,600,176,1.41,1.4,1238,1334,166,52.0,31,15,2442,1281.0,6127,54.8,5.0,2025,0.13408723747980614,0.18674698795180722,1.9725363489499192,1.0775444264943457,3.1923076923076925,EXHAUSTION,0.0,0.0,0.19999999999999996,7,NORMAL (15-25%),STRONG ACCEL (>1.5),STRONG (3-5x),EXTREME (>1.0)
2025-05-09,254,186,1.13,1.39,1268,1320,339,42.0,55,15,2415,1303.0,6127,55.37,5.0,2025,0.26735015772870663,0.16224188790560473,1.9045741324921135,1.0410094637223974,8.071428571428571,MID_BULL,0.0,0.0,0.19999999999999996,9,NORMAL (15-25%),STRONG ACCEL (>1.5),VERY STRONG (>5x),EXTREME (>1.0)
2025-05-12,1230,159,2.11,1.89,1633,1102,475,44.0,67,12,2848,987.0,6132,63.87,5.0,2025,0.2908756889161053,0.14105263157894737,1.7440293937538274,0.6748315982853643,10.795454545454545,MID_BULL,0.0,0.0,0.19999999999999996,9,LOW (<15%),STRONG ACCEL (>1.5),VERY STRONG (>5x),ELEVATED (0.5-0.7)
2025-05-13,338,170,2.95,1.9,1720,1083,472,52.0,70,16,2846,984.0,6131,64.23,5.0,2025,0.2744186046511628,0.1483050847457627,1.6546511627906977,0.6296511627906977,9.076923076923077,MID_BULL,0.0,0.0,0.19999999999999996,9,LOW (<15%),STRONG ACCEL (>1.5),VERY STRONG (>5x),ELEVATED (0.5-0.7)
2025-05-14,193,265,2.74,1.86,1660,1131,452,50.0,84,17,2748,1076.0,6131,60.59,5.0,2025,0.27228915662650605,0.18584070796460178,1.655421686746988,0.6813253012048193,9.04,MID_BULL,0.0,0.0,0.19999999999999996,9,NORMAL (15-25%),STRONG ACCEL (>1.5),VERY STRONG (>5x),ELEVATED (0.5-0.7)
2025-05-15,227,148,2.42,1.86,1657,1091,519,44.0,90,15,2819,989.0,6131,64.99,5.0,2025,0.3132166566083283,0.17341040462427745,1.7012673506336753,0.6584188292094146,11.795454545454545,MID_BULL,0.0,0.0,0.0,9,NORMAL (15-25%),STRONG ACCEL (>1.5),VERY STRONG (>5x),ELEVATED (0.5-0.7)
2025-05-16,332,99,2.76,1.79,1750,1045,509,39.0,95,14,2917,891.0,6134,67.13,5.0,2025,0.29085714285714287,0.18664047151277013,1.6668571428571428,0.5971428571428572,13.051282051282051,MID_BULL,0.0,0.0,0.19999999999999996,9,NORMAL (15-25%),STRONG ACCEL (>1.5),VERY STRONG (>5x),ELEVATED (0.5-0.7)
2025-05-19,209,120,1.62,1.91,1733,1036,606,34.0,124,11,2920,879.0,6138,67.35,5.0,2025,0.34968263127524524,0.20462046204620463,1.684939411425274,0.5978072706289671,17.823529411764707,MID_BULL,0.0,0.0,0.0,9,NORMAL (15-25%),STRONG ACCEL (>1.5),VERY STRONG (>5x),ELEVATED (0.5-0.7)
2025-05-20,242,117,1.61,2.34,1741,991,468,42.0,92,14,2907,869.0,6139,66.35,5.0,2025,0.2688110281447444,0.19658119658119658,1.6697300402067776,0.569213095921884,11.142857142857142,MID_BULL,0.0,0.0,0.0,9,NORMAL (15-25%),STRONG ACCEL (>1.5),VERY STRONG (>5x),ELEVATED (0.5-0.7)
2025-05-21,97,678,0.95,1.76,1495,1128,304,68.0,57,17,2547,989.0,6141,55.09,5.0,2025,0.20334448160535118,0.1875,1.7036789297658863,0.7545150501672241,4.470588235294118,NEUTRAL,0.0,0.0,0.0,9,NORMAL (15-25%),STRONG ACCEL (>1.5),STRONG (3-5x),HIGH (0.7-1.0)
2025-05-22,211,126,0.96,1.61,1499,1068,235,70.0,47,16,2534,892.0,6141,54.0,5.0,2025,0.15677118078719146,0.2,1.6904603068712476,0.7124749833222148,3.357142857142857,NEUTRAL,0.0,0.19999999999999996,0.19999999999999996,8,NORMAL (15-25%),STRONG ACCEL (>1.5),STRONG (3-5x),HIGH (0.7-1.0)
2025-05-23,151,129,0.78,1.61,1453,1015,221,74.0,54,17,2462,979.0,6145,53.26,5.0,2025,0.1520991052993806,0.24434389140271492,1.6944253269098417,0.698554714384033,2.9864864864864864,NEUTRAL,0.0,0.19999999999999996,0.19999999999999996,8,NORMAL (15-25%),STRONG ACCEL (>1.5),MODERATE (2-3x),ELEVATED (0.5-0.7)
2025-05-27,593,125,1.1,1.31,1679,902,275,79.0,61,21,2738,826.0,6147,65.0,5.0,2025,0.16378796902918405,0.22181818181818183,1.6307325789160214,0.5372245384157236,3.481012658227848,NEUTRAL,0.0,0.19999999999999996,0.19999999999999996,8,NORMAL (15-25%),STRONG ACCEL (>1.5),STRONG (3-5x),ELEVATED (0.5-0.7)
2025-05-28,180,129,1.04,1.26,1617,930,248,82.0,59,21,2354,916.0,6149,60.31,5.0,2025,0.1533704390847248,0.23790322580645162,1.4557823129251701,0.575139146567718,3.024390243902439,NEUTRAL,0.0,0.19999999999999996,0.19999999999999996,8,NORMAL (15-25%),ACCELERATING (1.2-1.5),STRONG (3-5x),ELEVATED (0.5-0.7)
2025-05-29,236,134,2.13,1.37,1661,882,250,73.0,59,21,2421,905.0,6150,64.02,5.0,2025,0.15051173991571343,0.236,1.457555689343769,0.5310054184226369,3.4246575342465753,NEUTRAL,0.0,0.19999999999999996,0.19999999999999996,8,NORMAL (15-25%),ACCELERATING (1.2-1.5),STRONG (3-5x),ELEVATED (0.5-0.7)
2025-05-30,154,198,1.84,1.3,1620,874,210,85.0,53,24,2253,987.0,6150,62.88,5.0,2025,0.12962962962962962,0.2523809523809524,1.3907407407407408,0.5395061728395062,2.4705882352941178,EXHAUSTION,0.19999999999999996,0.0,0.19999999999999996,7,ELEVATED (25-35%),ACCELERATING (1.2-1.5),MODERATE (2-3x),ELEVATED (0.5-0.7)
2025-06-02,344,125,2.12,1.28,1629,857,181,83.0,49,26,2211,1019.0,6154,61.42,5.0,2025,0.1111111111111111,0.27071823204419887,1.3572744014732965,0.5260896255371393,2.180722891566265,EXHAUSTION,0.19999999999999996,0.19999999999999996,0.19999999999999996,5,ELEVATED (25-35%),ACCELERATING (1.2-1.5),MODERATE (2-3x),ELEVATED (0.5-0.7)
2025-06-03,459,94,2.02,1.44,1776,747,218,74.0,55,23,2370,874.0,6152,65.87,5.0,2025,0.12274774774774774,0.25229357798165136,1.3344594594594594,0.4206081081081081,2.945945945945946,EXHAUSTION,0.19999999999999996,0.0,0.19999999999999996,6,ELEVATED (25-35%),ACCELERATING (1.2-1.5),MODERATE (2-3x),MODERATE (0.3-0.5)
2025-06-04,259,92,2.26,1.47,1783,718,252,56.0,72,20,2346,878.0,6153,64.67,5.0,2025,0.14133482893998878,0.2857142857142857,1.3157599551318004,0.4026920919798093,4.5,EXHAUSTION,0.19999999999999996,0.0,0.19999999999999996,7,ELEVATED (25-35%),ACCELERATING (1.2-1.5),STRONG (3-5x),MODERATE (0.3-0.5)
2025-06-05,186,212,1.94,2.03,1774,731,234,58.0,64,22,2273,939.0,6156,63.06,5.0,2025,0.1319052987598647,0.27350427350427353,1.2812852311161218,0.4120631341600902,4.0344827586206895,EXHAUSTION,0.19999999999999996,0.0,0.19999999999999996,7,ELEVATED (25-35%),ACCELERATING (1.2-1.5),STRONG (3-5x),MODERATE (0.3-0.5)
2025-06-06,416,57,2.87,2.3,1910,659,216,53.0,56,20,2456,835.0,6156,66.6,6.0,2025,0.1130890052356021,0.25925925925925924,1.2858638743455497,0.3450261780104712,4.0754716981132075,EXHAUSTION,-0.16666666666666663,0.0,0.0,6,ELEVATED (25-35%),ACCELERATING (1.2-1.5),STRONG (3-5x),MODERATE (0.3-0.5)
2025-06-09,390,132,2.91,2.48,1976,636,230,58.0,55,22,2347,807.0,6157,68.02,6.0,2025,0.11639676113360324,0.2391304347826087,1.187753036437247,0.32186234817813764,3.9655172413793105,EXHAUSTION,0.0,0.0,0.0,6,NORMAL (15-25%),SLIGHT ACCEL (1.0-1.2),STRONG (3-5x),MODERATE (0.3-0.5)
2025-06-10,263,134,2.41,2.21,2033,609,162,53.0,47,23,2326,794.0,6156,68.95,6.0,2025,0.07968519429414658,0.29012345679012347,1.1441219872110182,0.29955730447614365,3.056603773584906,EXHAUSTION,-0.16666666666666663,0.0,0.0,3,ELEVATED (25-35%),SLIGHT ACCEL (1.0-1.2),STRONG (3-5x),LOW (<0.3)
2025-06-11,210,188,2.03,2.14,1985,613,157,52.0,42,21,2145,856.0,6159,66.35,6.0,2025,0.07909319899244333,0.267515923566879,1.0806045340050379,0.308816120906801,3.019230769230769,EXHAUSTION,-0.16666666666666663,0.0,0.0,3,ELEVATED (25-35%),SLIGHT ACCEL (1.0-1.2),STRONG (3-5x),MODERATE (0.3-0.5)
2025-06-12,142,162,2.11,2.03,1951,646,160,51.0,45,19,2044,912.0,6166,66.19,6.0,2025,0.08200922603792926,0.28125,1.0476678626345464,0.33111225012813944,3.1372549019607843,EXHAUSTION,-0.16666666666666663,0.0,0.0,3,ELEVATED (25-35%),SLIGHT ACCEL (1.0-1.2),STRONG (3-5x),MODERATE (0.3-0.5)
2025-06-13,151,527,1.01,1.64,1751,716,127,68.0,32,18,1769,1134.0,6169,53.75,5.0,2025,0.07252998286693318,0.25196850393700787,1.0102798400913764,0.4089091947458595,1.8676470588235294,EXHAUSTION,0.19999999999999996,0.19999999999999996,0.19999999999999996,2,ELEVATED (25-35%),SLIGHT ACCEL (1.0-1.2),WEAK (1-2x),MODERATE (0.3-0.5)
2025-06-16,396,106,1.04,1.69,1853,684,136,68.0,38,23,1910,1021.0,6173,57.71,6.0,2025,0.07339449541284404,0.27941176470588236,1.0307609282245007,0.3691311386940097,2.0,EXHAUSTION,0.0,0.0,0.0,2,ELEVATED (25-35%),SLIGHT ACCEL (1.0-1.2),WEAK (1-2x),MODERATE (0.3-0.5)
2025-06-17,148,291,0.82,1.35,1765,737,113,76.0,41,24,1760,1175.0,6173,51.03,5.0,2025,0.06402266288951841,0.36283185840707965,0.9971671388101983,0.41756373937677055,1.486842105263158,EXHAUSTION,0.19999999999999996,0.19999999999999996,0.19999999999999996,1,HIGH (35-50%),FLAT (0.8-1.0),WEAK (1-2x),MODERATE (0.3-0.5)
2025-06-18,238,119,0.89,1.32,1814,722,118,77.0,34,21,1759,1141.0,6178,50.79,5.0,2025,0.06504961411245866,0.288135593220339,0.9696802646085998,0.3980154355016538,1.5324675324675325,EXHAUSTION,0.19999999999999996,0.19999999999999996,0.19999999999999996,1,ELEVATED (25-35%),FLAT (0.8-1.0),WEAK (1-2x),MODERATE (0.3-0.5)
2025-06-20,219,285,0.87,1.29,1786,744,144,65.0,46,17,1663,1199.0,6182,50.64,5.0,2025,0.08062709966405375,0.3194444444444444,0.931131019036954,0.4165733482642777,2.2153846153846155,EXHAUSTION,0.19999999999999996,0.19999999999999996,0.19999999999999996,3,ELEVATED (25-35%),FLAT (0.8-1.0),MODERATE (2-3x),MODERATE (0.3-0.5)
2025-06-23,181,210,1.17,1.09,1820,765,144,80.0,35,19,1669,1217.0,6188,57.53,6.0,2025,0.07912087912087912,0.24305555555555555,0.917032967032967,0.42032967032967034,1.8,EXHAUSTION,0.0,0.0,0.0,3,NORMAL (15-25%),FLAT (0.8-1.0),WEAK (1-2x),MODERATE (0.3-0.5)
2025-06-24,405,63,1.23,1.13,1936,707,170,60.0,38,19,1834,1050.0,6192,61.23,6.0,2025,0.0878099173553719,0.2235294117647059,0.9473140495867769,0.36518595041322316,2.8333333333333335,EXHAUSTION,0.0,0.0,0.0,3,NORMAL (15-25%),FLAT (0.8-1.0),MODERATE (2-3x),MODERATE (0.3-0.5)
2025-06-25,165,230,1.33,1.03,1877,762,128,69.0,29,19,1692,1145.0,6192,53.48,6.0,2025,0.06819392647842301,0.2265625,0.9014384656366542,0.40596696856686204,1.855072463768116,EXHAUSTION,0.0,0.0,0.0,2,NORMAL (15-25%),FLAT (0.8-1.0),WEAK (1-2x),MODERATE (0.3-0.5)
2025-06-26,357,115,1.47,1.14,1984,711,156,61.0,37,17,1689,1073.0,6193,60.24,6.0,2025,0.07862903225806452,0.23717948717948717,0.8513104838709677,0.35836693548387094,2.557377049180328,EXHAUSTION,0.0,0.0,0.0,3,NORMAL (15-25%),FLAT (0.8-1.0),MODERATE (2-3x),MODERATE (0.3-0.5)
2025-06-27,181,328,1.36,1.07,1979,721,145,58.0,34,13,1648,1095.0,6192,60.11,6.0,2025,0.07326932794340577,0.23448275862068965,0.832743810005053,0.3643254168772107,2.5,EXHAUSTION,0.0,0.0,0.0,2,NORMAL (15-25%),FLAT (0.8-1.0),MODERATE (2-3x),MODERATE (0.3-0.5)
2025-06-30,190,101,1.55,1.34,1991,724,178,51.0,45,19,1556,1083.0,6196,58.47,6.0,2025,0.08940231039678553,0.25280898876404495,0.7815168257157208,0.36363636363636365,3.4901960784313726,EXHAUSTION,0.0,0.0,0.0,4,ELEVATED (25-35%),DECELERATING (<0.8),STRONG (3-5x),MODERATE (0.3-0.5)
2025-07-01,462,169,1.44,1.33,2133,684,172,62.0,36,19,1730,1030.0,6202,64.63,6.0,2025,0.0806375996249414,0.20930232558139536,0.8110642287857478,0.3206751054852321,2.774193548387097,EXHAUSTION,0.0,0.0,0.0,3,NORMAL (15-25%),FLAT (0.8-1.0),MODERATE (2-3x),MODERATE (0.3-0.5)
2025-07-02,413,68,2.05,1.67,2280,624,170,57.0,42,21,2011,935.0,6199,67.05,6.0,2025,0.07456140350877193,0.24705882352941178,0.8820175438596491,0.2736842105263158,2.982456140350877,EXHAUSTION,0.0,0.0,0.0,2,NORMAL (15-25%),FLAT (0.8-1.0),MODERATE (2-3x),LOW (<0.3)
2025-07-03,120,31,1.96,1.68,2340,600,186,54.0,39,19,2126,870.0,6196,69.28,6.0,2025,0.07948717948717948,0.20967741935483872,0.9085470085470085,0.2564102564102564,3.4444444444444446,EXHAUSTION,0.0,0.0,0.0,3,NORMAL (15-25%),FLAT (0.8-1.0),STRONG (3-5x),LOW (<0.3)
2025-07-07,194,411,1.77,1.55,2206,640,175,58.0,43,22,1857,969.0,6200,62.78,6.0,2025,0.07932910244786945,0.24571428571428572,0.841795104261106,0.2901178603807797,3.0172413793103448,EXHAUSTION,0.0,0.0,0.0,3,NORMAL (15-25%),FLAT (0.8-1.0),STRONG (3-5x),LOW (<0.3)
2025-07-08,394,104,2.02,1.78,2306,567,140,58.0,32,21,2033,882.0,6201,64.29,6.0,2025,0.060711188204683436,0.22857142857142856,0.8816131830008673,0.24588031222896792,2.413793103448276,EXHAUSTION,0.0,0.0,0.0,1,NORMAL (15-25%),FLAT (0.8-1.0),MODERATE (2-3x),LOW (<0.3)
2025-07-09,397,89,2.16,1.75,2360,541,138,59.0,35,19,2151,843.0,6202,64.87,6.0,2025,0.05847457627118644,0.2536231884057971,0.9114406779661017,0.22923728813559321,2.3389830508474576,EXHAUSTION,0.0,0.0,0.0,1,ELEVATED (25-35%),FLAT (0.8-1.0),MODERATE (2-3x),LOW (<0.3)
2025-07-10,306,125,1.86,1.96,2436,533,140,55.0,39,21,2265,810.0,6202,66.92,6.0,2025,0.05747126436781609,0.2785714285714286,0.9298029556650246,0.21880131362889985,2.5454545454545454,EXHAUSTION,0.0,0.0,0.0,1,ELEVATED (25-35%),FLAT (0.8-1.0),MODERATE (2-3x),LOW (<0.3)
2025-07-11,160,234,1.51,1.7,2298,568,132,63.0,39,21,2020,925.0,6203,63.29,6.0,2025,0.057441253263707574,0.29545454545454547,0.8790252393385553,0.24717145343777197,2.0952380952380953,EXHAUSTION,0.0,0.0,0.0,1,ELEVATED (25-35%),FLAT (0.8-1.0),MODERATE (2-3x),LOW (<0.3)
2025-07-14,277,155,2.17,1.96,2163,576,142,61.0,42,20,2046,880.0,6201,64.13,6.0,2025,0.06564956079519187,0.29577464788732394,0.9459084604715673,0.26629680998613037,2.3278688524590163,EXHAUSTION,0.0,0.0,0.0,2,ELEVATED (25-35%),FLAT (0.8-1.0),MODERATE (2-3x),LOW (<0.3)
2025-07-15,129,377,1.29,1.62,1975,643,164,68.0,43,18,1660,1035.0,6203,53.42,6.0,2025,0.0830379746835443,0.2621951219512195,0.8405063291139241,0.32556962025316455,2.411764705882353,EXHAUSTION,0.0,0.0,0.0,3,ELEVATED (25-35%),FLAT (0.8-1.0),MODERATE (2-3x),MODERATE (0.3-0.5)
2025-07-16,312,95,1.2,1.6,1977,617,150,63.0,47,19,1763,951.0,6205,56.79,6.0,2025,0.07587253414264036,0.31333333333333335,0.8917551846231664,0.31208902377339404,2.380952380952381,EXHAUSTION,0.0,0.0,0.0,2,ELEVATED (25-35%),FLAT (0.8-1.0),MODERATE (2-3x),MODERATE (0.3-0.5)
2025-07-17,397,84,1.35,1.58,2071,590,212,62.0,60,21,1950,892.0,6203,59.73,6.0,2025,0.10236600676001932,0.2830188679245283,0.9415741187831965,0.28488652824722355,3.4193548387096775,EXHAUSTION,0.0,0.0,0.0,5,ELEVATED (25-35%),FLAT (0.8-1.0),STRONG (3-5x),LOW (<0.3)
2025-07-18,184,155,1.5,1.5,1991,610,187,74.0,51,22,1834,960.0,6203,57.98,6.0,2025,0.09392265193370165,0.2727272727272727,0.9211451531893521,0.3063787041687594,2.527027027027027,EXHAUSTION,0.0,0.0,0.0,4,ELEVATED (25-35%),FLAT (0.8-1.0),MODERATE (2-3x),MODERATE (0.3-0.5)
2025-07-21,279,171,1.48,1.78,1966,602,185,76.0,46,17,1802,964.0,6207,55.61,6.0,2025,0.09409969481180061,0.24864864864864866,0.9165818921668362,0.306205493387589,2.4342105263157894,EXHAUSTION,0.0,0.0,0.0,4,NORMAL (15-25%),FLAT (0.8-1.0),MODERATE (2-3x),MODERATE (0.3-0.5)
2025-07-22,461,89,2.75,1.84,2072,569,194,65.0,53,21,1919,876.0,6207,62.7,6.0,2025,0.09362934362934362,0.27319587628865977,0.9261583011583011,0.2746138996138996,2.9846153846153847,EXHAUSTION,0.0,0.0,0.0,4,ELEVATED (25-35%),FLAT (0.8-1.0),MODERATE (2-3x),LOW (<0.3)
2025-07-23,535,66,3.28,1.96,2208,531,198,57.0,53,20,2161,761.0,6210,67.59,6.0,2025,0.08967391304347826,0.2676767676767677,0.978713768115942,0.24048913043478262,3.473684210526316,EXHAUSTION,0.0,0.0,0.0,4,ELEVATED (25-35%),FLAT (0.8-1.0),STRONG (3-5x),LOW (<0.3)
2025-07-24,181,269,2.19,1.72,1985,565,201,60.0,52,18,1965,886.0,6211,62.76,6.0,2025,0.10125944584382872,0.25870646766169153,0.9899244332493703,0.28463476070528965,3.35,EXHAUSTION,0.0,0.0,0.0,5,ELEVATED (25-35%),FLAT (0.8-1.0),STRONG (3-5x),LOW (<0.3)
2025-07-25,170,134,2.23,1.83,1906,566,187,61.0,41,19,1933,905.0,6213,62.99,6.0,2025,0.09811122770199371,0.2192513368983957,1.0141657922350473,0.2969569779643232,3.0655737704918034,EXHAUSTION,0.0,0.0,0.0,4,NORMAL (15-25%),SLIGHT ACCEL (1.0-1.2),STRONG (3-5x),LOW (<0.3)
2025-07-28,182,224,1.96,1.7,1793,592,173,62.0,47,16,1877,951.0,6210,59.45,6.0,2025,0.09648633575013943,0.27167630057803466,1.0468488566648075,0.3301728945900725,2.7903225806451615,EXHAUSTION,0.0,0.0,0.0,4,ELEVATED (25-35%),SLIGHT ACCEL (1.0-1.2),MODERATE (2-3x),MODERATE (0.3-0.5)
2025-07-29,135,462,1.04,1.62,1684,678,132,66.0,33,18,1687,1154.0,6208,57.73,6.0,2025,0.07838479809976247,0.25,1.0017814726840855,0.4026128266033254,2.0,EXHAUSTION,0.0,0.0,0.0,3,NORMAL (15-25%),SLIGHT ACCEL (1.0-1.2),WEAK (1-2x),MODERATE (0.3-0.5)
2025-07-30,168,293,0.6,1.38,1573,732,130,74.0,36,19,1534,1303.0,6211,49.79,6.0,2025,0.08264462809917356,0.27692307692307694,0.9752066115702479,0.4653528289891926,1.7567567567567568,EXHAUSTION,0.0,0.0,0.0,3,ELEVATED (25-35%),FLAT (0.8-1.0),WEAK (1-2x),MODERATE (0.3-0.5)
2025-07-31,171,328,0.57,1.13,1497,786,111,86.0,31,21,1429,1453.0,6217,45.31,6.0,2025,0.07414829659318638,0.27927927927927926,0.9545758183032732,0.5250501002004008,1.2906976744186047,EXHAUSTION,0.0,0.0,0.0,2,ELEVATED (25-35%),FLAT (0.8-1.0),WEAK (1-2x),ELEVATED (0.5-0.7)
2025-08-01,120,501,0.43,0.95,1354,880,87,128.0,26,28,1200,1733.0,6220,36.95,6.0,2025,0.06425406203840472,0.2988505747126437,0.8862629246676514,0.6499261447562777,0.6796875,EXHAUSTION,0.0,0.0,0.0,1,ELEVATED (25-35%),FLAT (0.8-1.0),NEGATIVE (<1x),ELEVATED (0.5-0.7)
2025-08-04,346,66,0.57,1.02,1461,790,130,93.0,37,22,1394,1481.0,6223,43.9,6.0,2025,0.08898015058179329,0.2846153846153846,0.9541409993155373,0.54072553045859,1.3978494623655915,EXHAUSTION,0.0,0.0,0.0,4,ELEVATED (25-35%),FLAT (0.8-1.0),WEAK (1-2x),ELEVATED (0.5-0.7)
2025-08-05,296,196,0.8,0.91,1434,782,137,107.0,37,22,1453,1460.0,6221,45.59,6.0,2025,0.09553695955369595,0.27007299270072993,1.0132496513249651,0.5453277545327755,1.280373831775701,EXHAUSTION,0.0,0.0,0.0,4,ELEVATED (25-35%),SLIGHT ACCEL (1.0-1.2),WEAK (1-2x),ELEVATED (0.5-0.7)
2025-08-06,232,279,0.85,0.73,1428,821,123,131.0,34,25,1428,1539.0,6220,45.02,6.0,2025,0.0861344537815126,0.2764227642276423,1.0,0.5749299719887955,0.9389312977099237,EXHAUSTION,0.0,0.0,0.0,3,ELEVATED (25-35%),FLAT (0.8-1.0),NEGATIVE (<1x),ELEVATED (0.5-0.7)
2025-08-07,271,326,0.92,0.74,1368,869,112,138.0,24,29,1398,1604.0,6226,43.86,6.0,2025,0.08187134502923976,0.21428571428571427,1.0219298245614035,0.6352339181286549,0.8115942028985508,EXHAUSTION,0.0,0.0,0.0,3,NORMAL (15-25%),SLIGHT ACCEL (1.0-1.2),NEGATIVE (<1x),ELEVATED (0.5-0.7)
2025-08-08,283,227,1.31,0.76,1339,890,128,136.0,31,26,1400,1610.0,6229,44.76,6.0,2025,0.09559372666168783,0.2421875,1.0455563853622105,0.6646751306945482,0.9411764705882353,EXHAUSTION,0.0,0.0,0.0,4,NORMAL (15-25%),SLIGHT ACCEL (1.0-1.2),NEGATIVE (<1x),ELEVATED (0.5-0.7)
2025-08-11,204,230,1.02,0.77,1275,930,128,158.0,24,24,1339,1626.0,6228,43.03,6.0,2025,0.1003921568627451,0.1875,1.0501960784313726,0.7294117647058823,0.810126582278481,EXHAUSTION,0.0,0.0,0.0,5,NORMAL (15-25%),SLIGHT ACCEL (1.0-1.2),NEGATIVE (<1x),HIGH (0.7-1.0)
2025-08-12,628,113,1.38,1.06,1425,826,200,125.0,42,18,1621,1402.0,6232,51.55,6.0,2025,0.14035087719298245,0.21,1.1375438596491227,0.5796491228070175,1.6,EXHAUSTION,0.0,0.0,0.0,7,NORMAL (15-25%),SLIGHT ACCEL (1.0-1.2),WEAK (1-2x),ELEVATED (0.5-0.7)
2025-08-13,606,118,1.96,1.32,1524,777,216,124.0,46,21,1822,1223.0,6234,57.66,6.0,2025,0.14173228346456693,0.21296296296296297,1.195538057742782,0.5098425196850394,1.7419354838709677,EXHAUSTION,0.0,0.0,0.0,7,NORMAL (15-25%),SLIGHT ACCEL (1.0-1.2),WEAK (1-2x),ELEVATED (0.5-0.7)
2025-08-14,159,184,2.16,1.4,1451,792,183,155.0,42,22,1677,1325.0,6235,53.09,6.0,2025,0.12611991729841487,0.22950819672131148,1.1557546519641626,0.5458304617505169,1.1806451612903226,EXHAUSTION,0.0,0.0,0.0,6,NORMAL (15-25%),SLIGHT ACCEL (1.0-1.2),WEAK (1-2x),ELEVATED (0.5-0.7)
2025-08-15,209,156,2.25,1.71,1422,781,191,145.0,48,23,1608,1346.0,6239,50.05,6.0,2025,0.13431786216596342,0.2513089005235602,1.130801687763713,0.5492264416315049,1.3172413793103448,EXHAUSTION,0.0,0.0,0.0,7,ELEVATED (25-35%),SLIGHT ACCEL (1.0-1.2),WEAK (1-2x),ELEVATED (0.5-0.7)
2025-08-18,255,107,2.74,1.62,1441,766,201,136.0,47,21,1602,1274.0,6237,50.67,6.0,2025,0.13948646773074255,0.23383084577114427,1.1117279666897988,0.5315752949340735,1.4779411764705883,EXHAUSTION,0.0,0.0,0.0,7,NORMAL (15-25%),SLIGHT ACCEL (1.0-1.2),WEAK (1-2x),ELEVATED (0.5-0.7)
2025-08-19,86,377,1.4,1.39,1357,826,164,166.0,35,24,1492,1396.0,6236,51.05,6.0,2025,0.1208548268238762,0.21341463414634146,1.0994841562269713,0.6086956521739131,0.9879518072289156,EXHAUSTION,0.0,0.0,0.0,6,NORMAL (15-25%),SLIGHT ACCEL (1.0-1.2),NEGATIVE (<1x),ELEVATED (0.5-0.7)
2025-08-20,140,146,0.88,1.43,1318,850,133,206.0,30,26,1437,1425.0,6234,51.0,6.0,2025,0.10091047040971168,0.22556390977443608,1.090288315629742,0.644916540212443,0.6456310679611651,EXHAUSTION,0.0,0.0,0.0,5,NORMAL (15-25%),SLIGHT ACCEL (1.0-1.2),NEGATIVE (<1x),ELEVATED (0.5-0.7)
2025-08-21,207,77,1.04,1.6,1307,835,141,168.0,28,28,1458,1361.0,6234,49.52,6.0,2025,0.10788064269319052,0.19858156028368795,1.115531752104055,0.6388676358071921,0.8392857142857143,EXHAUSTION,0.0,0.0,0.0,5,NORMAL (15-25%),SLIGHT ACCEL (1.0-1.2),NEGATIVE (<1x),ELEVATED (0.5-0.7)
2025-08-22,1301,29,2.7,2.47,1580,719,188,135.0,36,24,1987,1107.0,6236,62.81,6.0,2025,0.1189873417721519,0.19148936170212766,1.2575949367088608,0.4550632911392405,1.3925925925925926,EXHAUSTION,0.0,0.0,0.0,6,NORMAL (15-25%),ACCELERATING (1.2-1.5),WEAK (1-2x),MODERATE (0.3-0.5)
2025-08-25,190,130,2.53,2.63,1515,744,183,151.0,29,27,1817,1168.0,6226,59.41,6.0,2025,0.12079207920792079,0.15846994535519127,1.1993399339933994,0.4910891089108911,1.2119205298013245,EXHAUSTION,0.0,0.0,0.0,6,NORMAL (15-25%),SLIGHT ACCEL (1.0-1.2),WEAK (1-2x),MODERATE (0.3-0.5)
2025-08-26,228,93,4.35,2.39,1538,733,219,102.0,41,19,1884,1140.0,6225,59.55,6.0,2025,0.1423927178153446,0.1872146118721461,1.2249674902470742,0.476592977893368,2.1470588235294117,EXHAUSTION,0.0,0.0,0.0,7,NORMAL (15-25%),ACCELERATING (1.2-1.5),MODERATE (2-3x),MODERATE (0.3-0.5)
2025-08-27,182,89,5.04,2.13,1555,721,231,96.0,44,20,1977,1090.0,6226,61.34,6.0,2025,0.14855305466237942,0.19047619047619047,1.2713826366559486,0.46366559485530545,2.40625,EXHAUSTION,0.0,0.0,0.0,7,NORMAL (15-25%),ACCELERATING (1.2-1.5),MODERATE (2-3x),MODERATE (0.3-0.5)
2025-08-28,211,109,4.69,2.29,1555,701,254,87.0,48,21,1960,1086.0,6228,61.49,6.0,2025,0.16334405144694533,0.1889763779527559,1.2604501607717042,0.4508038585209003,2.9195402298850577,NEUTRAL,0.0,0.0,0.0,8,NORMAL (15-25%),ACCELERATING (1.2-1.5),MODERATE (2-3x),MODERATE (0.3-0.5)
2025-08-29,130,142,1.67,2.26,1487,719,298,65.0,51,21,1933,1091.0,6230,61.39,6.0,2025,0.2004034969737727,0.17114093959731544,1.2999327505043712,0.4835238735709482,4.584615384615384,NEUTRAL,0.0,0.0,0.0,9,NORMAL (15-25%),ACCELERATING (1.2-1.5),STRONG (3-5x),MODERATE (0.3-0.5)
2025-09-02,212,236,1.44,2.02,1445,753,217,100.0,48,24,1774,1161.0,6231,56.67,6.0,2025,0.15017301038062283,0.22119815668202766,1.227681660899654,0.5211072664359861,2.17,NEUTRAL,0.0,0.0,0.0,8,NORMAL (15-25%),ACCELERATING (1.2-1.5),MODERATE (2-3x),ELEVATED (0.5-0.7)
2025-09-03,188,170,1.24,2.45,1442,771,194,99.0,42,20,1728,1191.0,6229,55.89,6.0,2025,0.13453536754507628,0.21649484536082475,1.1983356449375866,0.5346740638002774,1.9595959595959596,EXHAUSTION,0.0,0.0,0.0,7,NORMAL (15-25%),SLIGHT ACCEL (1.0-1.2),WEAK (1-2x),ELEVATED (0.5-0.7)
2025-09-04,246,198,1.15,2.43,1459,772,201,90.0,41,23,1889,1182.0,6223,59.73,6.0,2025,0.13776559287183002,0.20398009950248755,1.2947224126113777,0.5291295407813571,2.2333333333333334,EXHAUSTION,0.0,0.0,0.0,7,NORMAL (15-25%),ACCELERATING (1.2-1.5),MODERATE (2-3x),ELEVATED (0.5-0.7)
2025-09-05,314,115,1.27,2.44,1502,752,221,82.0,40,19,1916,1117.0,6225,59.67,6.0,2025,0.14713715046604528,0.18099547511312217,1.2756324900133156,0.5006657789613849,2.6951219512195124,EXHAUSTION,0.0,0.0,0.0,7,NORMAL (15-25%),ACCELERATING (1.2-1.5),MODERATE (2-3x),ELEVATED (0.5-0.7)
2025-09-08,324,177,1.43,1.53,1532,758,218,79.0,45,27,1927,1135.0,6228,59.54,6.0,2025,0.1422976501305483,0.20642201834862386,1.2578328981723237,0.49477806788511747,2.759493670886076,EXHAUSTION,0.0,0.0,0.0,7,NORMAL (15-25%),ACCELERATING (1.2-1.5),MODERATE (2-3x),MODERATE (0.3-0.5)
2025-09-09,321,128,1.77,1.62,1494,766,220,78.0,48,22,1870,1143.0,6230,57.23,6.0,2025,0.14725568942436412,0.21818181818181817,1.251673360107095,0.5127175368139224,2.8205128205128207,EXHAUSTION,0.0,0.0,0.0,7,NORMAL (15-25%),ACCELERATING (1.2-1.5),MODERATE (2-3x),ELEVATED (0.5-0.7)
2025-09-10,294,221,1.79,1.53,1486,801,159,82.0,42,28,1822,1158.0,6229,56.54,6.0,2025,0.10699865410497982,0.2641509433962264,1.2261103633916555,0.5390309555854643,1.9390243902439024,EXHAUSTION,0.0,0.0,0.0,5,ELEVATED (25-35%),ACCELERATING (1.2-1.5),WEAK (1-2x),ELEVATED (0.5-0.7)
2025-09-11,503,66,2.48,1.76,1624,743,145,84.0,34,24,2133,1032.0,6231,63.23,6.0,2025,0.08928571428571429,0.23448275862068965,1.313423645320197,0.45751231527093594,1.7261904761904763,EXHAUSTION,0.0,0.0,0.0,4,NORMAL (15-25%),ACCELERATING (1.2-1.5),WEAK (1-2x),MODERATE (0.3-0.5)
2025-09-12,203,160,2.19,1.7,1547,767,157,66.0,40,19,2008,1096.0,6240,58.19,6.0,2025,0.10148674854557208,0.25477707006369427,1.2979961215255333,0.4957983193277311,2.378787878787879,EXHAUSTION,0.0,0.0,0.0,5,ELEVATED (25-35%),ACCELERATING (1.2-1.5),MODERATE (2-3x),MODERATE (0.3-0.5)
2025-09-15,322,182,2.17,1.77,1589,769,177,61.0,49,17,1996,1087.0,6239,56.9,6.0,2025,0.11139081183134046,0.2768361581920904,1.2561359345500314,0.4839521711768408,2.901639344262295,EXHAUSTION,0.0,0.0,0.0,5,ELEVATED (25-35%),ACCELERATING (1.2-1.5),MODERATE (2-3x),MODERATE (0.3-0.5)
2025-09-16,257,126,2.09,1.93,1576,755,157,62.0,39,16,1967,1040.0,6238,55.42,6.0,2025,0.09961928934010152,0.2484076433121019,1.2480964467005076,0.47906091370558374,2.532258064516129,EXHAUSTION,0.0,0.0,0.0,5,NORMAL (15-25%),ACCELERATING (1.2-1.5),MODERATE (2-3x),MODERATE (0.3-0.5)
2025-09-17,182,160,2.11,1.93,1545,782,198,55.0,53,15,1955,1044.0,6241,54.27,6.0,2025,0.12815533980582525,0.2676767676767677,1.2653721682847896,0.5061488673139158,3.6,EXHAUSTION,0.0,0.0,0.0,6,ELEVATED (25-35%),ACCELERATING (1.2-1.5),STRONG (3-5x),ELEVATED (0.5-0.7)
2025-09-18,501,81,2.07,2.27,1729,700,251,47.0,64,13,2219,901.0,6243,59.8,6.0,2025,0.14517061885482938,0.2549800796812749,1.2834008097165992,0.4048582995951417,5.340425531914893,EXHAUSTION,0.0,0.0,0.0,7,ELEVATED (25-35%),ACCELERATING (1.2-1.5),VERY STRONG (>5x),MODERATE (0.3-0.5)
2025-09-19,310,337,1.77,1.96,1651,749,238,53.0,68,11,2000,983.0,6246,54.27,6.0,2025,0.1441550575408843,0.2857142857142857,1.2113870381586918,0.45366444579043,4.490566037735849,EXHAUSTION,0.0,0.0,0.0,7,ELEVATED (25-35%),ACCELERATING (1.2-1.5),STRONG (3-5x),MODERATE (0.3-0.5)
2025-09-22,254,73,1.94,2.05,1689,713,219,61.0,55,13,2063,926.0,6248,53.0,6.0,2025,0.12966252220248667,0.2511415525114155,1.221432800473653,0.4221432800473653,3.5901639344262297,EXHAUSTION,0.0,0.0,0.0,7,ELEVATED (25-35%),ACCELERATING (1.2-1.5),STRONG (3-5x),MODERATE (0.3-0.5)
2025-09-23,200,163,1.78,1.93,1619,736,223,66.0,59,17,1973,940.0,6248,54.26,6.0,2025,0.13773934527486104,0.2645739910313901,1.2186534898085237,0.45460160592958615,3.378787878787879,EXHAUSTION,0.0,0.0,0.0,7,ELEVATED (25-35%),ACCELERATING (1.2-1.5),STRONG (3-5x),MODERATE (0.3-0.5)
2025-09-24,254,155,1.88,1.99,1618,745,191,72.0,58,15,1886,960.0,6248,52.26,6.0,2025,0.1180469715698393,0.3036649214659686,1.165636588380717,0.4604449938195303,2.6527777777777777,EXHAUSTION,0.0,0.0,0.0,6,ELEVATED (25-35%),SLIGHT ACCEL (1.0-1.2),MODERATE (2-3x),MODERATE (0.3-0.5)
2025-09-25,140,277,1.15,1.53,1518,821,183,80.0,57,17,1719,1130.0,6249,46.38,6.0,2025,0.12055335968379446,0.3114754098360656,1.1324110671936758,0.5408432147562582,2.2875,EXHAUSTION,0.0,0.0,0.0,6,ELEVATED (25-35%),SLIGHT ACCEL (1.0-1.2),MODERATE (2-3x),ELEVATED (0.5-0.7)
2025-09-26,278,89,1.49,1.64,1538,806,187,72.0,50,22,1757,1087.0,6252,51.31,6.0,2025,0.12158647594278284,0.26737967914438504,1.1423927178153446,0.5240572171651495,2.5972222222222223,EXHAUSTION,0.0,0.0,0.0,6,ELEVATED (25-35%),SLIGHT ACCEL (1.0-1.2),MODERATE (2-3x),ELEVATED (0.5-0.7)
2025-09-29,292,162,1.38,1.64,1516,817,219,67.0,66,25,1608,1096.0,6246,47.9,6.0,2025,0.14445910290237468,0.3013698630136986,1.0606860158311346,0.5389182058047494,3.2686567164179103,EXHAUSTION,0.0,0.0,0.0,7,ELEVATED (25-35%),SLIGHT ACCEL (1.0-1.2),STRONG (3-5x),ELEVATED (0.5-0.7)
2025-09-30,186,209,1.29,1.52,1502,823,225,71.0,64,27,1536,1158.0,6251,46.55,6.0,2025,0.14980026631158455,0.28444444444444444,1.022636484687084,0.547936085219707,3.1690140845070425,EXHAUSTION,0.0,0.0,0.0,8,ELEVATED (25-35%),SLIGHT ACCEL (1.0-1.2),STRONG (3-5x),ELEVATED (0.5-0.7)
2025-10-01,363,157,1.41,1.63,1506,814,246,69.0,81,22,1624,1163.0,6254,47.08,6.0,2025,0.16334661354581673,0.32926829268292684,1.0783532536520584,0.5405046480743692,3.5652173913043477,NEUTRAL,0.0,0.0,0.0,8,ELEVATED (25-35%),SLIGHT ACCEL (1.0-1.2),STRONG (3-5x),ELEVATED (0.5-0.7)
2025-10-02,325,95,2.03,1.52,1541,779,259,65.0,86,19,1676,1103.0,6257,46.0,6.0,2025,0.16807268007787152,0.33204633204633205,1.0876054510058404,0.5055158987670344,3.9846153846153847,NEUTRAL,0.0,0.0,0.0,8,ELEVATED (25-35%),SLIGHT ACCEL (1.0-1.2),STRONG (3-5x),ELEVATED (0.5-0.7)
2025-10-03,368,122,2.06,1.77,1589,764,243,64.0,87,18,1728,1031.0,6261,49.24,6.0,2025,0.1529263687853996,0.35802469135802467,1.0874764002517308,0.4808055380742605,3.796875,NEUTRAL,0.0,0.0,0.0,8,HIGH (35-50%),SLIGHT ACCEL (1.0-1.2),STRONG (3-5x),MODERATE (0.3-0.5)
2025-10-06,379,166,2.16,1.75,1623,751,258,66.0,95,22,1759,1073.0,6261,46.08,6.0,2025,0.1589648798521257,0.3682170542635659,1.083795440542206,0.4627233518176217,3.909090909090909,NEUTRAL,0.0,0.0,0.0,8,HIGH (35-50%),SLIGHT ACCEL (1.0-1.2),STRONG (3-5x),MODERATE (0.3-0.5)
2025-10-07,204,296,1.96,1.61,1543,803,227,70.0,90,26,1646,1207.0,6262,41.47,6.0,2025,0.1471160077770577,0.3964757709251101,1.066753078418665,0.5204147764095917,3.242857142857143,EXHAUSTION,0.0,0.0,0.0,7,HIGH (35-50%),SLIGHT ACCEL (1.0-1.2),STRONG (3-5x),ELEVATED (0.5-0.7)
2025-10-08,423,73,2.26,1.8,1608,764,262,63.0,98,21,1715,1137.0,6262,42.8,6.0,2025,0.16293532338308458,0.37404580152671757,1.066542288557214,0.47512437810945274,4.158730158730159,NEUTRAL,0.0,0.0,0.0,8,HIGH (35-50%),SLIGHT ACCEL (1.0-1.2),STRONG (3-5x),MODERATE (0.3-0.5)
2025-10-09,245,208,1.87,1.94,1562,768,232,75.0,92,24,1569,1276.0,6265,36.4,6.0,2025,0.14852752880921896,0.39655172413793105,1.0044814340588988,0.49167733674775926,3.0933333333333333,EXHAUSTION,0.0,0.0,0.0,7,HIGH (35-50%),SLIGHT ACCEL (1.0-1.2),STRONG (3-5x),MODERATE (0.3-0.5)
2025-10-10,75,1160,0.7,1.08,1314,927,193,103.0,72,27,1278,1738.0,6262,25.53,6.0,2025,0.14687975646879756,0.37305699481865284,0.9726027397260274,0.7054794520547946,1.8737864077669903,EXHAUSTION,0.0,0.0,0.0,7,HIGH (35-50%),FLAT (0.8-1.0),WEAK (1-2x),HIGH (0.7-1.0)
2025-10-13,306,79,0.69,1.12,1422,856,224,93.0,89,25,1393,1508.0,6259,29.79,6.0,2025,0.15752461322081576,0.39732142857142855,0.9796061884669479,0.6019690576652602,2.4086021505376345,NEUTRAL,0.0,0.0,0.0,8,HIGH (35-50%),FLAT (0.8-1.0),MODERATE (2-3x),ELEVATED (0.5-0.7)
2025-10-14,437,107,0.91,1.27,1500,792,227,86.0,92,20,1459,1337.0,6260,35.6,6.0,2025,0.15133333333333332,0.4052863436123348,0.9726666666666667,0.528,2.63953488372093,EXHAUSTION,0.0,0.0,0.0,8,HIGH (35-50%),FLAT (0.8-1.0),MODERATE (2-3x),ELEVATED (0.5-0.7)
2025-10-15,448,157,0.88,1.3,1536,780,257,80.0,95,22,1510,1278.0,6262,35.12,6.0,2025,0.16731770833333334,0.36964980544747084,0.9830729166666666,0.5078125,3.2125,NEUTRAL,0.0,0.0,0.0,8,HIGH (35-50%),FLAT (0.8-1.0),STRONG (3-5x),ELEVATED (0.5-0.7)
2025-10-16,129,534,0.68,1.04,1428,903,190,107.0,64,29,1386,1647.0,6261,29.39,6.0,2025,0.1330532212885154,0.3368421052631579,0.9705882352941176,0.6323529411764706,1.7757009345794392,EXHAUSTION,0.0,0.0,0.0,7,ELEVATED (25-35%),FLAT (0.8-1.0),WEAK (1-2x),ELEVATED (0.5-0.7)
2025-10-17,105,229,1.29,0.91,1377,949,156,110.0,50,29,1291,1735.0,6262,30.26,6.0,2025,0.11328976034858387,0.32051282051282054,0.9375453885257807,0.6891793754538853,1.4181818181818182,EXHAUSTION,0.0,0.0,0.0,6,ELEVATED (25-35%),FLAT (0.8-1.0),WEAK (1-2x),ELEVATED (0.5-0.7)
2025-10-20,463,82,1.43,0.97,1480,863,167,109.0,55,29,1462,1451.0,6264,35.44,6.0,2025,0.11283783783783784,0.32934131736526945,0.9878378378378379,0.5831081081081081,1.5321100917431192,EXHAUSTION,0.0,0.0,0.0,5,ELEVATED (25-35%),FLAT (0.8-1.0),WEAK (1-2x),ELEVATED (0.5-0.7)
2025-10-21,207,273,1.06,0.98,1455,892,147,94.0,38,30,1418,1490.0,6261,38.8,6.0,2025,0.10103092783505155,0.2585034013605442,0.9745704467353952,0.6130584192439863,1.5638297872340425,EXHAUSTION,0.0,0.0,0.0,5,ELEVATED (25-35%),FLAT (0.8-1.0),WEAK (1-2x),ELEVATED (0.5-0.7)
2025-10-22,121,520,0.63,0.76,1364,987,107,110.0,20,32,1271,1621.0,6264,36.09,6.0,2025,0.07844574780058651,0.18691588785046728,0.9318181818181818,0.7236070381231672,0.9727272727272728,EXHAUSTION,0.0,0.0,0.0,3,NORMAL (15-25%),FLAT (0.8-1.0),NEGATIVE (<1x),HIGH (0.7-1.0)
2025-10-23,312,96,1.01,0.8,1433,920,141,87.0,30,30,1409,1517.0,6263,40.03,6.0,2025,0.09839497557571528,0.2127659574468085,0.9832519190509421,0.6420097697138869,1.6206896551724137,EXHAUSTION,0.0,0.0,0.0,4,NORMAL (15-25%),FLAT (0.8-1.0),WEAK (1-2x),ELEVATED (0.5-0.7)
2025-10-24,370,91,1.39,1.34,1496,859,152,80.0,36,27,1496,1399.0,6260,42.76,6.0,2025,0.10160427807486631,0.23684210526315788,1.0,0.5741978609625669,1.9,EXHAUSTION,0.0,0.0,0.0,5,NORMAL (15-25%),FLAT (0.8-1.0),WEAK (1-2x),ELEVATED (0.5-0.7)
2025-10-27,289,193,1.11,1.26,1491,848,138,74.0,33,28,1516,1419.0,6262,43.01,6.0,2025,0.0925553319919517,0.2391304347826087,1.016767270288397,0.5687458081824279,1.864864864864865,EXHAUSTION,0.0,0.0,0.0,4,NORMAL (15-25%),SLIGHT ACCEL (1.0-1.2),WEAK (1-2x),ELEVATED (0.5-0.7)
2025-10-28,173,199,1.15,1.1,1456,874,137,70.0,31,27,1418,1505.0,6265,38.75,6.0,2025,0.09409340659340659,0.22627737226277372,0.9739010989010989,0.6002747252747253,1.957142857142857,EXHAUSTION,0.0,0.0,0.0,4,NORMAL (15-25%),FLAT (0.8-1.0),WEAK (1-2x),ELEVATED (0.5-0.7)
2025-10-29,192,470,1.27,0.88,1380,950,122,86.0,31,27,1309,1706.0,6263,32.98,6.0,2025,0.08840579710144927,0.2540983606557377,0.9485507246376812,0.6884057971014492,1.4186046511627908,EXHAUSTION,0.0,0.0,0.0,4,ELEVATED (25-35%),FLAT (0.8-1.0),WEAK (1-2x),ELEVATED (0.5-0.7)
2025-10-30,177,319,0.94,0.97,1296,1014,118,117.0,30,26,1219,1800.0,6263,30.87,6.0,2025,0.09104938271604938,0.2542372881355932,0.9405864197530864,0.7824074074074074,1.0085470085470085,EXHAUSTION,0.0,0.0,0.0,4,ELEVATED (25-35%),FLAT (0.8-1.0),WEAK (1-2x),HIGH (0.7-1.0)
2025-10-31,295,154,0.84,1.08,1324,951,112,119.0,27,27,1286,1719.0,6266,32.3,6.0,2025,0.08459214501510574,0.24107142857142858,0.9712990936555891,0.7182779456193353,0.9411764705882353,EXHAUSTION,0.0,0.0,0.0,3,NORMAL (15-25%),FLAT (0.8-1.0),NEGATIVE (<1x),HIGH (0.7-1.0)
2025-11-03,159,396,0.65,0.85,1242,1024,101,164.0,24,36,1202,1799.0,6266,30.59,6.0,2025,0.08132045088566828,0.2376237623762376,0.9677938808373591,0.8244766505636071,0.6158536585365854,EXHAUSTION,0.0,0.0,0.0,3,NORMAL (15-25%),FLAT (0.8-1.0),NEGATIVE (<1x),HIGH (0.7-1.0)
2025-11-04,128,609,0.49,0.73,1076,1170,85,196.0,22,37,982,2017.0,6264,27.74,6.0,2025,0.07899628252788105,0.25882352941176473,0.912639405204461,1.087360594795539,0.4336734693877551,EXHAUSTION,0.0,0.0,0.0,3,ELEVATED (25-35%),FLAT (0.8-1.0),NEGATIVE (<1x),EXTREME (>1.0)
2025-11-05,336,191,0.66,0.89,1135,1116,96,222.0,24,47,1110,1848.0,6267,32.62,6.0,2025,0.08458149779735682,0.25,0.9779735682819384,0.9832599118942731,0.43243243243243246,EXHAUSTION,0.0,0.0,0.0,3,NORMAL (15-25%),FLAT (0.8-1.0),NEGATIVE (<1x),HIGH (0.7-1.0)
2025-11-06,203,586,0.58,0.72,1058,1261,90,279.0,24,49,1010,2021.0,6272,30.56,6.0,2025,0.08506616257088846,0.26666666666666666,0.9546313799621928,1.1918714555765595,0.3225806451612903,EXHAUSTION,0.0,0.0,0.0,3,ELEVATED (25-35%),FLAT (0.8-1.0),NEGATIVE (<1x),EXTREME (>1.0)
2025-11-07,302,230,0.56,0.67,1056,1231,140,195.0,30,40,1073,1923.0,6271,35.81,6.0,2025,0.13257575757575757,0.21428571428571427,1.0160984848484849,1.165719696969697,0.717948717948718,EXHAUSTION,0.0,0.0,0.0,7,NORMAL (15-25%),SLIGHT ACCEL (1.0-1.2),NEGATIVE (<1x),EXTREME (>1.0)
2025-11-10,325,146,0.73,0.69,1103,1197,140,252.0,32,46,1195,1823.0,6273,38.64,6.0,2025,0.12692656391659113,0.22857142857142856,1.083408884859474,1.085222121486854,0.5555555555555556,EXHAUSTION,0.0,0.0,0.0,6,NORMAL (15-25%),SLIGHT ACCEL (1.0-1.2),NEGATIVE (<1x),EXTREME (>1.0)
2025-11-11,283,136,1.12,0.74,1090,1166,151,296.0,35,51,1300,1717.0,6276,41.84,6.0,2025,0.13853211009174313,0.23178807947019867,1.1926605504587156,1.0697247706422017,0.5101351351351351,EXHAUSTION,0.0,0.0,0.0,7,NORMAL (15-25%),SLIGHT ACCEL (1.0-1.2),NEGATIVE (<1x),EXTREME (>1.0)
2025-11-12,279,200,1.07,0.84,1095,1160,138,301.0,31,51,1318,1682.0,6279,42.61,6.0,2025,0.12602739726027398,0.2246376811594203,1.2036529680365298,1.0593607305936072,0.4584717607973422,EXHAUSTION,0.0,0.0,0.0,6,NORMAL (15-25%),ACCELERATING (1.2-1.5),NEGATIVE (<1x),EXTREME (>1.0)
2025-11-13,94,710,0.9,0.72,975,1253,123,296.0,25,47,1087,1855.0,6280,37.17,6.0,2025,0.12615384615384614,0.2032520325203252,1.1148717948717948,1.2851282051282051,0.4155405405405405,EXHAUSTION,0.0,0.0,0.0,6,NORMAL (15-25%),SLIGHT ACCEL (1.0-1.2),NEGATIVE (<1x),EXTREME (>1.0)
2025-11-14,176,194,0.83,0.67,951,1265,127,278.0,29,50,1035,1873.0,6281,35.69,6.0,2025,0.13354363827549948,0.2283464566929134,1.088328075709779,1.3301787592008412,0.4568345323741007,EXHAUSTION,0.0,0.0,0.0,7,NORMAL (15-25%),SLIGHT ACCEL (1.0-1.2),NEGATIVE (<1x),EXTREME (>1.0)
2025-11-17,150,583,0.54,0.63,876,1395,113,374.0,24,59,915,2080.0,6279,28.61,6.0,2025,0.12899543378995434,0.21238938053097345,1.0445205479452055,1.5924657534246576,0.30213903743315507,EXHAUSTION,0.0,0.0,0.0,7,NORMAL (15-25%),SLIGHT ACCEL (1.0-1.2),NEGATIVE (<1x),EXTREME (>1.0)
2025-11-18,178,141,0.48,0.75,899,1394,118,363.0,28,54,974,2050.0,6279,29.74,6.0,2025,0.13125695216907676,0.23728813559322035,1.0834260289210234,1.5506117908787542,0.325068870523416,EXHAUSTION,0.0,0.0,0.0,7,NORMAL (15-25%),SLIGHT ACCEL (1.0-1.2),NEGATIVE (<1x),EXTREME (>1.0)
2025-11-19,151,265,0.4,0.67,869,1413,127,322.0,37,50,947,2060.0,6282,28.56,6.0,2025,0.14614499424626007,0.29133858267716534,1.0897583429228999,1.626006904487917,0.3944099378881988,EXHAUSTION,0.0,0.0,0.0,7,ELEVATED (25-35%),SLIGHT ACCEL (1.0-1.2),NEGATIVE (<1x),EXTREME (>1.0)
2025-11-20,85,674,0.4,0.62,761,1512,103,444.0,26,68,810,2233.0,6283,25.37,6.0,2025,0.13534822601839686,0.2524271844660194,1.064388961892247,1.9868593955321945,0.23198198198198197,EXHAUSTION,0.0,0.0,0.0,7,ELEVATED (25-35%),SLIGHT ACCEL (1.0-1.2),NEGATIVE (<1x),EXTREME (>1.0)
2025-11-21,665,86,0.7,0.76,811,1394,118,401.0,30,73,1027,1968.0,6286,34.77,6.0,2025,0.14549938347718866,0.2542372881355932,1.2663378545006165,1.718865598027127,0.2942643391521197,EXHAUSTION,0.0,0.0,0.0,7,ELEVATED (25-35%),ACCELERATING (1.2-1.5),NEGATIVE (<1x),EXTREME (>1.0)
2025-11-24,401,94,1.17,0.8,899,1344,133,366.0,41,63,1243,1869.0,6283,36.75,6.0,2025,0.14794215795328142,0.3082706766917293,1.382647385984427,1.4949944382647387,0.3633879781420765,EXHAUSTION,0.0,0.0,0.0,7,ELEVATED (25-35%),ACCELERATING (1.2-1.5),NEGATIVE (<1x),EXTREME (>1.0)
2025-11-25,395,71,1.43,0.85,985,1249,157,296.0,31,60,1571,1675.0,6286,45.51,6.0,2025,0.15939086294416244,0.19745222929936307,1.5949238578680203,1.2680203045685279,0.5304054054054054,NEUTRAL,0.0,0.0,0.0,8,NORMAL (15-25%),STRONG ACCEL (>1.5),NEGATIVE (<1x),EXTREME (>1.0)
2025-11-26,348,62,1.92,0.92,1056,1178,181,255.0,41,47,1797,1575.0,6290,48.67,6.0,2025,0.17140151515151514,0.2265193370165746,1.7017045454545454,1.115530303030303,0.7098039215686275,NEUTRAL,0.0,0.0,0.0,8,NORMAL (15-25%),STRONG ACCEL (>1.5),NEGATIVE (<1x),EXTREME (>1.0)
2025-11-28,144,26,5.76,1.23,1126,1121,187,195.0,42,35,1870,1483.0,6287,51.14,6.0,2025,0.1660746003552398,0.22459893048128343,1.6607460035523978,0.9955595026642984,0.958974358974359,NEUTRAL,0.0,0.0,0.0,8,NORMAL (15-25%),STRONG ACCEL (>1.5),NEGATIVE (<1x),HIGH (0.7-1.0)
2025-12-01,137,584,1.7,1.03,1030,1186,160,239.0,42,37,1628,1598.0,6284,48.55,6.0,2025,0.1553398058252427,0.2625,1.5805825242718448,1.1514563106796116,0.6694560669456067,NEUTRAL,0.0,0.0,0.0,8,ELEVATED (25-35%),STRONG ACCEL (>1.5),NEGATIVE (<1x),EXTREME (>1.0)
2025-12-02,175,206,1.26,1.21,1031,1194,153,214.0,38,33,1608,1624.0,6283,48.05,6.0,2025,0.1483996120271581,0.24836601307189543,1.559650824442289,1.1580989330746847,0.7149532710280374,EXHAUSTION,0.0,0.0,0.0,7,NORMAL (15-25%),STRONG ACCEL (>1.5),NEGATIVE (<1x),EXTREME (>1.0)
2025-12-03,570,99,1.41,1.42,1172,1107,221,120.0,44,22,1964,1457.0,6290,53.44,6.0,2025,0.1885665529010239,0.19909502262443438,1.6757679180887373,0.9445392491467577,1.8416666666666666,NEUTRAL,0.0,0.0,0.0,9,NORMAL (15-25%),STRONG ACCEL (>1.5),WEAK (1-2x),HIGH (0.7-1.0)
2025-12-04,432,90,1.45,1.68,1244,1057,208,119.0,42,25,2061,1374.0,6292,52.16,6.0,2025,0.16720257234726688,0.20192307692307693,1.6567524115755627,0.8496784565916399,1.7478991596638656,NEUTRAL,0.0,0.0,0.0,8,NORMAL (15-25%),STRONG ACCEL (>1.5),WEAK (1-2x),HIGH (0.7-1.0)
2025-12-05,166,193,1.26,2.27,1192,1083,214,91.0,52,21,1982,1419.0,6293,50.93,6.0,2025,0.17953020134228187,0.24299065420560748,1.662751677852349,0.9085570469798657,2.3516483516483517,NEUTRAL,0.0,0.0,0.0,8,NORMAL (15-25%),STRONG ACCEL (>1.5),MODERATE (2-3x),HIGH (0.7-1.0)
2025-12-08,250,190,2.05,1.87,1180,1104,189,80.0,55,20,1920,1421.0,6293,47.32,6.0,2025,0.16016949152542373,0.291005291005291,1.6271186440677967,0.9355932203389831,2.3625,NEUTRAL,0.0,0.0,0.0,8,ELEVATED (25-35%),STRONG ACCEL (>1.5),MODERATE (2-3x),HIGH (0.7-1.0)
2025-12-09,318,116,2.52,1.79,1249,1068,185,83.0,46,14,2023,1378.0,6297,47.32,6.0,2025,0.14811849479583666,0.24864864864864866,1.6196957566052843,0.855084067253803,2.2289156626506026,EXHAUSTION,0.0,0.0,0.0,7,NORMAL (15-25%),STRONG ACCEL (>1.5),MODERATE (2-3x),HIGH (0.7-1.0)
2025-12-10,448,166,2.14,1.73,1341,1004,180,90.0,45,16,2214,1316.0,6293,53.35,6.0,2025,0.1342281879194631,0.25,1.651006711409396,0.7486950037285608,2.0,EXHAUSTION,0.0,0.0,0.0,7,NORMAL (15-25%),STRONG ACCEL (>1.5),WEAK (1-2x),HIGH (0.7-1.0)
2025-12-11,261,173,1.72,1.57,1398,987,190,89.0,47,20,2303,1269.0,6290,57.18,6.0,2025,0.13590844062947066,0.24736842105263157,1.6473533619456366,0.7060085836909872,2.134831460674157,EXHAUSTION,0.0,0.0,0.0,7,NORMAL (15-25%),STRONG ACCEL (>1.5),MODERATE (2-3x),HIGH (0.7-1.0)
2025-12-12,132,395,1.35,1.31,1276,1037,215,71.0,50,22,2126,1340.0,6288,55.42,6.0,2025,0.16849529780564262,0.23255813953488372,1.6661442006269593,0.8126959247648903,3.028169014084507,NEUTRAL,0.0,0.0,0.0,8,NORMAL (15-25%),STRONG ACCEL (>1.5),STRONG (3-5x),HIGH (0.7-1.0)
2025-12-15,101,489,0.94,1.35,1176,1081,180,80.0,45,24,1949,1405.0,6292,53.95,6.0,2025,0.15306122448979592,0.25,1.657312925170068,0.91921768707483,2.25,NEUTRAL,0.0,0.0,0.0,8,NORMAL (15-25%),STRONG ACCEL (>1.5),MODERATE (2-3x),HIGH (0.7-1.0)
2025-12-16,152,202,0.77,1.34,1143,1073,222,65.0,45,21,1908,1384.0,6293,50.1,6.0,2025,0.1942257217847769,0.20270270270270271,1.669291338582677,0.9387576552930884,3.4153846153846152,NEUTRAL,0.0,0.0,0.0,9,NORMAL (15-25%),STRONG ACCEL (>1.5),STRONG (3-5x),HIGH (0.7-1.0)
2025-12-17,115,417,0.45,0.98,1069,1129,200,81.0,40,24,1800,1452.0,6295,49.71,6.0,2025,0.18709073900841908,0.2,1.6838166510757717,1.0561272217025257,2.4691358024691357,NEUTRAL,0.0,0.0,0.0,9,NORMAL (15-25%),STRONG ACCEL (>1.5),MODERATE (2-3x),EXTREME (>1.0)
2025-12-18,227,148,0.44,0.87,1112,1125,235,70.0,37,21,1863,1402.0,6297,50.29,6.0,2025,0.21133093525179855,0.1574468085106383,1.6753597122302157,1.0116906474820144,3.357142857142857,NEUTRAL,0.0,0.0,0.0,9,NORMAL (15-25%),STRONG ACCEL (>1.5),STRONG (3-5x),EXTREME (>1.0)
2025-12-18,227,148,1.53,1.53,1112,1125,235,70.0,37,21,1863,1402.0,6297,50.29,6.0,2026,0.21133093525179855,0.1574468085106383,1.6753597122302157,1.0116906474820144,3.357142857142857,NEUTRAL,0.0,0.0,0.0,9,NORMAL (15-25%),STRONG ACCEL (>1.5),STRONG (3-5x),EXTREME (>1.0)
2025-12-19,412,175,0.7,0.98,1144,1086,298,52.0,57,16,1899,1329.0,6297,49.67,6.0,2025,0.26048951048951047,0.1912751677852349,1.659965034965035,0.9493006993006993,5.730769230769231,MID_BULL,0.0,0.0,0.0,9,NORMAL (15-25%),STRONG ACCEL (>1.5),VERY STRONG (>5x),HIGH (0.7-1.0)
2025-12-19,412,175,1.98,1.98,1144,1086,298,52.0,57,16,1899,1329.0,6297,49.67,6.0,2026,0.26048951048951047,0.1912751677852349,1.659965034965035,0.9493006993006993,5.730769230769231,MID_BULL,0.0,0.0,0.0,9,NORMAL (15-25%),STRONG ACCEL (>1.5),VERY STRONG (>5x),HIGH (0.7-1.0)
2025-12-22,186,84,2.03,2.03,1211,1049,256,60.0,55,14,1957,1209.0,6298,51.78,6.0,2026,0.21139554087530965,0.21484375,1.616019818331957,0.8662262592898431,4.266666666666667,NEUTRAL,0.0,0.0,0.0,9,NORMAL (15-25%),STRONG ACCEL (>1.5),STRONG (3-5x),HIGH (0.7-1.0)
2025-12-22,186,84,1.06,0.99,1211,1049,256,60.0,55,14,1957,1209.0,6298,51.78,6.0,2025,0.21139554087530965,0.21484375,1.616019818331957,0.8662262592898431,4.266666666666667,NEUTRAL,0.0,0.0,0.0,9,NORMAL (15-25%),STRONG ACCEL (>1.5),STRONG (3-5x),HIGH (0.7-1.0)
2025-12-23,100,199,1.02,0.87,1143,1061,199,70.0,35,19,1804,1246.0,6296,50.36,6.0,2025,0.17410323709536307,0.17587939698492464,1.5783027121609798,0.9282589676290464,2.842857142857143,NEUTRAL,0.0,0.0,0.0,8,NORMAL (15-25%),STRONG ACCEL (>1.5),MODERATE (2-3x),HIGH (0.7-1.0)
2025-12-23,100,199,1.53,1.53,1143,1061,199,70.0,35,19,1804,1246.0,6296,50.36,6.0,2026,0.17410323709536307,0.17587939698492464,1.5783027121609798,0.9282589676290464,2.842857142857143,NEUTRAL,0.0,0.0,0.0,8,NORMAL (15-25%),STRONG ACCEL (>1.5),MODERATE (2-3x),HIGH (0.7-1.0)
2025-12-24,78,38,1.56,1.56,1181,1027,158,74.0,37,22,1830,1128.0,6292,52.38,6.0,2026,0.13378492802709568,0.23417721518987342,1.5495342929720575,0.869602032176122,2.135135135135135,EXHAUSTION,0.0,0.0,0.0,7,NORMAL (15-25%),STRONG ACCEL (>1.5),MODERATE (2-3x),HIGH (0.7-1.0)
2025-12-24,78,38,1.56,0.76,1181,1027,158,74.0,37,22,1830,1128.0,6292,52.38,6.0,2025,0.13378492802709568,0.23417721518987342,1.5495342929720575,0.869602032176122,2.135135135135135,EXHAUSTION,0.0,0.0,0.0,7,NORMAL (15-25%),STRONG ACCEL (>1.5),MODERATE (2-3x),HIGH (0.7-1.0)
2025-12-26,109,219,1.24,1.29,1162,1035,131,82.0,25,24,1749,1162.0,6292,52.71,6.0,2026,0.11273666092943202,0.19083969465648856,1.5051635111876076,0.8907056798623064,1.5975609756097562,EXHAUSTION,0.0,0.0,0.0,5,NORMAL (15-25%),STRONG ACCEL (>1.5),WEAK (1-2x),HIGH (0.7-1.0)
2025-12-26,109,219,1.24,0.68,1162,1035,131,82.0,25,24,1749,1162.0,6292,52.71,6.0,2025,0.11273666092943202,0.19083969465648856,1.5051635111876076,0.8907056798623064,1.5975609756097562,EXHAUSTION,0.0,0.0,0.0,5,NORMAL (15-25%),STRONG ACCEL (>1.5),WEAK (1-2x),HIGH (0.7-1.0)
2025-12-29,109,391,0.63,0.97,1076,1069,108,100.0,29,25,1607,1224.0,6292,52.57,6.0,2026,0.10037174721189591,0.26851851851851855,1.4934944237918215,0.9934944237918215,1.08,EXHAUSTION,0.0,0.0,0.0,5,ELEVATED (25-35%),ACCELERATING (1.2-1.5),WEAK (1-2x),HIGH (0.7-1.0)
2025-12-29,109,391,0.63,0.67,1076,1069,108,100.0,29,25,1607,1224.0,6292,52.57,6.0,2025,0.10037174721189591,0.26851851851851855,1.4934944237918215,0.9934944237918215,1.08,EXHAUSTION,0.0,0.0,0.0,5,ELEVATED (25-35%),ACCELERATING (1.2-1.5),WEAK (1-2x),HIGH (0.7-1.0)
2025-12-30,121,164,0.51,0.79,1039,1086,119,88.0,31,28,1521,1261.0,6293,51.55,6.0,2025,0.11453320500481232,0.2605042016806723,1.4639076034648701,1.0452358036573628,1.3522727272727273,EXHAUSTION,0.0,0.0,0.0,6,ELEVATED (25-35%),ACCELERATING (1.2-1.5),WEAK (1-2x),EXTREME (>1.0)
2025-12-30,121,164,0.51,0.95,1039,1086,119,88.0,31,28,1521,1261.0,6293,51.55,6.0,2026,0.11453320500481232,0.2605042016806723,1.4639076034648701,1.0452358036573628,1.3522727272727273,EXHAUSTION,0.0,0.0,0.0,6,ELEVATED (25-35%),ACCELERATING (1.2-1.5),WEAK (1-2x),EXTREME (>1.0)
2025-12-31,133,145,0.57,0.8,1010,1091,109,84.0,28,27,1440,1276.0,6294,46.27,6.0,2025,0.10792079207920792,0.25688073394495414,1.4257425742574257,1.0801980198019803,1.2976190476190477,EXHAUSTION,0.0,0.0,0.0,5,ELEVATED (25-35%),ACCELERATING (1.2-1.5),WEAK (1-2x),EXTREME (>1.0)
2025-12-31,133,145,0.57,0.94,1010,1091,109,84.0,28,27,1440,1276.0,6294,46.27,6.0,2026,0.10792079207920792,0.25688073394495414,1.4257425742574257,1.0801980198019803,1.2976190476190477,EXHAUSTION,0.0,0.0,0.0,5,ELEVATED (25-35%),ACCELERATING (1.2-1.5),WEAK (1-2x),EXTREME (>1.0)
2026-01-02,432,188,0.82,1.09,1093,1076,99,86.0,26,25,1603,1192.0,6291,50.24,6.0,2026,0.09057639524245197,0.26262626262626265,1.4666056724611163,0.9844464775846294,1.1511627906976745,EXHAUSTION,0.0,0.0,0.0,4,ELEVATED (25-35%),ACCELERATING (1.2-1.5),WEAK (1-2x),HIGH (0.7-1.0)
2026-01-05,659,163,1.38,1.32,1264,1027,96,86.0,25,25,1887,1099.0,6289,54.78,6.0,2026,0.0759493670886076,0.2604166666666667,1.4928797468354431,0.8125,1.1162790697674418,EXHAUSTION,0.0,0.0,0.0,2,ELEVATED (25-35%),ACCELERATING (1.2-1.5),WEAK (1-2x),HIGH (0.7-1.0)
2026-01-06,439,137,2.24,1.37,1366,997,109,85.0,27,23,2011,1013.0,6290,57.35,6.0,2026,0.07979502196193265,0.24770642201834864,1.472181551976574,0.7298682284040996,1.2823529411764707,EXHAUSTION,0.0,0.0,0.0,3,NORMAL (15-25%),ACCELERATING (1.2-1.5),WEAK (1-2x),HIGH (0.7-1.0)
2026-01-07,309,170,2.46,1.37,1330,983,113,81.0,24,26,1930,996.0,6290,53.59,6.0,2026,0.0849624060150376,0.21238938053097345,1.4511278195488722,0.7390977443609023,1.3950617283950617,EXHAUSTION,0.0,0.0,0.0,3,NORMAL (15-25%),ACCELERATING (1.2-1.5),WEAK (1-2x),HIGH (0.7-1.0)
2026-01-08,430,170,2.74,1.58,1428,947,115,90.0,24,25,2065,972.0,6290,60.77,6.0,2026,0.08053221288515407,0.20869565217391303,1.446078431372549,0.6631652661064426,1.2777777777777777,EXHAUSTION,0.0,0.0,0.0,3,NORMAL (15-25%),ACCELERATING (1.2-1.5),WEAK (1-2x),ELEVATED (0.5-0.7)
2026-01-09,296,166,2.65,1.59,1465,944,135,101.0,27,26,2063,948.0,6294,61.96,6.0,2026,0.09215017064846416,0.2,1.4081911262798634,0.6443686006825938,1.3366336633663367,EXHAUSTION,0.0,0.0,0.0,4,NORMAL (15-25%),ACCELERATING (1.2-1.5),WEAK (1-2x),ELEVATED (0.5-0.7)
2026-01-12,354,180,2.22,1.75,1514,924,133,84.0,28,24,1883,934.0,6293,61.83,6.0,2026,0.08784676354029063,0.21052631578947367,1.2437252311756934,0.6103038309114928,1.5833333333333333,EXHAUSTION,0.0,0.0,0.0,3,NORMAL (15-25%),ACCELERATING (1.2-1.5),WEAK (1-2x),ELEVATED (0.5-0.7)
2026-01-13,223,245,1.73,1.97,1518,924,155,75.0,34,22,1792,972.0,6294,62.21,6.0,2026,0.10210803689064558,0.21935483870967742,1.1805006587615283,0.6086956521739131,2.066666666666667,EXHAUSTION,0.0,0.0,0.0,5,NORMAL (15-25%),SLIGHT ACCEL (1.0-1.2),MODERATE (2-3x),ELEVATED (0.5-0.7)
2026-01-14,308,155,1.76,2.08,1539,913,203,61.0,58,18,1763,964.0,6297,65.02,6.0,2026,0.13190383365821962,0.2857142857142857,1.1455490578297596,0.5932423651721898,3.3278688524590163,EXHAUSTION,0.0,0.0,0.0,7,ELEVATED (25-35%),SLIGHT ACCEL (1.0-1.2),STRONG (3-5x),ELEVATED (0.5-0.7)
2026-01-15,288,190,1.57,2.12,1598,922,213,60.0,55,18,1802,1016.0,6297,66.92,6.0,2026,0.1332916145181477,0.25821596244131456,1.127659574468085,0.5769712140175219,3.55,EXHAUSTION,0.0,0.0,0.0,7,ELEVATED (25-35%),SLIGHT ACCEL (1.0-1.2),STRONG (3-5x),ELEVATED (0.5-0.7)
2026-01-16,232,211,1.43,1.98,1561,936,248,65.0,78,20,1778,1065.0,6300,65.27,6.0,2026,0.15887251761691223,0.31451612903225806,1.1390134529147982,0.5996156310057655,3.8153846153846156,NEUTRAL,0.0,0.0,0.0,8,ELEVATED (25-35%),SLIGHT ACCEL (1.0-1.2),STRONG (3-5x),ELEVATED (0.5-0.7)
2026-01-20,229,447,1.03,1.5,1426,1001,223,74.0,61,21,1571,1183.0,6301,58.64,6.0,2026,0.15638148667601684,0.273542600896861,1.1016830294530153,0.7019635343618513,3.0135135135135136,NEUTRAL,0.0,0.0,0.0,8,ELEVATED (25-35%),SLIGHT ACCEL (1.0-1.2),STRONG (3-5x),HIGH (0.7-1.0)
2026-01-21,536,140,1.39,1.55,1587,958,222,69.0,53,21,1814,1101.0,6300,64.54,6.0,2026,0.13988657844990549,0.23873873873873874,1.143037177063642,0.6036546943919344,3.217391304347826,EXHAUSTION,0.0,0.0,0.0,7,NORMAL (15-25%),SLIGHT ACCEL (1.0-1.2),STRONG (3-5x),ELEVATED (0.5-0.7)
2026-01-22,438,83,1.61,1.68,1659,890,215,61.0,44,22,1897,997.0,6302,64.89,6.0,2026,0.1295961422543701,0.20465116279069767,1.1434599156118144,0.5364677516576251,3.5245901639344264,EXHAUSTION,0.0,0.0,0.0,7,NORMAL (15-25%),SLIGHT ACCEL (1.0-1.2),STRONG (3-5x),ELEVATED (0.5-0.7)
2026-01-23,178,189,1.51,1.54,1552,919,196,60.0,43,17,1731,1081.0,6309,61.48,6.0,2026,0.12628865979381443,0.2193877551020408,1.1153350515463918,0.592139175257732,3.2666666666666666,EXHAUSTION,0.0,0.0,0.0,6,NORMAL (15-25%),SLIGHT ACCEL (1.0-1.2),STRONG (3-5x),ELEVATED (0.5-0.7)
2026-01-26,159,307,1.32,1.37,1489,944,159,78.0,35,20,1649,1178.0,6312,61.22,6.0,2026,0.10678307588985897,0.22012578616352202,1.1074546675621222,0.6339825386165212,2.0384615384615383,EXHAUSTION,0.0,0.0,0.0,5,NORMAL (15-25%),SLIGHT ACCEL (1.0-1.2),MODERATE (2-3x),ELEVATED (0.5-0.7)
2026-01-27,253,166,1.77,1.33,1497,939,224,77.0,48,21,1659,1168.0,6320,59.34,6.0,2026,0.14963259853039412,0.21428571428571427,1.1082164328657316,0.627254509018036,2.909090909090909,EXHAUSTION,0.0,0.0,0.0,8,NORMAL (15-25%),SLIGHT ACCEL (1.0-1.2),MODERATE (2-3x),ELEVATED (0.5-0.7)
2026-01-28,174,309,1.14,1.27,1434,975,240,80.0,59,20,1547,1275.0,6327,55.4,6.0,2026,0.16736401673640167,0.24583333333333332,1.0788005578800557,0.6799163179916318,3.0,NEUTRAL,0.0,0.0,0.0,8,NORMAL (15-25%),SLIGHT ACCEL (1.0-1.2),MODERATE (2-3x),ELEVATED (0.5-0.7)
2026-01-29,211,411,0.71,1.1,1449,1014,245,84.0,52,25,1493,1355.0,6331,58.0,6.0,2026,0.16908212560386474,0.21224489795918366,1.0303657694962043,0.6997929606625258,2.9166666666666665,NEUTRAL,0.0,0.0,0.0,8,NORMAL (15-25%),SLIGHT ACCEL (1.0-1.2),MODERATE (2-3x),ELEVATED (0.5-0.7)
2026-01-30,152,458,0.57,0.94,1325,1081,180,98.0,35,23,1359,1603.0,6334,55.37,6.0,2026,0.13584905660377358,0.19444444444444445,1.0256603773584905,0.8158490566037736,1.836734693877551,EXHAUSTION,0.0,0.0,0.0,7,NORMAL (15-25%),SLIGHT ACCEL (1.0-1.2),WEAK (1-2x),HIGH (0.7-1.0)
2026-02-02,274,200,0.69,0.96,1414,1060,175,106.0,31,24,1476,1526.0,6341,55.42,6.0,2026,0.12376237623762376,0.17714285714285713,1.043847241867044,0.7496463932107497,1.650943396226415,EXHAUSTION,0.0,0.0,0.0,6,NORMAL (15-25%),SLIGHT ACCEL (1.0-1.2),WEAK (1-2x),HIGH (0.7-1.0)
2026-02-03,326,537,0.59,0.96,1448,1096,185,158.0,31,27,1562,1582.0,6337,55.88,6.0,2026,0.1277624309392265,0.16756756756756758,1.078729281767956,0.7569060773480663,1.1708860759493671,EXHAUSTION,0.0,0.0,0.0,6,NORMAL (15-25%),SLIGHT ACCEL (1.0-1.2),WEAK (1-2x),HIGH (0.7-1.0)
2026-02-04,279,505,0.59,0.77,1426,1146,129,190.0,20,31,1598,1667.0,6334,57.83,6.0,2026,0.09046283309957924,0.15503875968992248,1.120617110799439,0.8036465638148668,0.6789473684210526,EXHAUSTION,0.0,0.0,0.0,4,NORMAL (15-25%),SLIGHT ACCEL (1.0-1.2),NEGATIVE (<1x),HIGH (0.7-1.0)
2026-02-05,98,748,0.46,0.55,1278,1331,117,300.0,18,39,1423,1898.0,6339,53.47,6.0,2026,0.09154929577464789,0.15384615384615385,1.1134585289514867,1.041471048513302,0.39,EXHAUSTION,0.0,0.0,0.0,4,NORMAL (15-25%),SLIGHT ACCEL (1.0-1.2),NEGATIVE (<1x),EXTREME (>1.0)
2026-02-06,638,81,0.78,0.69,1511,1155,160,218.0,29,35,1826,1698.0,6345,59.91,6.0,2026,0.10589013898080742,0.18125,1.2084712111184646,0.7643944407677035,0.7339449541284404,EXHAUSTION,0.0,0.0,0.0,5,NORMAL (15-25%),ACCELERATING (1.2-1.5),NEGATIVE (<1x),HIGH (0.7-1.0)
2026-02-09,296,135,0.82,0.76,1548,1120,162,215.0,29,33,1896,1623.0,6350,59.96,6.0,2026,0.10465116279069768,0.17901234567901234,1.2248062015503876,0.7235142118863049,0.7534883720930232,EXHAUSTION,0.0,0.0,0.0,5,NORMAL (15-25%),ACCELERATING (1.2-1.5),NEGATIVE (<1x),HIGH (0.7-1.0)
2026-02-10,214,189,0.92,0.75,1518,1128,136,230.0,24,38,1885,1614.0,6352,61.58,6.0,2026,0.08959156785243742,0.17647058823529413,1.2417654808959158,0.7430830039525692,0.591304347826087,EXHAUSTION,0.0,0.0,0.0,4,NORMAL (15-25%),ACCELERATING (1.2-1.5),NEGATIVE (<1x),HIGH (0.7-1.0)
2026-02-11,227,461,0.91,0.73,1513,1191,142,261.0,26,40,1780,1702.0,6353,58.25,6.0,2026,0.09385327164573695,0.18309859154929578,1.1764705882352942,0.7871777924653007,0.5440613026819924,EXHAUSTION,0.0,0.0,0.0,4,NORMAL (15-25%),SLIGHT ACCEL (1.0-1.2),NEGATIVE (<1x),HIGH (0.7-1.0)
2026-02-12,121,674,0.97,0.66,1361,1288,107,342.0,22,46,1580,1873.0,6360,53.85,6.0,2026,0.07861866274797942,0.205607476635514,1.1609110947832477,0.9463629684055841,0.3128654970760234,EXHAUSTION,0.0,0.0,0.0,3,NORMAL (15-25%),SLIGHT ACCEL (1.0-1.2),NEGATIVE (<1x),HIGH (0.7-1.0)
2026-02-13,288,116,0.73,0.76,1430,1254,103,311.0,22,39,1738,1784.0,6364,55.47,6.0,2026,0.07202797202797202,0.21359223300970873,1.2153846153846153,0.8769230769230769,0.3311897106109325,EXHAUSTION,0.0,0.0,0.0,2,NORMAL (15-25%),ACCELERATING (1.2-1.5),NEGATIVE (<1x),HIGH (0.7-1.0)
2026-02-17,220,250,0.63,0.73,1408,1245,119,313.0,23,44,1739,1799.0,6363,55.91,6.0,2026,0.08451704545454546,0.19327731092436976,1.2350852272727273,0.8842329545454546,0.3801916932907348,EXHAUSTION,0.0,0.0,0.0,3,NORMAL (15-25%),ACCELERATING (1.2-1.5),NEGATIVE (<1x),HIGH (0.7-1.0)
2026-02-18,319,107,0.73,0.83,1442,1172,133,235.0,25,37,1775,1713.0,6360,57.22,6.0,2026,0.09223300970873786,0.18796992481203006,1.2309292649098473,0.812760055478502,0.5659574468085107,EXHAUSTION,0.0,0.0,0.0,4,NORMAL (15-25%),ACCELERATING (1.2-1.5),NEGATIVE (<1x),HIGH (0.7-1.0)
2026-02-19,288,145,0.96,0.93,1450,1145,86,258.0,24,36,1832,1690.0,6363,55.61,6.0,2026,0.05931034482758621,0.27906976744186046,1.2634482758620689,0.7896551724137931,0.3333333333333333,EXHAUSTION,0.0,0.0,0.0,1,ELEVATED (25-35%),ACCELERATING (1.2-1.5),NEGATIVE (<1x),HIGH (0.7-1.0)
2026-02-20,189,236,1.53,1.17,1463,1175,106,320.0,22,42,1805,1698.0,6364,56.25,6.0,2026,0.07245386192754613,0.20754716981132076,1.2337662337662338,0.8031442241968558,0.33125,EXHAUSTION,0.0,0.0,0.0,2,NORMAL (15-25%),ACCELERATING (1.2-1.5),NEGATIVE (<1x),HIGH (0.7-1.0)
2026-02-23,142,590,0.87,0.79,1325,1260,112,361.0,28,49,1552,1808.0,6365,50.38,6.0,2026,0.08452830188679246,0.25,1.171320754716981,0.9509433962264151,0.31024930747922436,EXHAUSTION,0.0,0.0,0.0,3,NORMAL (15-25%),SLIGHT ACCEL (1.0-1.2),NEGATIVE (<1x),HIGH (0.7-1.0)
2026-02-24,383,97,1.12,0.83,1394,1202,139,289.0,31,41,1687,1713.0,6366,51.11,6.0,2026,0.09971305595408896,0.22302158273381295,1.2101865136298422,0.8622668579626973,0.4809688581314879,EXHAUSTION,0.0,0.0,0.0,5,NORMAL (15-25%),ACCELERATING (1.2-1.5),NEGATIVE (<1x),HIGH (0.7-1.0)
2026-02-25,404,141,1.16,0.92,1463,1147,132,254.0,30,36,1801,1646.0,6365,52.27,6.0,2026,0.09022556390977443,0.22727272727272727,1.2310321257689678,0.7840054682159945,0.5196850393700787,EXHAUSTION,0.0,0.0,0.0,4,NORMAL (15-25%),ACCELERATING (1.2-1.5),NEGATIVE (<1x),HIGH (0.7-1.0)
2026-02-26,414,174,1.24,1.09,1400,1102,145,207.0,27,31,1871,1611.0,6370,54.38,6.0,2026,0.10357142857142858,0.18620689655172415,1.3364285714285715,0.7871428571428571,0.7004830917874396,EXHAUSTION,0.0,0.0,0.0,5,NORMAL (15-25%),ACCELERATING (1.2-1.5),NEGATIVE (<1x),HIGH (0.7-1.0)
2026-02-27,201,483,1.04,1.22,1310,1150,136,220.0,30,33,1690,1690.0,6380,48.89,6.0,2026,0.10381679389312977,0.22058823529411764,1.2900763358778626,0.8778625954198473,0.6181818181818182,EXHAUSTION,0.0,0.0,0.0,5,NORMAL (15-25%),ACCELERATING (1.2-1.5),NEGATIVE (<1x),HIGH (0.7-1.0)
2026-03-02,355,176,1.64,1.22,1300,1127,192,168.0,38,30,1737,1641.0,6381,49.48,6.0,2026,0.1476923076923077,0.19791666666666666,1.3361538461538462,0.8669230769230769,1.1428571428571428,EXHAUSTION,0.0,0.0,0.0,7,NORMAL (15-25%),ACCELERATING (1.2-1.5),WEAK (1-2x),HIGH (0.7-1.0)
2026-03-03,137,446,1.06,1.09,1166,1165,137,163.0,32,29,1511,1771.0,6379,45.21,6.0,2026,0.11749571183533447,0.23357664233576642,1.2958833619210979,0.9991423670668954,0.8404907975460123,EXHAUSTION,0.0,0.0,0.0,6,NORMAL (15-25%),ACCELERATING (1.2-1.5),NEGATIVE (<1x),HIGH (0.7-1.0)
2026-03-04,381,79,1.1,1.13,1262,1104,154,134.0,32,27,1670,1662.0,6383,46.76,6.0,2026,0.12202852614896989,0.2077922077922078,1.323296354992076,0.8748019017432647,1.1492537313432836,EXHAUSTION,0.0,0.0,0.0,6,NORMAL (15-25%),ACCELERATING (1.2-1.5),WEAK (1-2x),HIGH (0.7-1.0)
2026-03-05,213,407,0.81,1.0,1196,1125,141,126.0,34,24,1524,1822.0,6382,41.3,6.0,2026,0.11789297658862877,0.24113475177304963,1.274247491638796,0.9406354515050167,1.119047619047619,EXHAUSTION,0.0,0.0,0.0,6,NORMAL (15-25%),ACCELERATING (1.2-1.5),WEAK (1-2x),HIGH (0.7-1.0)
2026-03-06,141,388,0.82,0.93,1061,1186,173,118.0,43,20,1366,2017.0,6384,33.82,6.0,2026,0.16305372290292178,0.24855491329479767,1.2874646559849199,1.117813383600377,1.4661016949152543,NEUTRAL,0.0,0.0,0.0,8,NORMAL (15-25%),ACCELERATING (1.2-1.5),WEAK (1-2x),EXTREME (>1.0)
2026-03-09,363,159,0.84,1.17,1103,1176,137,167.0,33,21,1414,1938.0,6386,32.56,6.0,2026,0.1242067089755213,0.24087591240875914,1.2819582955575703,1.0661831368993653,0.8203592814371258,EXHAUSTION,0.0,0.0,0.0,6,NORMAL (15-25%),ACCELERATING (1.2-1.5),NEGATIVE (<1x),EXTREME (>1.0)
2026-03-10,244,173,1.11,1.09,1107,1194,129,164.0,31,22,1350,1978.0,6388,31.58,6.0,2026,0.11653116531165311,0.24031007751937986,1.2195121951219512,1.0785907859078592,0.7865853658536586,EXHAUSTION,0.0,0.0,0.0,6,NORMAL (15-25%),ACCELERATING (1.2-1.5),NEGATIVE (<1x),EXTREME (>1.0)
2026-03-11,223,156,0.92,1.01,1128,1199,117,173.0,33,21,1383,2056.0,6388,29.98,6.0,2026,0.10372340425531915,0.28205128205128205,1.226063829787234,1.0629432624113475,0.6763005780346821,EXHAUSTION,0.0,0.0,0.0,5,ELEVATED (25-35%),ACCELERATING (1.2-1.5),NEGATIVE (<1x),EXTREME (>1.0)
2026-03-12,152,635,0.74,0.78,1023,1329,112,208.0,25,25,1226,2289.0,6389,25.47,6.0,2026,0.10948191593352884,0.22321428571428573,1.198435972629521,1.2991202346041055,0.5384615384615384,EXHAUSTION,0.0,0.0,0.0,5,NORMAL (15-25%),SLIGHT ACCEL (1.0-1.2),NEGATIVE (<1x),EXTREME (>1.0)
2026-03-13,124,284,0.79,0.8,966,1385,131,173.0,24,25,1153,2379.0,6391,23.16,6.0,2026,0.13561076604554864,0.183206106870229,1.1935817805383022,1.4337474120082816,0.7572254335260116,EXHAUSTION,0.0,0.0,0.0,7,NORMAL (15-25%),SLIGHT ACCEL (1.0-1.2),NEGATIVE (<1x),EXTREME (>1.0)
2026-03-16,294,128,0.75,0.8,1000,1340,122,173.0,24,24,1205,2240.0,6394,25.09,6.0,2026,0.122,0.19672131147540983,1.205,1.34,0.7052023121387283,EXHAUSTION,0.0,0.0,0.0,6,NORMAL (15-25%),ACCELERATING (1.2-1.5),NEGATIVE (<1x),EXTREME (>1.0)
2026-03-17,274,141,0.79,0.94,1029,1315,131,154.0,24,25,1239,2157.0,6393,26.75,6.0,2026,0.12730806608357628,0.183206106870229,1.2040816326530612,1.2779397473275025,0.8506493506493507,EXHAUSTION,0.0,0.0,0.16666666666666674,6,NORMAL (15-25%),ACCELERATING (1.2-1.5),NEGATIVE (<1x),EXTREME (>1.0)
2026-03-18,110,486,0.57,0.72,927,1428,104,186.0,22,27,1099,2353.0,6395,22.87,6.0,2026,0.1121898597626753,0.21153846153846154,1.1855447680690399,1.5404530744336569,0.5591397849462365,EXHAUSTION,0.0,0.0,0.16666666666666674,5,NORMAL (15-25%),SLIGHT ACCEL (1.0-1.2),NEGATIVE (<1x),EXTREME (>1.0)
2026-03-19,184,263,0.76,0.75,934,1453,104,200.0,19,30,1110,2285.0,6395,22.54,6.0,2026,0.11134903640256959,0.18269230769230768,1.1884368308351179,1.5556745182012848,0.52,EXHAUSTION,0.0,0.0,0.16666666666666674,5,NORMAL (15-25%),SLIGHT ACCEL (1.0-1.2),NEGATIVE (<1x),EXTREME (>1.0)
2026-03-20,146,662,0.6,0.68,829,1572,88,260.0,22,29,950,2505.0,6395,16.74,6.0,2026,0.10615199034981906,0.25,1.1459589867310012,1.8962605548854041,0.3384615384615385,EXHAUSTION,0.0,0.0,0.16666666666666674,5,NORMAL (15-25%),SLIGHT ACCEL (1.0-1.2),NEGATIVE (<1x),EXTREME (>1.0)
2026-03-23,235,85,0.58,0.66,947,1420,124,163.0,26,21,1111,2212.0,6404,20.99,6.0,2026,0.13093980992608237,0.20967741935483872,1.1731784582893348,1.4994720168954594,0.7607361963190185,EXHAUSTION,0.0,0.0,0.16666666666666674,7,NORMAL (15-25%),SLIGHT ACCEL (1.0-1.2),NEGATIVE (<1x),EXTREME (>1.0)
2026-03-24,223,285,0.5,0.63,951,1474,105,195.0,28,28,1110,2236.0,6402,22.97,6.0,2026,0.11041009463722397,0.26666666666666666,1.167192429022082,1.5499474237644584,0.5384615384615384,EXHAUSTION,0.0,0.0,0.16666666666666674,5,ELEVATED (25-35%),SLIGHT ACCEL (1.0-1.2),NEGATIVE (<1x),EXTREME (>1.0)
2026-03-25,320,113,0.79,0.67,996,1393,106,164.0,26,25,1211,2068.0,6401,24.53,6.0,2026,0.10642570281124498,0.24528301886792453,1.215863453815261,1.3985943775100402,0.6463414634146342,EXHAUSTION,0.0,0.0,0.16666666666666674,5,NORMAL (15-25%),ACCELERATING (1.2-1.5),NEGATIVE (<1x),EXTREME (>1.0)
2026-03-26,146,331,0.72,0.74,919,1442,102,226.0,25,26,1010,2223.0,6399,22.12,6.0,2026,0.11099020674646355,0.24509803921568626,1.0990206746463547,1.5690968443960827,0.45132743362831856,EXHAUSTION,0.0,0.0,0.16666666666666674,5,NORMAL (15-25%),SLIGHT ACCEL (1.0-1.2),NEGATIVE (<1x),EXTREME (>1.0)
2026-03-27,112,624,0.72,0.66,832,1610,90,226.0,23,22,880,2482.0,6401,19.24,6.0,2026,0.10817307692307693,0.25555555555555554,1.0576923076923077,1.9350961538461537,0.39823008849557523,EXHAUSTION,0.0,0.0,0.16666666666666674,5,ELEVATED (25-35%),SLIGHT ACCEL (1.0-1.2),NEGATIVE (<1x),EXTREME (>1.0)
2026-03-30,120,435,0.52,0.55,777,1657,67,278.0,12,25,819,2516.0,6398,19.52,6.0,2026,0.08622908622908623,0.1791044776119403,1.054054054054054,2.1325611325611327,0.24100719424460432,EXHAUSTION,0.0,0.0,0.16666666666666674,3,NORMAL (15-25%),SLIGHT ACCEL (1.0-1.2),NEGATIVE (<1x),EXTREME (>1.0)
2026-03-31,885,83,1.0,0.74,915,1442,83,142.0,20,25,1120,2074.0,6399,23.37,6.0,2026,0.0907103825136612,0.24096385542168675,1.2240437158469946,1.5759562841530055,0.5845070422535211,EXHAUSTION,0.0,0.16666666666666674,0.16666666666666674,4,NORMAL (15-25%),ACCELERATING (1.2-1.5),NEGATIVE (<1x),EXTREME (>1.0)
2026-04-01,298,160,0.96,0.88,987,1400,71,162.0,21,30,1271,1942.0,6400,25.22,6.0,2026,0.07193515704154002,0.29577464788732394,1.28774062816616,1.4184397163120568,0.4382716049382716,EXHAUSTION,0.0,0.16666666666666674,0.16666666666666674,2,ELEVATED (25-35%),ACCELERATING (1.2-1.5),NEGATIVE (<1x),EXTREME (>1.0)
2026-04-02,240,92,1.19,0.95,1016,1379,96,138.0,26,28,1362,1863.0,6394,27.47,6.0,2026,0.09448818897637795,0.2708333333333333,1.3405511811023623,1.3572834645669292,0.6956521739130435,EXHAUSTION,0.0,0.16666666666666674,0.16666666666666674,4,ELEVATED (25-35%),ACCELERATING (1.2-1.5),NEGATIVE (<1x),EXTREME (>1.0)
2026-04-06,248,122,2.01,1.21,1063,1363,110,108.0,24,35,1426,1788.0,6396,30.99,6.0,2026,0.10348071495766697,0.21818181818181817,1.341486359360301,1.2822201317027282,1.0185185185185186,EXHAUSTION,0.0,0.16666666666666674,0.16666666666666674,5,NORMAL (15-25%),ACCELERATING (1.2-1.5),WEAK (1-2x),EXTREME (>1.0)
2026-04-07,162,214,2.73,1.12,1008,1381,90,128.0,25,34,1360,1814.0,6394,31.87,6.0,2026,0.08928571428571429,0.2777777777777778,1.3492063492063493,1.3700396825396826,0.703125,EXHAUSTION,0.0,0.16666666666666674,0.16666666666666674,4,ELEVATED (25-35%),ACCELERATING (1.2-1.5),NEGATIVE (<1x),EXTREME (>1.0)
2026-04-08,834,164,2.37,1.44,1105,1270,100,116.0,19,36,1734,1569.0,6393,43.91,6.0,2026,0.09049773755656108,0.19,1.5692307692307692,1.1493212669683257,0.8620689655172413,EXHAUSTION,0.16666666666666674,0.16666666666666674,0.16666666666666674,4,NORMAL (15-25%),STRONG ACCEL (>1.5),NEGATIVE (<1x),EXTREME (>1.0)
2026-04-09,233,199,2.17,1.35,1165,1265,126,117.0,29,31,1880,1548.0,6392,46.65,6.0,2026,0.10815450643776824,0.23015873015873015,1.613733905579399,1.0858369098712446,1.0769230769230769,EXHAUSTION,0.16666666666666674,0.16666666666666674,0.16666666666666674,5,NORMAL (15-25%),STRONG ACCEL (>1.5),WEAK (1-2x),EXTREME (>1.0)
2026-04-10,159,239,1.74,1.41,1141,1293,158,113.0,28,29,1721,1591.0,6390,45.39,6.0,2026,0.13847502191060473,0.17721518987341772,1.5083260297984225,1.133216476774759,1.3982300884955752,EXHAUSTION,0.16666666666666674,0.16666666666666674,0.16666666666666674,7,NORMAL (15-25%),STRONG ACCEL (>1.5),WEAK (1-2x),EXTREME (>1.0)
2026-04-13,543,80,2.16,2.08,1238,1203,195,79.0,38,29,1982,1392.0,6393,50.31,6.0,2026,0.15751211631663975,0.19487179487179487,1.6009693053311793,0.9717285945072698,2.4683544303797467,NEUTRAL,0.16666666666666674,0.16666666666666674,0.16666666666666674,8,NORMAL (15-25%),STRONG ACCEL (>1.5),MODERATE (2-3x),HIGH (0.7-1.0)
2026-04-14,420,130,2.7,2.71,1328,1126,191,74.0,39,26,2135,1302.0,6396,53.21,6.0,2026,0.1438253012048193,0.20418848167539266,1.6076807228915662,0.8478915662650602,2.581081081081081,EXHAUSTION,0.16666666666666674,0.16666666666666674,,7,NORMAL (15-25%),STRONG ACCEL (>1.5),MODERATE (2-3x),HIGH (0.7-1.0)
2026-04-15,463,118,2.37,2.37,1406,1076,185,61.0,43,18,2236,1172.0,6398,54.22,7.0,2026,0.13157894736842105,0.23243243243243245,1.5903271692745378,0.7652916073968705,3.0327868852459017,EXHAUSTION,0.0,0.0,,7,NORMAL (15-25%),STRONG ACCEL (>1.5),STRONG (3-5x),HIGH (0.7-1.0)
2026-04-16,299,141,2.66,2.4,1433,1043,242,57.0,57,17,2225,1104.0,6403,55.75,7.0,2026,0.1688764829030007,0.23553719008264462,1.5526866713189114,0.7278436845778088,4.245614035087719,NEUTRAL,0.0,0.0,,8,NORMAL (15-25%),STRONG ACCEL (>1.5),STRONG (3-5x),HIGH (0.7-1.0)
2026-04-17,624,143,3.84,2.57,1597,947,316,48.0,57,16,2590,963.0,6407,62.75,7.0,2026,0.19787100814026298,0.18037974683544303,1.6217908578584848,0.5929868503443957,6.583333333333333,NEUTRAL,0.0,0.0,,9,NORMAL (15-25%),STRONG ACCEL (>1.5),VERY STRONG (>5x),ELEVATED (0.5-0.7)
2026-04-20,262,108,3.23,2.6,1638,920,451,46.0,89,16,2631,886.0,6415,62.99,7.0,2026,0.27533577533577536,0.1973392461197339,1.6062271062271063,0.5616605616605617,9.804347826086957,MID_BULL,0.0,0.0,,9,NORMAL (15-25%),STRONG ACCEL (>1.5),VERY STRONG (>5x),ELEVATED (0.5-0.7)
2026-04-21,180,362,2.1,2.39,1515,978,304,49.0,70,19,2378,984.0,6416,59.23,7.0,2026,0.20066006600660066,0.23026315789473684,1.5696369636963696,0.6455445544554456,6.204081632653061,NEUTRAL,0.0,0.0,,9,NORMAL (15-25%),STRONG ACCEL (>1.5),VERY STRONG (>5x),ELEVATED (0.5-0.7)
2026-04-22,325,125,1.92,2.13,1605,923,354,50.0,78,19,2436,854.0,6415,59.55,7.0,2026,0.2205607476635514,0.22033898305084745,1.5177570093457944,0.5750778816199377,7.08,NEUTRAL,0.0,0.0,,9,NORMAL (15-25%),STRONG ACCEL (>1.5),VERY STRONG (>5x),ELEVATED (0.5-0.7)
2026-04-23,157,496,1.25,1.77,1471,1026,252,50.0,58,17,2244,992.0,6416,59.03,7.0,2026,0.17131203263086336,0.23015873015873015,1.5254928619986403,0.6974847042828008,5.04,NEUTRAL,0.0,0.0,,8,NORMAL (15-25%),STRONG ACCEL (>1.5),VERY STRONG (>5x),ELEVATED (0.5-0.7)
2026-04-24,224,161,0.92,1.88,1501,1007,332,48.0,85,23,2242,997.0,6416,59.47,7.0,2026,0.2211858760826116,0.2560240963855422,1.4936708860759493,0.6708860759493671,6.916666666666667,NEUTRAL,0.0,0.0,,9,ELEVATED (25-35%),ACCELERATING (1.2-1.5),VERY STRONG (>5x),ELEVATED (0.5-0.7)
2026-04-27,206,158,0.84,1.63,1497,1008,405,49.0,102,24,2273,975.0,6417,60.02,7.0,2026,0.27054108216432865,0.2518518518518518,1.5183700734802938,0.6733466933867736,8.26530612244898,MID_BULL,0.0,0.0,,9,ELEVATED (25-35%),STRONG ACCEL (>1.5),VERY STRONG (>5x),ELEVATED (0.5-0.7)
2026-04-28,156,295,0.86,1.37,1442,1044,423,46.0,101,21,2199,1039.0,6418,60.56,7.0,2026,0.2933425797503467,0.23877068557919623,1.5249653259361997,0.723994452149792,9.195652173913043,MID_BULL,0.0,,,9,NORMAL (15-25%),STRONG ACCEL (>1.5),VERY STRONG (>5x),HIGH (0.7-1.0)
2026-04-29,172,409,0.6,1.09,1332,1117,281,54.0,70,23,1989,1174.0,6419,54.88,7.0,2026,0.21096096096096095,0.2491103202846975,1.4932432432432432,0.8385885885885885,5.203703703703703,NEUTRAL,0.0,,,9,NORMAL (15-25%),ACCELERATING (1.2-1.5),VERY STRONG (>5x),HIGH (0.7-1.0)
2026-04-30,559,116,1.16,1.21,1466,999,323,47.0,90,22,2183,1001.0,6425,60.03,7.0,2026,0.2203274215552524,0.2786377708978328,1.4890859481582537,0.6814461118690314,6.872340425531915,NEUTRAL,0.0,,,9,ELEVATED (25-35%),ACCELERATING (1.2-1.5),VERY STRONG (>5x),ELEVATED (0.5-0.7)
2026-05-01,342,122,1.3,1.1,1526,941,323,52.0,90,20,2283,963.0,6429,59.19,7.0,2026,0.21166448230668414,0.2786377708978328,1.4960681520314547,0.6166448230668414,6.211538461538462,NEUTRAL,0.0,,,9,ELEVATED (25-35%),ACCELERATING (1.2-1.5),VERY STRONG (>5x),ELEVATED (0.5-0.7)
2026-05-04,262,308,1.19,1.01,1492,958,311,50.0,94,20,2133,1046.0,6428,55.22,7.0,2026,0.2084450402144772,0.3022508038585209,1.4296246648793565,0.6420911528150134,6.22,NEUTRAL,0.0,,,9,ELEVATED (25-35%),ACCELERATING (1.2-1.5),VERY STRONG (>5x),ELEVATED (0.5-0.7)
2026-05-05,368,199,1.48,1.16,1569,919,350,50.0,109,21,2271,976.0,6428,56.91,7.0,2026,0.22307202039515614,0.31142857142857144,1.4474187380497132,0.58572339069471,7.0,NEUTRAL,,,,9,ELEVATED (25-35%),ACCELERATING (1.2-1.5),VERY STRONG (>5x),ELEVATED (0.5-0.7)
2026-05-06,631,309,2.05,1.2,1626,844,326,62.0,109,21,2362,935.0,6428,60.64,7.0,2026,0.2004920049200492,0.3343558282208589,1.4526445264452645,0.5190651906519065,5.258064516129032,NEUTRAL,,,,9,ELEVATED (25-35%),ACCELERATING (1.2-1.5),VERY STRONG (>5x),ELEVATED (0.5-0.7)
2026-05-07,311,380,1.45,1.32,1572,884,316,74.0,91,23,2257,1049.0,6434,57.15,7.0,2026,0.2010178117048346,0.2879746835443038,1.4357506361323156,0.5623409669211196,4.27027027027027,NEUTRAL,,,,9,ELEVATED (25-35%),ACCELERATING (1.2-1.5),STRONG (3-5x),ELEVATED (0.5-0.7)
2026-05-08,319,229,1.33,1.32,1605,896,363,81.0,113,21,2164,1114.0,6436,57.01,7.0,2026,0.2261682242990654,0.31129476584022037,1.3482866043613708,0.5582554517133956,4.481481481481482,NEUTRAL,,,,9,ELEVATED (25-35%),ACCELERATING (1.2-1.5),STRONG (3-5x),ELEVATED (0.5-0.7)
2026-05-11,351,404,1.3,1.25,1531,950,294,98.0,104,26,2059,1229.0,6433,52.72,7.0,2026,0.19203135205747876,0.35374149659863946,1.3448726322664926,0.6205094709340301,3.0,NEUTRAL,,,,9,HIGH (35-50%),ACCELERATING (1.2-1.5),MODERATE (2-3x),ELEVATED (0.5-0.7)
